league_id,league,league_type,player_id,player,position,nfl_team,roster_state,cut_score,cut_tier,depth_chart_order,injury_status,external_rostered_leagues,recent_adds,recent_drops,reasons,league_rank,consensus_ecr,consensus_rank_type,consensus_owned_avg,consensus_scrape_date,quality_source,cut_score_before_keeper,keeper_round_surplus,keeper_round
1389740418316374016,10-Team Redraft — Big Tiger Takeover,redraft,9753,Zach Charbonnet,RB,SEA,BENCH,10.2,HOLD,4,PUP,4,1,0,consensus ECR 217.33 protected | buried on depth chart | strong cross-league market demand | inactive,1,217.33,ro,55.6,2026-10-02,FantasyPros consensus via DynastyProcess,,,
1389740418316374016,10-Team Redraft — Big Tiger Takeover,redraft,8142,Alec Pierce,WR,IND,IR,0.8,HOLD,10,IR,4,0,0,consensus ECR 115.83 protected | buried on depth chart | strong cross-league market demand | inactive,2,115.83,ro,70.4,2026-10-02,FantasyPros consensus via DynastyProcess,,,
1389740418316374016,10-Team Redraft — Big Tiger Takeover,redraft,11576,Braelon Allen,RB,NYJ,START,0,HOLD,1,,4,3,0,consensus ECR 187.33 protected | starter protected | strong cross-league market demand,3,187.33,ro,71.3,2026-10-02,FantasyPros consensus via DynastyProcess,,,
1389740418316374016,10-Team Redraft — Big Tiger Takeover,redraft,11533,Brandon Aubrey,K,DAL,START,0,HOLD,1,,2,0,0,consensus ECR 187 protected | starter protected | strong cross-league market demand,4,187.0,ro,99.1,2026-10-02,FantasyPros consensus via DynastyProcess,,,
1389740418316374016,10-Team Redraft — Big Tiger Takeover,redraft,9228,Bryce Young,QB,CAR,START,0,HOLD,1,,4,0,0,consensus ECR 107 protected | starter protected | strong cross-league market demand,5,107.0,ro,59.0,2026-10-02,FantasyPros consensus via DynastyProcess,,,
1389740418316374016,10-Team Redraft — Big Tiger Takeover,redraft,5001,Dalton Schultz,TE,HOU,START,0,HOLD,1,,4,1,0,consensus ECR 131.17 protected | starter protected | strong cross-league market demand,6,131.17,ro,68.4,2026-10-02,FantasyPros consensus via DynastyProcess,,,
1389740418316374016,10-Team Redraft — Big Tiger Takeover,redraft,13346,Denzel Boston,WR,CLE,BENCH,0,HOLD,1,,4,1,1,consensus ECR 79.5 protected | strong cross-league market demand,7,79.5,ro,64.0,2026-10-02,FantasyPros consensus via DynastyProcess,,,
1389740418316374016,10-Team Redraft — Big Tiger Takeover,redraft,7564,Ja'Marr Chase,WR,CIN,START,0,HOLD,1,,4,0,0,consensus ECR 4 protected | starter protected | strong cross-league market demand,8,4.0,ro,99.8,2026-10-02,FantasyPros consensus via DynastyProcess,,,
1389740418316374016,10-Team Redraft — Big Tiger Takeover,redraft,12533,Jacory Croskey-Merritt,RB,WAS,BENCH,0,HOLD,1,,4,0,0,consensus ECR 118.33 protected | strong cross-league market demand,9,118.33,ro,78.7,2026-10-02,FantasyPros consensus via DynastyProcess,,,
1389740418316374016,10-Team Redraft — Big Tiger Takeover,redraft,7588,Javonte Williams,RB,DAL,START,0,HOLD,1,,4,1,1,consensus ECR 24.33 protected | starter protected | strong cross-league market demand,10,24.33,ro,99.2,2026-10-02,FantasyPros consensus via DynastyProcess,,,
1389740418316374016,10-Team Redraft — Big Tiger Takeover,redraft,6797,Justin Herbert,QB,LAC,BENCH,0,HOLD,1,,4,0,0,consensus ECR 108.67 protected | strong cross-league market demand,11,108.67,ro,84.7,2026-10-02,FantasyPros consensus via DynastyProcess,,,
1389740418316374016,10-Team Redraft — Big Tiger Takeover,redraft,3634,Kalif Raymond,WR,CHI,START,0,HOLD,3,,4,3,0,consensus ECR 186.33 protected | starter protected | strong cross-league market demand,12,186.33,ro,42.3,2026-10-02,FantasyPros consensus via DynastyProcess,,,
1370453762442797056,18-Team Chopped — Surviving the Chamber,chopped,8800,Malik Davis,RB,DAL,IR,35,HOLD,5,IR,2,0,0,buried on depth chart | strong cross-league market demand | surplus RB depth | inactive,1,,ro,,,heuristic only,,,
1370453762442797056,18-Team Chopped — Surviving the Chamber,chopped,13075,Myles Price,WR,MIN,BENCH,31.9,HOLD,4,,0,0,0,buried on depth chart | little cross-league market demand,2,,ro,,,heuristic only,,,
1370453762442797056,18-Team Chopped — Surviving the Chamber,chopped,9753,Zach Charbonnet,RB,SEA,IR,9.5,HOLD,4,PUP,4,1,0,consensus ECR 217.33 protected | buried on depth chart | strong cross-league market demand | surplus RB depth | inactive,3,217.33,ro,55.6,2026-10-02,FantasyPros consensus via DynastyProcess,,,
1370453762442797056,18-Team Chopped — Surviving the Chamber,chopped,4147,Samaje Perine,RB,CIN,BENCH,3.0,HOLD,2,,1,1,0,consensus ECR 268.33 protected | surplus RB depth,4,268.33,ro,5.9,2026-10-02,FantasyPros consensus via DynastyProcess,,,
1370453762442797056,18-Team Chopped — Surviving the Chamber,chopped,9225,Tank Bigsby,RB,PHI,BENCH,0.4,HOLD,2,,2,1,2,consensus ECR 214.5 protected | strong cross-league market demand | surplus RB depth,5,214.5,ro,27.6,2026-10-02,FantasyPros consensus via DynastyProcess,,,
1370453762442797056,18-Team Chopped — Surviving the Chamber,chopped,4199,Aaron Jones,RB,MIN,START,0,HOLD,1,,4,0,0,consensus ECR 107.83 protected | starter protected | strong cross-league market demand | surplus RB depth,6,107.83,ro,85.3,2026-10-02,FantasyPros consensus via DynastyProcess,,,
1370453762442797056,18-Team Chopped — Surviving the Chamber,chopped,5846,DK Metcalf,WR,PIT,BENCH,0,HOLD,1,,4,0,0,consensus ECR 71.83 protected | strong cross-league market demand,7,71.83,ro,90.9,2026-10-02,FantasyPros consensus via DynastyProcess,,,
1370453762442797056,18-Team Chopped — Surviving the Chamber,chopped,11608,Isaiah Williams,WR,NYJ,START,0,HOLD,2,,1,1,0,starter protected,8,,ro,,,heuristic only,,,
1370453762442797056,18-Team Chopped — Surviving the Chamber,chopped,6770,Joe Burrow,QB,CIN,START,0,HOLD,1,,4,0,0,consensus ECR 48.33 protected | starter protected | strong cross-league market demand,9,48.33,ro,98.3,2026-10-02,FantasyPros consensus via DynastyProcess,,,
1370453762442797056,18-Team Chopped — Surviving the Chamber,chopped,6813,Jonathan Taylor,RB,IND,START,0,HOLD,1,,4,0,0,consensus ECR 5.67 protected | starter protected | strong cross-league market demand | surplus RB depth,10,5.67,ro,99.8,2026-10-02,FantasyPros consensus via DynastyProcess,,,
1370453762442797056,18-Team Chopped — Surviving the Chamber,chopped,11632,Malik Nabers,WR,NYG,START,0,HOLD,1,,4,0,0,consensus ECR 32.67 protected | starter protected | strong cross-league market demand,11,32.67,ro,98.6,2026-10-02,FantasyPros consensus via DynastyProcess,,,
1370453762442797056,18-Team Chopped — Surviving the Chamber,chopped,12472,Raheim Sanders,RB,CLE,BENCH,0,HOLD,2,,2,0,0,consensus ECR 291.2 protected | strong cross-league market demand | surplus RB depth,12,291.2,ro,3.0,2026-10-02,FantasyPros consensus via DynastyProcess,,,
1370218620990263296,12-Team Dynasty — One League to Rule Them All,dynasty,13342,John Michael Gyllenborg,TE,KC,TAXI,33.8,HOLD,6,IR,0,0,0,consensus ECR 434 protected | buried on depth chart | little cross-league market demand | surplus TE depth | young dynasty asset protected | inactive,1,434.0,dsf,1.8,2026-10-02,FantasyPros consensus via DynastyProcess,,,
1370218620990263296,12-Team Dynasty — One League to Rule Them All,dynasty,9481,Luke Musgrave,TE,GB,IR,31.2,HOLD,4,PUP,0,0,0,consensus ECR 321.67 protected | buried on depth chart | little cross-league market demand | surplus TE depth,2,321.67,dsf,0.8,2026-10-02,FantasyPros consensus via DynastyProcess,,,
1370218620990263296,12-Team Dynasty — One League to Rule Them All,dynasty,4950,Christian Kirk,WR,SF,IR,28.4,HOLD,7,IR,2,0,0,consensus ECR 267.8 protected | buried on depth chart | strong cross-league market demand | surplus WR depth | inactive,3,267.8,dsf,2.2,2026-10-02,FantasyPros consensus via DynastyProcess,,,
1370218620990263296,12-Team Dynasty — One League to Rule Them All,dynasty,8205,Isiah Pacheco,RB,DET,IR,28.4,HOLD,4,IR,2,0,0,consensus ECR 241 protected | buried on depth chart | strong cross-league market demand | surplus RB depth | inactive,4,241.0,dsf,23.4,2026-10-02,FantasyPros consensus via DynastyProcess,,,
1370218620990263296,12-Team Dynasty — One League to Rule Them All,dynasty,9502,Tank Dell,WR,HOU,IR,28.4,HOLD,6,IR,2,0,0,consensus ECR 231.4 protected | buried on depth chart | strong cross-league market demand | surplus WR depth | inactive,5,231.4,dsf,25.7,2026-10-02,FantasyPros consensus via DynastyProcess,,,
1370218620990263296,12-Team Dynasty — One League to Rule Them All,dynasty,12494,Kyle McCord,QB,MIA,BENCH,17.6,HOLD,3,,0,0,0,little cross-league market demand | young dynasty asset protected,6,,dsf,,,heuristic only,,,
1370218620990263296,12-Team Dynasty — One League to Rule Them All,dynasty,13353,Chris Brazzell,WR,CAR,TAXI,17.3,HOLD,10,IR,1,0,0,consensus ECR 220.6 protected | buried on depth chart | surplus WR depth | young dynasty asset protected | inactive,7,220.6,dsf,1.7,2026-10-02,FantasyPros consensus via DynastyProcess,,,
1370218620990263296,12-Team Dynasty — One League to Rule Them All,dynasty,12544,LeQuint Allen,RB,JAX,TAXI,13.7,HOLD,4,,0,0,0,consensus ECR 327 protected | buried on depth chart | little cross-league market demand | surplus RB depth | young dynasty asset protected,8,327.0,dsf,0.7,2026-10-02,FantasyPros consensus via DynastyProcess,,,
1370218620990263296,12-Team Dynasty — One League to Rule Them All,dynasty,5995,Justice Hill,RB,BAL,BENCH,11.4,HOLD,2,,0,0,0,consensus ECR 296.8 protected | little cross-league market demand | surplus RB depth,9,296.8,dsf,8.3,2026-10-02,FantasyPros consensus via DynastyProcess,,,
1370218620990263296,12-Team Dynasty — One League to Rule Them All,dynasty,4147,Samaje Perine,RB,CIN,BENCH,6.9,HOLD,2,,1,1,0,consensus ECR 294.33 protected | surplus RB depth,10,294.33,dsf,5.9,2026-10-02,FantasyPros consensus via DynastyProcess,,,
1370218620990263296,12-Team Dynasty — One League to Rule Them All,dynasty,13276,Omar Cooper,WR,NYJ,TAXI,5.3,HOLD,10,IR,1,0,0,consensus ECR 124.29 protected | buried on depth chart | surplus WR depth | young dynasty asset protected | inactive,11,124.29,dsf,13.4,2026-10-02,FantasyPros consensus via DynastyProcess,,,
1370218620990263296,12-Team Dynasty — One League to Rule Them All,dynasty,12497,Tory Horton,WR,SEA,TAXI,0,HOLD,4,,1,0,0,consensus ECR 233.71 protected | buried on depth chart | surplus WR depth | young dynasty asset protected,12,233.71,dsf,1.8,2026-10-02,FantasyPros consensus via DynastyProcess,,,
1366076769534251008,10-Team Dynasty — Dynasty V2,dynasty,10222,Jayden Reed,WR,GB,BENCH,30.0,HOLD,6,IR,1,0,2,consensus ECR 125 protected | buried on depth chart | surplus WR depth | inactive,1,125.0,dsf,45.6,2026-10-02,FantasyPros consensus via DynastyProcess,,,
1366076769534251008,10-Team Dynasty — Dynasty V2,dynasty,13353,Chris Brazzell,WR,CAR,TAXI,17.3,HOLD,10,IR,1,0,0,consensus ECR 220.6 protected | buried on depth chart | surplus WR depth | young dynasty asset protected | inactive,2,220.6,dsf,1.7,2026-10-02,FantasyPros consensus via DynastyProcess,,,
1366076769534251008,10-Team Dynasty — Dynasty V2,dynasty,11583,Jonathon Brooks,RB,CAR,IR,10.5,HOLD,3,IR,1,0,1,consensus ECR 162.57 protected | surplus RB depth | young dynasty asset protected | inactive,3,162.57,dsf,52.0,2026-10-02,FantasyPros consensus via DynastyProcess,,,
1366076769534251008,10-Team Dynasty — Dynasty V2,dynasty,13349,Eli Stowers,TE,PHI,TAXI,5.3,HOLD,7,IR,1,0,0,consensus ECR 122.57 protected | buried on depth chart | surplus TE depth | young dynasty asset protected | inactive,4,122.57,dsf,4.2,2026-10-02,FantasyPros consensus via DynastyProcess,,,
1366076769534251008,10-Team Dynasty — Dynasty V2,dynasty,10219,Chris Rodriguez,RB,JAX,BENCH,0,HOLD,2,,2,0,1,consensus ECR 187.71 protected | strong cross-league market demand | surplus RB depth,5,187.71,dsf,31.6,2026-10-02,FantasyPros consensus via DynastyProcess,,,
1366076769534251008,10-Team Dynasty — Dynasty V2,dynasty,9226,De'Von Achane,RB,MIA,IR,0,HOLD,4,IR,4,0,0,consensus ECR 38.71 protected | buried on depth chart | strong cross-league market demand | surplus RB depth | inactive,6,38.71,dsf,72.1,2026-10-02,FantasyPros consensus via DynastyProcess,,,
1366076769534251008,10-Team Dynasty — Dynasty V2,dynasty,4017,Deshaun Watson,QB,CLE,BENCH,0,HOLD,1,,1,0,0,consensus ECR 160.8 protected | surplus QB depth,7,160.8,dsf,8.7,2026-10-02,FantasyPros consensus via DynastyProcess,,,
1366076769534251008,10-Team Dynasty — Dynasty V2,dynasty,13282,Jack Endries,TE,CIN,TAXI,0,HOLD,5,,1,0,0,consensus ECR 296.8 protected | buried on depth chart | surplus TE depth | young dynasty asset protected,8,296.8,dsf,2.4,2026-10-02,FantasyPros consensus via DynastyProcess,,,
1366076769534251008,10-Team Dynasty — Dynasty V2,dynasty,7527,Mac Jones,QB,SF,BENCH,0,HOLD,2,,1,0,0,consensus ECR 175.33 protected | surplus QB depth,9,175.33,dsf,0.9,2026-10-02,FantasyPros consensus via DynastyProcess,,,
1366076769534251008,10-Team Dynasty — Dynasty V2,dynasty,13288,Nicholas Singleton,RB,TEN,BENCH,0,HOLD,3,,2,0,0,consensus ECR 193.14 protected | strong cross-league market demand | surplus RB depth | young dynasty asset protected,10,193.14,dsf,8.1,2026-10-02,FantasyPros consensus via DynastyProcess,,,
1366076769534251008,10-Team Dynasty — Dynasty V2,dynasty,12492,Pat Bryant,WR,DEN,BENCH,0,HOLD,3,,2,0,0,consensus ECR 168.67 protected | strong cross-league market demand | surplus WR depth | young dynasty asset protected,11,168.67,dsf,9.1,2026-10-02,FantasyPros consensus via DynastyProcess,,,
1366076769534251008,10-Team Dynasty — Dynasty V2,dynasty,7571,Rashod Bateman,WR,BAL,BENCH,0,HOLD,2,,2,1,1,consensus ECR 201.8 protected | strong cross-league market demand | surplus WR depth,12,201.8,dsf,34.5,2026-10-02,FantasyPros consensus via DynastyProcess,,,
1359546418284494848,12-Team 2-Keeper — League Is Rigged V2,keeper,3321,Tyreek Hill,WR,,BENCH,10.4,HOLD,,,3,2,1,consensus ECR 350 protected | buried on depth chart | strong cross-league market demand,1,350.0,ro,17.4,2026-10-02,FantasyPros consensus via DynastyProcess,,,
1359546418284494848,12-Team 2-Keeper — League Is Rigged V2,keeper,13345,Jonah Coleman,RB,DEN,IR,9.2,HOLD,6,IR,3,0,1,consensus ECR 163.33 protected | buried on depth chart | strong cross-league market demand | inactive,2,163.33,ro,36.6,2026-10-02,FantasyPros consensus via DynastyProcess,,,
1359546418284494848,12-Team 2-Keeper — League Is Rigged V2,keeper,11584,Bucky Irving,RB,TB,START,0,HOLD,1,,4,1,1,consensus ECR 46.17 protected | starter protected | strong cross-league market demand,3,46.17,ro,97.0,2026-10-02,FantasyPros consensus via DynastyProcess,,,
1359546418284494848,12-Team 2-Keeper — League Is Rigged V2,keeper,13279,Carnell Tate,WR,TEN,BENCH,0,HOLD,1,,4,0,0,consensus ECR 74.17 protected | strong cross-league market demand,4,74.17,ro,86.2,2026-10-02,FantasyPros consensus via DynastyProcess,,,
1359546418284494848,12-Team 2-Keeper — League Is Rigged V2,keeper,6650,Chase McLaughlin,K,TB,START,0,HOLD,1,,1,1,0,consensus ECR 225 protected | starter protected,5,225.0,ro,22.3,2026-10-02,FantasyPros consensus via DynastyProcess,,,
1359546418284494848,12-Team 2-Keeper — League Is Rigged V2,keeper,7726,Derrick Barnes,LB,DET,START,0,HOLD,1,,0,1,0,starter protected | little cross-league market demand,6,,ro,,,heuristic only,,,
1359546418284494848,12-Team 2-Keeper — League Is Rigged V2,keeper,11834,Devaughn Vele,WR,NO,BENCH,0,HOLD,2,,4,0,0,consensus ECR 129.5 protected | strong cross-league market demand,7,129.5,ro,45.2,2026-10-02,FantasyPros consensus via DynastyProcess,,,
1359546418284494848,12-Team 2-Keeper — League Is Rigged V2,keeper,8112,Drake London,WR,ATL,START,0,HOLD,1,,4,0,0,consensus ECR 18 protected | starter protected | strong cross-league market demand,8,18.0,ro,99.6,2026-10-02,FantasyPros consensus via DynastyProcess,,,
1359546418284494848,12-Team 2-Keeper — League Is Rigged V2,keeper,11564,Drake Maye,QB,NE,BENCH,0,HOLD,1,,4,0,0,consensus ECR 96.5 protected | strong cross-league market demand | keeper tiebreaker only: -3.8 cut points,9,96.5,ro,88.5,2026-10-02,FantasyPros consensus via DynastyProcess,0,5.0,14
1359546418284494848,12-Team 2-Keeper — League Is Rigged V2,keeper,11739,Evan Williams,DB,GB,START,0,HOLD,1,,0,1,0,starter protected | little cross-league market demand,10,,ro,,,heuristic only,,,
1359546418284494848,12-Team 2-Keeper — League Is Rigged V2,keeper,7564,Ja'Marr Chase,WR,CIN,START,0,HOLD,1,,4,0,0,consensus ECR 4 protected | starter protected | strong cross-league market demand,11,4.0,ro,99.8,2026-10-02,FantasyPros consensus via DynastyProcess,,,
1359546418284494848,12-Team 2-Keeper — League Is Rigged V2,keeper,13453,Jacob Rodriguez,LB,MIA,START,0,HOLD,1,,0,1,0,consensus ECR 17 protected | starter protected | little cross-league market demand,12,17.0,ro,19.8,2026-10-02,FantasyPros consensus via DynastyProcess,,,
