sleeper_id,fantasypros_id,player,position,team,ecr_type,ecr,sd,best,worst,player_owned_avg,scrape_date
8289,22738,Aidan Hutchinson,DL,DET,do,1.5,0.5,1,2,68.9,2026-10-09
9488,23070,Jaxon Smith-Njigba,WR,SEA,do,1.5,0.5,1,2,99.8,2026-10-09
7564,19788,Ja'Marr Chase,WR,CIN,do,2,1.22,1,4,99.8,2026-10-09
10892,24717,Will Anderson Jr.,DL,HOU,do,3.5,1.5,2,5,67.2,2026-10-09
9509,23133,Bijan Robinson,RB,ATL,do,4,1,3,5,99.8,2026-10-09
9221,22968,Jahmyr Gibbs,RB,DET,do,4.25,1.48,2,6,99.8,2026-10-09
9493,23180,Puka Nacua,WR,LAR,do,5,1.58,3,7,99.8,2026-10-09
7547,19799,Amon-Ra St. Brown,WR,DET,do,5.5,1.8,3,8,99.8,2026-10-09
10880,25435,Jack Campbell,LB,DET,do,6.5,1.5,5,8,86.1,2026-10-09
4960,17311,Roquan Smith,LB,BAL,do,6.5,3.5,3,10,87.1,2026-10-09
6949,19292,Jordyn Brooks,LB,MIA,do,7.5,1.5,6,9,69.9,2026-10-09
12578,27236,Carson Schwesinger,LB,CLE,do,8,1,7,9,72.4,2026-10-09
6786,19202,CeeDee Lamb,WR,DAL,do,8,3.08,4,11,99.8,2026-10-09
10888,24703,Jalen Carter,DL,PHI,do,8,0,8,8,14.5,2026-10-09
12527,25989,Ashton Jeanty,RB,LV,do,9,1.22,8,11,99.7,2026-10-09
11742,26168,Cedric Gray,LB,TEN,do,10,4,6,14,21.7,2026-10-09
6794,19236,Justin Jefferson,WR,MIN,do,10,2.12,7,12,99.8,2026-10-09
8112,23163,Drake London,WR,ATL,do,10.75,2.59,7,14,99.6,2026-10-09
8659,24674,Nate Landman,LB,LAR,do,11,0,11,11,36.7,2026-10-09
4070,16469,T.J. Watt,LB,PIT,do,11,0,11,11,68.4,2026-10-09
2393,14036,Danielle Hunter,DL,HOU,do,12,0,12,12,38.2,2026-10-09
3973,16370,Myles Garrett,DL,LAR,do,12,11,1,23,58.6,2026-10-09
5041,17526,Fred Warner,LB,SF,do,13,3,10,16,90.2,2026-10-09
11632,25409,Malik Nabers,WR,NYG,do,13,3.08,10,18,98.7,2026-10-09
13375,27216,Sonny Styles,LB,WAS,do,13,0,13,13,49.6,2026-10-09
8138,22958,James Cook III,RB,BUF,do,13.5,3.64,8,18,99.8,2026-10-09
7672,23245,Ernest Jones IV,LB,SEA,do,14,10,4,24,53,2026-10-09
5991,18702,Maxx Crosby,DL,LV,do,14,11,3,25,68.5,2026-10-09
5862,18223,Brian Burns,DL,NYG,do,15,11,4,26,37,2026-10-09
6813,19217,Jonathan Taylor,RB,IND,do,15,2.12,12,18,99.8,2026-10-09
5960,18281,T.J. Edwards,LB,CHI,do,15,0,15,15,10.2,2026-10-09
13287,25403,Jeremiyah Love,RB,ARI,do,15.25,11.45,7,35,99.1,2026-10-09
5332,17607,Foyesade Oluokun,LB,JAC,do,15.5,2.5,13,18,67.5,2026-10-09
8151,23021,Kenneth Walker III,RB,KC,do,16.25,5.49,10,25,99.6,2026-10-09
6815,19238,Zack Baun,LB,PHI,do,17,2,15,19,51.5,2026-10-09
12526,25417,Tetairoa McMillan,WR,CAR,do,17.75,2.49,16,22,98.5,2026-10-09
7841,23194,Jamien Sherwood,LB,NYJ,do,18.5,0.5,18,19,31.8,2026-10-09
4984,17298,Josh Allen,QB,BUF,do,19.5,0.87,19,21,99.9,2026-10-09
8266,23729,Quay Walker,LB,LV,do,19.5,3.5,16,23,37.9,2026-10-09
11604,22955,Brock Bowers,TE,LV,do,20.5,7.12,13,31,99.7,2026-10-09
12507,25395,Omarion Hampton,RB,LAC,do,20.5,2.18,17,23,98.5,2026-10-09
6485,18361,Azeez Al-Shaair,LB,HOU,do,21,0,21,21,15.9,2026-10-09
11665,25234,Jared Verse,DL,CLE,do,21,0,21,21,24.6,2026-10-09
11687,26137,Edgerrin Cooper,LB,GB,do,21.5,9.5,12,31,21.7,2026-10-09
8144,20111,Chris Olave,WR,NO,do,22,4.85,17,30,99.5,2026-10-09
11727,26183,Payton Wilson,LB,PIT,do,22,0,22,22,11,2026-10-09
10898,25364,Tuli Tuipulotu,DL,LAC,do,22,0,22,22,33.1,2026-10-09
7569,20130,Nico Collins,WR,HOU,do,22.25,7.29,14,30,99.5,2026-10-09
8137,22963,George Pickens,WR,DAL,do,22.75,3.27,19,26,99.5,2026-10-09
9226,23136,De'Von Achane,RB,MIA,do,23,11.02,9,39,61.2,2026-10-09
5816,18199,Nick Bosa,DL,SF,do,23,16,7,39,43.9,2026-10-09
7648,22689,Nick Bolton,LB,KC,do,24,10,14,34,64.7,2026-10-09
12514,23062,Emeka Egbuka,WR,TB,do,24.25,7.98,13,35,94.7,2026-10-09
6183,18573,Andrew Van Ginkel,LB,MIN,do,25,0,25,25,49.4,2026-10-09
8130,22936,Trey McBride,TE,ARI,do,25.75,6.22,17,33,99.7,2026-10-09
6217,18421,Blake Cashman,LB,MIN,do,26.5,9.5,17,36,59,2026-10-09
7113,19316,Alex Highsmith,LB,PIT,do,27,0,27,27,19.9,2026-10-09
6302,18716,Kaden Elliss,LB,NO,do,27,0,27,27,11.6,2026-10-09
8280,23763,Nik Bonitto,DL,DEN,do,27.5,1.5,26,29,33.7,2026-10-09
8146,23072,Garrett Wilson,WR,NYJ,do,28,7.91,20,41,98.3,2026-10-09
7640,19784,Micah Parsons,LB,GB,do,28,0,28,28,30.6,2026-10-09
4881,17233,Lamar Jackson,QB,BAL,do,30,4.06,25,36,99.7,2026-10-09
10914,25436,Daiyan Henley,LB,LAC,do,30.5,10.5,20,41,23.9,2026-10-09
5726,18103,Robert Spillane,LB,NE,do,31,1,30,32,25.8,2026-10-09
13279,26009,Carnell Tate,WR,TEN,do,32.25,5.54,27,41,89.6,2026-10-09
2617,14399,Alex Singleton,LB,DEN,do,32.5,0.5,32,33,46.9,2026-10-09
5346,17563,Zaire Franklin,LB,GB,do,33,3,30,36,22,2026-10-09
7525,19222,DeVonta Smith,WR,PHI,do,33.75,6.76,24,41,98.5,2026-10-09
11564,23046,Drake Maye,QB,NE,do,33.75,9.88,25,49,92.3,2026-10-09
12566,27051,Jihaad Campbell,LB,PHI,do,34,0,34,34,20.9,2026-10-09
9997,22916,Zay Flowers,WR,BAL,do,34,16.14,14,59,99.3,2026-10-09
11635,26122,Ladd McConkey,WR,LAC,do,34.5,3.84,29,39,94.8,2026-10-09
10905,25235,Brian Branch,DB,DET,do,35,0,35,35,18.2,2026-10-09
6214,18679,Quincy Williams,LB,CLE,do,35,2,33,37,9.3,2026-10-09
8155,22982,Breece Hall,RB,NYJ,do,35.5,11.37,24,54,97.7,2026-10-09
6770,19196,Joe Burrow,QB,CIN,do,35.5,8.65,26,46,98.6,2026-10-09
8392,24198,Nick Cross,DB,WAS,do,36,19,17,55,31.3,2026-10-09
10229,23113,Rashee Rice,WR,KC,do,36,13.84,22,59,97.7,2026-10-09
9224,25324,Chase Brown,RB,CIN,do,36.5,7.37,24,43,99.5,2026-10-09
4999,17363,Josh Sweat,DL,ARI,do,37,0,37,37,2.8,2026-10-09
2064,12217,DeMarcus Lawrence,DL,SEA,do,38,0,38,38,8.4,2026-10-09
6315,18584,Tyrel Dodson,LB,CAR,do,38,0,38,38,2.5,2026-10-09
8339,23494,Kyle Hamilton,DB,BAL,do,38.5,7.5,31,46,76.1,2026-10-09
4968,17342,Tremaine Edmunds,LB,NYG,do,39,10,29,49,19.9,2026-10-09
13377,28053,Arvell Reese,LB,NYG,do,40,0,40,40,42.3,2026-10-09
8267,23702,Nakobe Dean,LB,LV,do,40,0,40,40,82.2,2026-10-09
11560,23084,Caleb Williams,QB,CHI,do,40.5,9.31,28,54,90.4,2026-10-09
10933,25314,DeMarvion Overshown,LB,DAL,do,41,0,41,41,7.4,2026-10-09
5843,18237,Devin Bush Jr.,LB,CHI,do,41.5,6.5,35,48,27,2026-10-09
12519,27016,Luther Burden III,WR,CHI,do,41.5,13.22,32,64,93,2026-10-09
13388,27970,CJ Allen,LB,IND,do,42,0,42,42,10.9,2026-10-09
6801,19211,Tee Higgins,WR,CIN,do,42,6.6,34,49,98.2,2026-10-09
8329,23710,Devin Lloyd,LB,CAR,do,42.5,0.5,42,43,52.4,2026-10-09
8311,23772,Terrel Bernard,LB,BUF,do,44,0,44,44,25.7,2026-10-09
12517,26006,Colston Loveland,TE,CHI,do,44.75,1.3,44,47,93.2,2026-10-09
11669,26096,Laiatu Latu,DL,IND,do,45,0,45,45,10.3,2026-10-09
4034,16393,Christian McCaffrey,RB,SF,do,45.5,13.24,23,57,99.8,2026-10-09
10917,25449,Byron Young,DL,LAR,do,46,26,20,72,32.7,2026-10-09
4971,17310,Derwin James Jr.,DB,LAC,do,46,3,43,49,35.9,2026-10-09
8362,23808,Leo Chenal,LB,WAS,do,46,0,46,46,2.9,2026-10-09
11566,22902,Jayden Daniels,QB,WAS,do,46.25,6.94,36,54,83.5,2026-10-09
5859,18218,A.J. Brown,WR,NE,do,47,23.63,20,71,96.7,2026-10-09
13281,26035,Jordyn Tyson,WR,NO,do,47.75,18.98,34,80,54.7,2026-10-09
8148,23677,Jameson Williams,WR,DET,do,48.75,10.99,36,62,93.6,2026-10-09
12518,26434,Tyler Warren,TE,IND,do,49.75,12.23,35,69,98.7,2026-10-09
7526,19790,Jaylen Waddle,WR,DEN,do,50,11.25,32,60,96.3,2026-10-09
11620,25411,Rome Odunze,WR,CHI,do,50,13.58,38,73,88.5,2026-10-09
4046,16413,Patrick Mahomes II,QB,KC,do,50.25,5.54,45,59,93.2,2026-10-09
6904,19275,Jalen Hurts,QB,PHI,do,50.75,5.26,45,56,97.3,2026-10-09
4413,16691,Eric Wilson,LB,MIN,do,51,0,51,51,9.1,2026-10-09
6788,19216,Xavier McKinney,DB,GB,do,51,0,51,51,19.8,2026-10-09
13294,25420,Makai Lemon,WR,PHI,do,51.75,12.36,37,71,60.5,2026-10-09
5944,18678,Bobby Okereke,LB,CAR,do,52,0,52,52,9.4,2026-10-09
8150,23059,Kyren Williams,RB,LAR,do,52.25,3.49,49,58,99.2,2026-10-09
8167,23886,Christian Watson,WR,GB,do,53.25,22.38,29,82,95.3,2026-10-09
4963,17278,Minkah Fitzpatrick,DB,NYJ,do,54,0,54,54,7.3,2026-10-09
9487,23106,Parker Washington,WR,JAC,do,54,26.24,22,94,94.4,2026-10-09
7523,19780,Trevor Lawrence,QB,JAC,do,54.25,7.56,42,61,91.9,2026-10-09
6888,19266,Antoine Winfield Jr.,DB,TB,do,54.5,7.5,47,62,16,2026-10-09
5017,17544,Jessie Bates III,DB,ATL,do,54.5,4.5,50,59,11,2026-10-09
11705,23751,Tykee Smith,DB,TB,do,54.5,1.5,53,56,32.9,2026-10-09
4866,17240,Saquon Barkley,RB,PHI,do,55.25,11.23,37,65,99.4,2026-10-09
7136,19459,Kam Curl,DB,LAR,do,55.5,7.5,48,63,28.6,2026-10-09
9484,25298,Tucker Kraft,TE,GB,do,55.75,7.73,50,69,93.3,2026-10-09
7677,23208,Divine Deablo,LB,ATL,do,56,0,56,56,14.5,2026-10-09
6056,18310,Dre Greenlaw,LB,SF,do,57,0,57,57,5.4,2026-10-09
7016,19429,Jeremy Chinn,DB,LV,do,57,0,57,57,27.2,2026-10-09
8183,19797,Brock Purdy,QB,SF,do,57.25,8.07,45,67,92.5,2026-10-09
12512,25391,Quinshon Judkins,RB,CLE,do,57.75,15.74,41,80,95.2,2026-10-09
4118,16720,Alex Anzalone,LB,TB,do,58,0,58,58,9.3,2026-10-09
12529,23065,TreVeyon Henderson,RB,NE,do,58,5.05,53,64,90.1,2026-10-09
6797,18635,Justin Herbert,QB,LAC,do,58.25,8.84,50,72,76.9,2026-10-09
8323,23719,Jaquan Brisker,DB,PIT,do,59,0,59,59,13.2,2026-10-09
6125,18207,Jeffery Simmons,DL,TEN,do,59,4,55,63,52.5,2026-10-09
10859,22978,Sam LaPorta,TE,DET,do,59,3.94,53,63,97.7,2026-10-09
11674,26117,Tyler Nubin,DB,NYG,do,59,5,54,64,2.4,2026-10-09
8680,24690,Jack Gibbens,LB,ARI,do,60,0,60,60,8.7,2026-10-09
10236,25247,Dalton Kincaid,TE,BUF,do,60.75,8.44,47,70,93.4,2026-10-09
6782,19195,Chase Young,DL,NO,do,61,0,61,61,13.1,2026-10-09
3233,15635,Kevin Byard III,DB,NE,do,61,0,61,61,18.9,2026-10-09
8385,23501,George Karlaftis III,DL,KC,do,62,0,62,62,6,2026-10-09
12506,27050,Harold Fannin Jr.,TE,CLE,do,62.5,10.36,48,75,93.6,2026-10-09
11584,25981,Bucky Irving,RB,TB,do,64,6.82,55,74,96.9,2026-10-09
13286,27329,Jadarian Price,RB,SEA,do,64,7.35,52,72,82.6,2026-10-09
6807,19421,Patrick Queen,LB,PIT,do,64,0,64,64,14.8,2026-10-09
10980,23990,SirVocea Dennis,LB,TB,do,65,0,65,65,4.8,2026-10-09
11470,25905,Drake Thomas,LB,SEA,do,66,0,66,66,9.6,2026-10-09
5580,17963,Frankie Luvu,LB,WAS,do,67,0,67,67,5.7,2026-10-09
11685,26118,Kamari Lassiter,DB,HOU,do,67,0,67,67,23.2,2026-10-09
7811,22817,Talanoa Hufanga,DB,DEN,do,67,9,58,76,38.8,2026-10-09
11678,26103,Cooper DeJean,DB,PHI,do,68,0,68,68,35.8,2026-10-09
6124,18213,Montez Sweat,DL,CHI,do,68,0,68,68,10.7,2026-10-09
8333,23747,Alontae Taylor,DB,TEN,do,69,0,69,69,8.7,2026-10-09
12646,26108,Barrett Carter,LB,CIN,do,69,0,69,69,11,2026-10-09
4081,16733,Budda Baker,DB,ARI,do,69.5,19.5,50,89,44.5,2026-10-09
5894,18291,Germaine Pratt,LB,FA,do,70,0,70,70,1.5,2026-10-09
11628,23064,Marvin Harrison Jr.,WR,ARI,do,70,29.4,40,115,70.4,2026-10-09
10930,25459,Riley Moss,DB,DEN,do,70,0,70,70,3.1,2026-10-09
13330,26055,Kenyon Sadiq,TE,NYJ,do,70.75,9.26,58,81,48.8,2026-10-09
10947,23477,Ventrell Miller,LB,JAC,do,71,0,71,71,16.1,2026-10-09
11563,22910,Bo Nix,QB,DEN,do,71.25,13.79,56,91,76.4,2026-10-09
11631,23000,Brian Thomas Jr.,WR,JAC,do,72,14.23,55,94,66.8,2026-10-09
12640,27146,Teddye Buchanan,LB,BAL,do,73,0,73,73,1.8,2026-10-09
12481,27166,Cam Skattebo,RB,NYG,do,73.25,9.68,67,90,97.8,2026-10-09
12650,27031,Danny Stutsman,LB,NO,do,74,0,74,74,0.8,2026-10-09
13346,27339,Denzel Boston,WR,CLE,do,74,22.99,38,95,67.2,2026-10-09
6901,19580,Joshua Metellus,DB,MIN,do,75,0,75,75,10.2,2026-10-09
7659,22699,Tre'von Moehrig,DB,CAR,do,76.5,16.5,60,93,13.7,2026-10-09
12617,27299,Demetrius Knight Jr.,LB,CIN,do,77,0,77,77,42.4,2026-10-09
13298,27331,KC Concepcion Jr.,WR,CLE,do,77.25,10.11,67,94,65.8,2026-10-09
7553,20164,Kyle Pitts Sr.,TE,ATL,do,77.25,23.48,55,116,70.7,2026-10-09
3198,15514,Derrick Henry,RB,BAL,do,77.5,8.96,64,89,99.7,2026-10-09
7588,22739,Javonte Williams,RB,DAL,do,77.5,9.01,68,87,99.3,2026-10-09
5927,18466,Terry McLaurin,WR,WAS,do,77.5,21.87,40,93,93.4,2026-10-09
8131,23781,Isaiah Likely,TE,NYG,do,77.75,3.77,74,82,88.9,2026-10-09
7647,22809,Pete Werner,LB,NO,do,78,0,78,78,2.8,2026-10-09
9756,23107,Jordan Addison,WR,MIN,do,78.25,5.67,74,88,82.8,2026-10-09
10891,25243,Devon Witherspoon,DB,SEA,do,79,0,79,79,21.8,2026-10-09
8330,24302,Quentin Lake,DB,LAR,do,79,13,66,92,25.1,2026-10-09
3294,15600,Dak Prescott,QB,DAL,do,79.25,11.82,65,96,95.7,2026-10-09
2133,12123,Davante Adams,WR,LAR,do,80,23.05,42,103,97.9,2026-10-09
11017,25579,Dee Winters,LB,DAL,do,80,0,80,80,4.2,2026-10-09
5071,17344,DeShon Elliott,DB,PIT,do,81,0,81,81,4.1,2026-10-09
4983,17265,DJ Moore,WR,BUF,do,81.75,7.85,73,93,94.8,2026-10-09
12648,27264,Cody Simon,LB,ARI,do,82,0,82,82,1.6,2026-10-09
10232,25333,Michael Wilson,WR,ARI,do,82.25,6.83,71,89,92.4,2026-10-09
6131,18251,Mack Wilson Sr.,LB,ARI,do,83,0,83,83,6.7,2026-10-09
12490,27297,Bhayshul Tuten,RB,JAC,do,83.25,3.9,77,87,94.3,2026-10-09
8278,23470,Christian Harris,LB,ATL,do,84,0,84,84,2.1,2026-10-09
3172,15494,DeForest Buckner,DL,IND,do,85,0,85,85,18.1,2026-10-09
1233,11252,Bobby Wagner,LB,FA,do,86,0,86,86,2.1,2026-10-09
6790,19210,D'Andre Swift,RB,CHI,do,86,3.24,81,90,96.7,2026-10-09
10949,25509,Chamarri Conner,DB,KC,do,87,0,87,87,23.8,2026-10-09
11668,26221,Byron Murphy II,DL,SEA,do,88,0,88,88,5,2026-10-09
5876,18243,Julian Love,DB,SEA,do,90,0,90,90,23.5,2026-10-09
6804,19246,Jordan Love,QB,GB,do,91,5.34,84,99,61.4,2026-10-09
2311,13892,Leonard Williams,DL,SEA,do,91,0,91,91,16.1,2026-10-09
8142,23791,Alec Pierce,WR,IND,do,91.75,13.05,76,107,67.3,2026-10-09
7543,19231,Travis Etienne Jr.,RB,NO,do,91.75,22.43,70,129,87.5,2026-10-09
4217,16499,George Kittle,TE,SF,do,92.5,21.79,78,130,96.4,2026-10-09
5846,18219,DK Metcalf,WR,PIT,do,93,12.55,79,112,91.5,2026-10-09
9500,24706,Josh Downs,WR,IND,do,93.25,10.21,82,107,83.9,2026-10-09
10875,24709,Myles Murphy,DL,CIN,do,94,0,94,94,1.5,2026-10-09
12508,23160,Jaxson Dart,QB,NYG,do,94.25,20.64,60,111,28.5,2026-10-09
12545,23096,Tyler Shough,QB,NO,do,94.75,20.62,61,112,86.8,2026-10-09
12501,26024,Matthew Golden,WR,GB,do,98.25,24.95,57,122,89.5,2026-10-09
11646,26403,Jalen Coker,WR,CAR,do,100.25,21.98,67,122,86.6,2026-10-09
11624,23019,Xavier Worthy,WR,KC,do,100.5,15.26,76,118,66.1,2026-10-09
8228,24209,Jaylen Warren,RB,PIT,do,101.5,17.36,88,131,93.8,2026-10-09
7594,19792,Chuba Hubbard,RB,CAR,do,102.5,2.06,101,106,95.2,2026-10-09
2216,12119,Mike Evans,WR,SF,do,102.75,2.86,99,107,94,2026-10-09
12484,27077,Jayden Higgins,WR,HOU,do,104.25,14.89,83,125,3.1,2026-10-09
3163,15501,Jared Goff,QB,DET,do,104.5,7.23,92,109,86.3,2026-10-09
8126,22985,Wan'Dale Robinson,WR,TEN,do,106.25,11.32,95,124,64,2026-10-09
12534,27131,Kyle Monangai,RB,CHI,do,109,14.34,98,133,83.7,2026-10-09
13276,28127,Omar Cooper Jr.,WR,NYJ,do,109.25,23.88,79,143,13.3,2026-10-09
5892,18239,David Montgomery,RB,HOU,do,110.25,10.54,101,128,95.6,2026-10-09
5850,18269,Josh Jacobs,RB,GB,do,110.75,28.92,71,146,83.7,2026-10-09
13269,28013,Fernando Mendoza,QB,LV,do,111,28.68,72,153,14.8,2026-10-09
13301,25418,Antonio Williams,WR,WAS,do,115.25,13.27,95,132,8.6,2026-10-09
9228,22900,Bryce Young,QB,CAR,do,115.25,21.11,84,141,60.6,2026-10-09
9754,23123,Quentin Johnston,WR,LAC,do,116.75,15.19,100,138,60.5,2026-10-09
6819,19278,Michael Pittman Jr.,WR,PIT,do,117.25,30.29,92,169,68.3,2026-10-09
8110,22718,Jake Ferguson,TE,DAL,do,117.75,3.9,114,123,78.5,2026-10-09
11586,23013,Blake Corum,RB,LAR,do,118.25,18.5,88,136,72.3,2026-10-09
12493,25997,Oronde Gadsden II,TE,LAC,do,119.5,2.6,115,121,13.6,2026-10-09
1466,11594,Travis Kelce,TE,KC,do,119.5,36.22,78,157,94.8,2026-10-09
11638,26214,Ricky Pearsall,WR,SF,do,122,19.8,100,148,2.4,2026-10-09
9480,25345,Brenton Strange,TE,JAC,do,122.75,12.38,113,144,36.9,2026-10-09
5022,17270,Dallas Goedert,TE,PHI,do,122.75,24.05,89,157,71.3,2026-10-09
8134,23748,Khalil Shakir,WR,BUF,do,123,19.89,97,152,57.1,2026-10-09
5045,17253,Courtland Sutton,WR,DEN,do,123.25,29.46,96,173,73.5,2026-10-09
2449,13981,Stefon Diggs,WR,WAS,do,124.5,9.5,115,134,87.3,2026-10-09
12487,23091,Terrance Ferguson,TE,LAR,do,124.5,25.85,81,144,16.3,2026-10-09
4037,16406,Chris Godwin Jr.,WR,TB,do,125,30.02,98,175,70.9,2026-10-09
10222,23020,Jayden Reed,WR,GB,do,126.5,9.84,111,135,33.4,2026-10-09
5947,18598,Jakobi Meyers,WR,JAC,do,127.25,18.53,102,145,66.9,2026-10-09
13417,28138,De'Zhaun Stribling,WR,SF,do,127.5,35.81,79,180,41,2026-10-09
13345,27320,Jonah Coleman,RB,DEN,do,128.5,36.29,100,190,33,2026-10-09
9758,23071,C.J. Stroud,QB,HOU,do,128.75,11.54,111,139,45,2026-10-09
5012,17269,Mark Andrews,TE,BAL,do,128.75,23.43,93,153,79.3,2026-10-09
7002,19562,Juwan Johnson,TE,NO,do,129,15.73,116,155,69.2,2026-10-09
421,9451,Matthew Stafford,QB,LAR,do,129,25.17,87,154,91,2026-10-09
13349,23144,Eli Stowers,TE,PHI,do,129.25,27.97,91,157,4.2,2026-10-09
4892,17237,Baker Mayfield,QB,TB,do,130,13.73,110,147,43.4,2026-10-09
5849,18600,Kyler Murray,QB,MIN,do,132.5,6.26,126,141,60.7,2026-10-09
4943,17236,Sam Darnold,QB,SEA,do,133.25,7.36,125,142,49.8,2026-10-09
12489,27142,RJ Harvey,RB,DEN,do,136,7.58,130,149,81.6,2026-10-09
8161,23499,Malik Willis,QB,MIA,do,137.25,6.34,127,143,23.2,2026-10-09
8121,23794,Romeo Doubs,WR,NE,do,137.33,33.67,91,170,69,2026-10-09
7611,22726,Rhamondre Stevenson,RB,NE,do,137.75,10.78,120,149,91,2026-10-09
11625,24357,Adonai Mitchell,WR,NYJ,do,138.33,27.35,105,172,27.4,2026-10-09
12522,24755,Cam Ward,QB,TEN,do,139.25,2.68,135,142,9.3,2026-10-09
5872,18244,Deebo Samuel Sr.,WR,SF,do,139.67,13.77,128,159,80.6,2026-10-09
7021,19647,Rico Dowdle,RB,PIT,do,141,15.7,129,168,76.2,2026-10-09
12492,27211,Pat Bryant,WR,DEN,do,144.67,21.14,125,174,6.9,2026-10-09
13311,26038,Chris Bell,WR,MIA,do,145,54.5,99,238,7.3,2026-10-09
5967,18705,Tony Pollard,RB,TEN,do,146.25,19.84,113,165,87.7,2026-10-09
13296,28135,Caleb Douglas,WR,MIA,do,149.33,43.61,106,209,16,2026-10-09
8210,23982,Chig Okonkwo,TE,WAS,do,149.5,43.5,79,187,18.8,2026-10-09
12509,26215,Tre' Harris,WR,LAC,do,149.67,25.94,113,169,12.6,2026-10-09
5001,17349,Dalton Schultz,TE,HOU,do,151.67,27.86,116,184,53.9,2026-10-09
5870,18232,Daniel Jones,QB,IND,do,152,8.28,145,166,22.8,2026-10-09
12533,27316,Jacory Croskey-Merritt,RB,WAS,do,152.25,16.47,136,178,76.5,2026-10-09
8676,24687,Rashid Shaheed,WR,SEA,do,152.33,35.52,109,196,32.7,2026-10-09
11618,23179,Jalen McMillan,WR,TB,do,152.75,32.68,131,209,9.2,2026-10-09
12474,27520,Woody Marks,RB,HOU,do,153.75,26.98,108,178,52.8,2026-10-09
9753,23152,Zach Charbonnet,RB,SEA,do,153.75,25.72,132,197,60,2026-10-09
12530,26034,Travis Hunter,WR,JAC,do,154.75,34.62,114,208,47.7,2026-10-09
13275,25368,Ty Simpson,QB,LAR,do,155.67,7.85,147,166,3.6,2026-10-09
13293,27337,Ja'Kobi Lane,WR,BAL,do,156.33,57.33,100,235,21.9,2026-10-09
5844,18290,T.J. Hockenson,TE,MIN,do,161,9.62,153,177,53,2026-10-09
9504,22989,Kayshon Boutte,WR,HOU,do,161.33,19.75,134,180,16,2026-10-09
10213,25337,Tre Tucker,WR,LV,do,162,9.63,152,175,39.1,2026-10-09
13421,28154,Eli Raridon,TE,NE,do,162.5,21.5,141,184,1.5,2026-10-09
11583,26148,Jonathon Brooks,RB,CAR,do,164,4.74,158,171,45.7,2026-10-09
12536,27122,Jaylin Noel,WR,HOU,do,164.33,9.43,151,171,4.3,2026-10-09
11603,26335,AJ Barner,TE,SEA,do,164.5,21.52,130,187,13.7,2026-10-09
13337,28107,Emmett Johnson,RB,KC,do,164.5,30.35,120,194,23.4,2026-10-09
8408,22969,Jordan Mason,RB,MIN,do,165,9.35,158,181,66.9,2026-10-09
6806,19245,J.K. Dobbins,RB,DEN,do,166.25,15.85,146,185,80.1,2026-10-09
7567,23310,Kenny Gainwell,RB,TB,do,167.5,16.19,149,193,58.4,2026-10-09
8132,24172,Tyler Allgeier,RB,ARI,do,167.5,20.41,144,200,46.1,2026-10-09
8136,23891,Rachaad White,RB,WAS,do,168.75,25.51,136,197,60.7,2026-10-09
11559,22973,Michael Penix Jr.,QB,ATL,do,169.25,20.4,150,203,10.3,2026-10-09
6783,19201,Jerry Jeudy,WR,CLE,do,170,47.27,124,235,14.6,2026-10-09
12499,27059,Elic Ayomanor,WR,TEN,do,173,8.49,161,179,1.3,2026-10-09
3214,15561,Hunter Henry,TE,NE,do,173.5,9.86,163,188,53,2026-10-09
9486,24354,Dontayvion Wicks,WR,PHI,do,173.67,42.88,122,227,36.2,2026-10-09
9508,25323,Tyjae Spears,RB,TEN,do,174.25,8.07,162,182,35.5,2026-10-09
3257,15642,Jacoby Brissett,QB,ARI,do,177.33,27.52,150,215,32.6,2026-10-09
13274,26039,Germie Bernard,WR,PIT,do,178.33,38.38,131,225,5.5,2026-10-09
13317,28130,Ted Hurst III,WR,TB,do,178.5,17.5,161,196,4.4,2026-10-09
11627,23092,Troy Franklin,WR,DEN,do,178.67,43.37,148,240,1.8,2026-10-09
12535,27446,Isaac TeSlaa,WR,DET,do,179,14.31,161,196,4.6,2026-10-09
4199,16673,Aaron Jones Sr.,RB,MIN,do,179.75,21.59,156,210,87.5,2026-10-09
13414,28401,Kaelon Black,RB,SF,do,181.5,41.5,140,223,28.2,2026-10-09
13278,27993,Max Klare,TE,LAR,do,181.5,26.69,150,218,2,2026-10-09
11576,24346,Braelon Allen,RB,NYJ,do,182.5,18.62,156,200,73.8,2026-10-09
12718,27449,Konata Mumpfield,WR,LAR,do,183,0,183,183,2.5,2026-10-09
13305,28108,Mike Washington Jr.,RB,LV,do,187,37.48,160,240,37.9,2026-10-09
12502,27109,Gunnar Helm,TE,TEN,do,187.75,13.81,168,207,3.2,2026-10-09
7571,19794,Rashod Bateman,WR,BAL,do,188,17.68,175,213,22.6,2026-10-09
13288,24343,Nicholas Singleton,RB,TEN,do,188.25,37.82,158,252,8,2026-10-09
7049,19590,Jauan Jennings,WR,MIN,do,191,46,145,237,14,2026-10-09
11637,26019,Keon Coleman,WR,BUF,do,192.33,15.11,174,211,41.4,2026-10-09
12469,27102,Dylan Sampson,RB,CLE,do,192.75,23.57,164,216,9.1,2026-10-09
9482,23056,Michael Mayer,TE,LV,do,193,30,163,223,10.2,2026-10-09
1373,11687,Geno Smith,QB,NYJ,do,193.25,20.35,158,205,9.8,2026-10-09
13402,28126,Skyler Bell,WR,BUF,do,194,0,194,194,2.9,2026-10-09
11610,26314,Malik Washington,WR,MIA,do,194.33,28.8,172,235,40.9,2026-10-09
8154,20094,Brian Robinson Jr.,RB,ATL,do,194.75,12.56,173,202,46.2,2026-10-09
11655,22980,Tyrone Tracy Jr.,RB,NYG,do,197,59.05,146,297,6.1,2026-10-09
12498,26005,Mason Taylor,TE,NYJ,do,197.33,8.65,186,207,1.6,2026-10-09
13420,28129,Bryce Lance,WR,NO,do,198,0,198,198,1,2026-10-09
10219,22986,Chris Rodriguez Jr.,RB,JAC,do,198,25.35,165,226,29.1,2026-10-09
8172,23153,Greg Dulcich,TE,MIA,do,198,9,189,207,6.6,2026-10-09
8111,23181,Cade Otton,TE,TB,do,198.25,19.61,169,223,6.9,2026-10-09
9225,22908,Tank Bigsby,RB,PHI,do,198.5,17.95,182,226,22.2,2026-10-09
13285,27994,Malachi Fields,WR,NYG,do,199,64.52,119,277,10.8,2026-10-09
12503,24371,Isaiah Bond,WR,CLE,do,200,57,143,257,0.6,2026-10-09
10444,25287,Cedric Tillman,WR,NO,do,201,0,201,201,1,2026-10-09
11565,23018,J.J. McCarthy,QB,NYG,do,201,49.72,147,267,2.4,2026-10-09
13353,28047,Chris Brazzell II,WR,CAR,do,202,10,192,212,1.7,2026-10-09
12524,25968,Shedeur Sanders,QB,CLE,do,202.5,14.92,180,222,2,2026-10-09
12521,23004,Elijah Arroyo,TE,SEA,do,203,15,188,218,0.8,2026-10-09
9511,25360,Keaton Mitchell,RB,LAC,do,209.25,51.03,170,297,33.7,2026-10-09
12547,27487,Kyle Williams,WR,NE,do,211.33,27.13,173,232,1.3,2026-10-09
7090,19810,Darnell Mooney,WR,NYG,do,211.67,33.17,173,254,3.1,2026-10-09
13319,25430,Oscar Delp,TE,NO,do,212,6,206,218,1.2,2026-10-09
7600,20163,Pat Freiermuth,TE,PIT,do,212.33,35.84,186,263,17.7,2026-10-09
12497,26022,Tory Horton,WR,SEA,do,213,24.91,183,244,1.8,2026-10-09
13268,27463,Elijah Sarratt,WR,BAL,do,213.5,12.5,201,226,4.1,2026-10-09
8180,24177,Jalen Nailor,WR,LV,do,214.5,21.5,193,236,17.7,2026-10-09
4035,16421,Alvin Kamara,RB,NO,do,215.25,35.92,179,275,62.3,2026-10-09
12495,25984,Ollie Gordon II,RB,MIA,do,215.33,17.33,191,230,75.7,2026-10-09
13320,25419,Zachariah Branch,WR,ATL,do,215.67,43.08,174,275,8.2,2026-10-09
96,9001,Aaron Rodgers,QB,PIT,do,215.75,39.52,169,262,21.4,2026-10-09
5095,17420,Daniel Carlson,K,NO,do,216,0,216,216,2.8,2026-10-09
11834,26409,Devaughn Vele,WR,NO,do,216,51.75,143,257,46.1,2026-10-09
12483,27224,Jack Bech,WR,LV,do,216.33,33.92,176,259,1.4,2026-10-09
12540,27315,Chimere Dike,WR,TEN,do,217.33,38.44,183,271,1.4,2026-10-09
11783,26398,Ryan Flournoy,WR,DAL,do,217.33,40.66,171,270,7.1,2026-10-09
4039,16433,Cooper Kupp,WR,SEA,do,218,10,208,228,12.2,2026-10-09
12476,23682,Devin Neal,RB,FA,do,219,0,219,219,1,2026-10-09
11647,26355,Kimani Vidal,RB,LAC,do,219.67,2.05,217,222,2.8,2026-10-09
4137,16447,James Conner,RB,ARI,do,220,0,220,220,8.7,2026-10-09
13322,28161,Sam Roush,TE,CHI,do,221,0,221,221,0.7,2026-10-09
4033,16399,David Njoku,TE,LAC,do,221.25,55.32,167,311,7.2,2026-10-09
6768,19198,Tua Tagovailoa,QB,ATL,do,221.75,32.76,178,270,4.9,2026-10-09
6865,19372,Colby Parkinson,TE,LAR,do,222,33,189,255,3.5,2026-10-09
13335,28302,Cole Payton,QB,PHI,do,224,0,224,224,1.2,2026-10-09
4981,17258,Calvin Ridley,WR,TEN,do,224.67,51.14,170,293,4.9,2026-10-09
12504,27165,Kaleb Johnson,RB,GB,do,226,41.79,176,292,6.3,2026-10-09
8188,22913,Tyquan Thornton,WR,KC,do,227,0,227,227,1.9,2026-10-09
8205,24333,Isiah Pacheco,RB,DET,do,228,54.47,184,321,22.2,2026-10-09
13329,26012,Malik Benson,WR,LV,do,228,0,228,228,0.6,2026-10-09
1166,11177,Kirk Cousins,QB,LV,do,228.33,42.71,168,261,41.8,2026-10-09
4017,16398,Deshaun Watson,QB,CLE,do,228.5,30.73,177,258,12.3,2026-10-09
13338,28067,Kevin Coleman Jr.,WR,MIA,do,229,0,229,229,1.1,2026-10-09
9502,25361,Tank Dell,WR,HOU,do,229.67,39.97,192,285,26.2,2026-10-09
6826,19229,Cole Kmet,TE,CHI,do,231,0,231,231,1.8,2026-10-09
11533,26068,Brandon Aubrey,K,DAL,do,232.75,24.27,191,249,99,2026-10-09
13302,24367,Adam Randall,RB,BAL,do,233,0,233,233,1.4,2026-10-09
4066,16411,Evan Engram,TE,DEN,do,234,29.88,199,272,3.7,2026-10-09
11597,23104,Theo Johnson,TE,NYG,do,235.33,49.47,195,305,1.4,2026-10-09
11786,26475,Cam Little,K,JAC,do,236,24.37,194,252,87,2026-10-09
9494,23080,Marvin Mims Jr.,WR,DEN,do,236.33,36.46,194,283,2.5,2026-10-09
6803,19252,Brandon Aiyuk,WR,SF,do,236.5,131.5,105,368,2.8,2026-10-09
11629,26011,Devontez Walker,WR,BAL,do,238,0,238,238,0.6,2026-10-09
7527,20156,Mac Jones,QB,SF,do,238,23,215,261,0.9,2026-10-09
5848,18226,Hollywood Brown,WR,PHI,do,239.5,10.5,229,250,1.2,2026-10-09
13272,22953,Carson Beck,QB,ARI,do,241.5,0.5,241,242,2.5,2026-10-09
13413,28424,Cyrus Allen,WR,KC,do,242,27.53,213,279,10.5,2026-10-09
11643,25987,Jaylen Wright,RB,MIA,do,242,12.83,225,256,18.6,2026-10-09
13411,28132,Zavion Thomas,WR,CHI,do,243,0,243,243,1.8,2026-10-09
8259,23901,Cameron Dicker,K,LAC,do,243.25,31.02,195,281,80.5,2026-10-09
12541,27288,Dont'e Thornton Jr.,WR,LV,do,244,0,244,244,0.7,2026-10-09
11792,26341,Will Reichard,K,MIN,do,245,34.55,200,284,70.3,2026-10-09
13303,24361,Cade Klubnik,QB,NYJ,do,246,0,246,246,1.2,2026-10-09
6149,18706,Darius Slayton,WR,IND,do,246,13,233,259,0.8,2026-10-09
10937,24009,Jake Moody,K,FA,do,246.5,33.5,213,280,1.5,2026-10-09
5854,18225,Drew Lock,QB,SEA,do,247,0,247,247,1.5,2026-10-09
8125,23739,Calvin Austin III,WR,NYG,do,248,21,227,269,1.5,2026-10-09
13347,28084,Demond Claiborne,RB,MIN,do,248,27.43,216,283,3.3,2026-10-09
1479,11616,Keenan Allen,WR,IND,do,248.5,11.5,237,260,34.1,2026-10-09
9229,24347,Anthony Richardson Sr.,QB,IND,do,249.5,8.5,241,258,1.6,2026-10-09
11581,23118,MarShawn Lloyd,RB,GB,do,249.67,37.72,222,303,51.6,2026-10-09
3451,15756,Ka'imi Fairbairn,K,HOU,do,250,32.7,201,293,91.7,2026-10-09
11789,26478,Joshua Karty,K,FA,do,252,35,217,287,1,2026-10-09
11626,26136,Xavier Legette,WR,CAR,do,253.33,39.04,209,304,1.1,2026-10-09
11650,26328,Luke McCaffrey,WR,WAS,do,254,0,254,254,0.6,2026-10-09
13306,28094,Taylen Green,QB,CLE,do,256,0,256,256,3.3,2026-10-09
9501,25304,DeMario Douglas,WR,NE,do,256.5,42.5,214,299,2.5,2026-10-09
9757,24360,Kendre Miller,RB,NO,do,256.67,33.04,210,282,8.1,2026-10-09
3321,15802,Tyreek Hill,WR,FA,do,257,8,249,265,33.9,2026-10-09
2747,14003,Jason Myers,K,SEA,do,259.25,45.12,193,312,86.1,2026-10-09
8147,22895,John Metchie III,WR,CAR,do,260,0,260,260,1.3,2026-10-09
11575,26191,Ray Davis,RB,BUF,do,262.67,25.38,233,295,5.9,2026-10-09
11435,25885,Emanuel Wilson,RB,SEA,do,263.67,53.02,191,316,78.8,2026-10-09
2505,14104,Darren Waller,TE,CAR,do,264,0,264,264,26.1,2026-10-09
1945,13029,Chris Boswell,K,PIT,do,265.75,37.16,203,300,34.1,2026-10-09
7839,23297,Evan McPherson,K,CIN,do,266.5,40.04,204,302,65.9,2026-10-09
7591,19781,Justin Fields,QB,KC,do,268,22,246,290,0.9,2026-10-09
11256,25321,Tyson Bagent,QB,CHI,do,268,0,268,268,3.7,2026-10-09
13425,26060,Jalon Daniels,QB,TB,do,269,0,269,269,2.7,2026-10-09
4227,16712,Harrison Butker,K,KC,do,269.75,48.71,207,342,42.9,2026-10-09
11539,26075,Jake Bates,K,DET,do,270.5,34.89,215,309,65.9,2026-10-09
12457,24344,Jaydon Blue,RB,PHI,do,271,0,271,271,1.3,2026-10-09
12510,22884,Jalen Milroe,QB,SEA,do,272,10,262,282,0.6,2026-10-09
6650,19058,Chase McLaughlin,K,TB,do,272.75,42.01,202,308,17,2026-10-09
11557,25967,Joe Milton III,QB,DAL,do,273,0,273,273,0.6,2026-10-09
11589,25388,Trey Benson,RB,ARI,do,273,69.76,193,363,1,2026-10-09
13380,28133,Brenen Thompson,WR,LAC,do,274,0,274,274,0.9,2026-10-09
13289,24345,Drew Allar,QB,PIT,do,276,0,276,276,0.8,2026-10-09
5119,17533,Jason Sanders,K,NYJ,do,276,56,220,332,0.7,2026-10-09
10226,25335,Andrei Iosivas,WR,CIN,do,276.5,38.5,238,315,0.9,2026-10-09
11596,26310,Ben Sinnott,TE,WAS,do,276.5,77.5,199,354,0.6,2026-10-09
12496,27182,Tai Felton,WR,MIN,do,277,0,277,277,0.6,2026-10-09
3678,16026,Wil Lutz,K,DEN,do,277,46.56,208,339,7.9,2026-10-09
12511,25972,Will Howard,QB,PIT,do,278.5,12.5,266,291,0.6,2026-10-09
4950,17268,Christian Kirk,WR,SF,do,280,81.69,213,395,2.7,2026-10-09
10218,25332,Xavier Hutchinson,WR,HOU,do,280,0,280,280,4.7,2026-10-09
12505,27076,Jalen Royals,WR,KC,do,282.5,42.5,240,325,0.6,2026-10-09
13264,28178,Dohnte Meyers,WR,CIN,do,286,0,286,286,9.5,2026-10-09
1433,13274,Brandon McManus,K,FA,do,288,0,288,288,1.1,2026-10-09
2307,13890,Marcus Mariota,QB,WAS,do,289,0,289,289,6.1,2026-10-09
12455,27259,Brashard Smith,RB,KC,do,290,7,283,297,1.1,2026-10-09
5189,17575,Eddy Pineiro,K,SF,do,291,33,258,324,49.7,2026-10-09
2020,13731,Cairo Santos,K,CHI,do,291.5,34.5,257,326,24.7,2026-10-09
11058,25533,Blake Grupe,K,NYJ,do,292,0,292,292,0.6,2026-10-09
12641,27454,Jaylin Lane,WR,WAS,do,292.5,20.5,272,313,0.6,2026-10-09
13424,23079,Seth McGowan,RB,IND,do,293,3,290,296,1.8,2026-10-09
9479,22967,Darnell Washington,TE,PIT,do,294,0,294,294,2.6,2026-10-09
4147,16423,Samaje Perine,RB,CIN,do,294,0,294,294,5.2,2026-10-09
8143,22921,Jerome Ford,RB,FA,do,294.5,3.5,291,298,3.6,2026-10-09
4177,16489,Mack Hollins,WR,NE,do,294.5,55.5,239,350,6.5,2026-10-09
11651,26392,Isaac Guerendo,RB,SF,do,295,5,290,300,0.6,2026-10-09
11571,25977,Isaiah Davis,RB,NYJ,do,296.67,17.17,275,317,5.1,2026-10-09
4195,16540,Jake Elliott,K,PHI,do,298,10,288,308,6.5,2026-10-09
11370,25823,Chris Brooks,RB,GB,do,299,37,262,336,5.2,2026-10-09
13348,28109,J'Mari Taylor,RB,JAC,do,299,0,299,299,2.3,2026-10-09
12500,23680,Quinn Ewers,QB,JAC,do,299,32,267,331,0.6,2026-10-09
6130,18280,Devin Singletary,RB,NYG,do,300.5,5.5,295,306,3.9,2026-10-09
4993,17272,Mike Gesicki,TE,CIN,do,301,0,301,301,25.6,2026-10-09
11579,23054,Audric Estime,RB,MIN,do,302,0,302,302,1,2026-10-09
12467,27310,Jordan James,RB,SF,do,302,17.38,279,321,1.4,2026-10-09
11199,25654,Emari Demercado,RB,FA,do,303,0,303,303,0.9,2026-10-09
9506,23679,Sean Tucker,RB,TB,do,304,39.82,261,357,3.4,2026-10-09
7042,19760,Tyler Bass,K,BUF,do,305,0,305,305,12.1,2026-10-09
12048,22915,George Holani,RB,SEA,do,306.5,13.5,293,320,8.4,2026-10-09
11569,24335,Jarquez Hunter,RB,MIA,do,307,21,286,328,1,2026-10-09
12531,25393,Trevor Etienne,RB,CAR,do,307.5,6.5,301,314,0.8,2026-10-09
12485,27147,Tez Johnson,WR,TB,do,309,73,236,382,0.6,2026-10-09
12472,24351,Raheim Sanders,RB,CLE,do,310,0,310,310,2.6,2026-10-09
7670,22845,Joshua Palmer,WR,BUF,do,312,69,243,381,1.6,2026-10-09
7528,19302,Najee Harris,RB,NYG,do,313.67,32.56,284,359,7.4,2026-10-09
11600,24334,Ja'Tavion Sanders,TE,CAR,do,314,59,255,373,0.6,2026-10-09
12471,27097,DJ Giddens,RB,IND,do,314.33,34,285,362,0.6,2026-10-09
10235,25322,Roschon Johnson,RB,CHI,do,315,0,315,315,1.2,2026-10-09
11562,23081,Spencer Rattler,QB,NO,do,316,0,316,316,0.6,2026-10-09
3271,15623,Tyler Higbee,TE,LAR,do,317,0,317,317,3.3,2026-10-09
11623,23135,Jordan Whittington,WR,LAR,do,317.5,53.5,264,371,0.6,2026-10-09
11439,25876,Jaleel McLaughlin,RB,CLE,do,318,0,318,318,0.6,2026-10-09
11592,23837,Erick All Jr.,TE,CIN,do,319,0,319,319,0.6,2026-10-09
5995,18256,Justice Hill,RB,BAL,do,319,38.03,271,364,7.3,2026-10-09
11570,25983,Rasheen Ali,RB,BAL,do,319,0,319,319,0.6,2026-10-09
11577,22930,Will Shipley,RB,PHI,do,320,13,307,333,43.5,2026-10-09
13408,27499,Tanner Koziol,TE,JAC,do,322,0,322,322,1.4,2026-10-09
12486,23150,Dillon Gabriel,QB,CLE,do,326.5,58.5,268,385,1,2026-10-09
13423,28297,Eli Heidenreich,RB,PIT,do,327,0,327,327,1.8,2026-10-09
13477,26037,Colbie Young,WR,CIN,do,329,0,329,329,0.8,2026-10-09
12543,26212,Tahj Brooks,RB,CIN,do,329.67,27.4,302,367,0.7,2026-10-09
8800,24205,Malik Davis,RB,DAL,do,330,63,267,393,1.5,2026-10-09
6039,18406,Ty Johnson,RB,BUF,do,332,58,274,390,1.5,2026-10-09
12470,25373,Riley Leonard,QB,IND,do,334,0,334,334,1,2026-10-09
8127,22756,Charlie Kolar,TE,LAC,do,335,0,335,335,0.7,2026-10-09
5906,18631,Dawson Knox,TE,BUF,do,337,0,337,337,1.6,2026-10-09
2306,13891,Jameis Winston,QB,NYG,do,338,0,338,338,6.7,2026-10-09
13415,23141,Haynes King,QB,CAR,do,340,0,340,340,0,2026-10-09
13400,28079,Justin Joly,TE,MIA,do,341,0,341,341,2.5,2026-10-09
13770,26139,J. Michael Sturdivant,WR,GB,do,343,0,343,343,0,2026-10-09
7828,19539,Noah Gray,TE,KC,do,344,0,344,344,0.6,2026-10-09
13394,28137,Josh Cameron,WR,JAC,do,346,0,346,346,0.8,2026-10-09
8698,24778,Jake Tonges,TE,SF,do,348,0,348,348,1.3,2026-10-09
12634,27486,Jordan Watkins,WR,SF,do,349,0,349,349,0.6,2026-10-09
5857,17527,Noah Fant,TE,NO,do,351,0,351,351,1.5,2026-10-09
13307,28157,Marlin Klein,TE,HOU,do,352,0,352,352,0.6,2026-10-09
12544,27285,LeQuint Allen Jr.,RB,JAC,do,356,33,323,389,0.7,2026-10-09
7694,22795,Tommy Tremble,TE,CAR,do,356,0,356,356,0.6,2026-10-09
7610,20082,Trey Lance,QB,LAC,do,358,0,358,358,0.6,2026-10-09
13282,27501,Jack Endries,TE,CIN,do,360,0,360,360,2.4,2026-10-09
13412,26044,Kendrick Law,WR,DET,do,361,0,361,361,1.5,2026-10-09
12473,27138,Mitchell Evans,TE,CAR,do,365,0,365,365,1,2026-10-09
12494,23066,Kyle McCord,QB,MIA,do,366,0,366,366,1,2026-10-09
12482,27144,Savion Williams,WR,GB,do,369,0,369,369,0.6,2026-10-09
13401,23167,Michael Trigg,TE,DAL,do,370,0,370,370,2.3,2026-10-09
8119,23101,Jahan Dotson,WR,ATL,do,372,0,372,372,1.4,2026-10-09
8135,22905,Treylon Burks,WR,WAS,do,374,0,374,374,1.7,2026-10-09
10231,23119,Elijah Higgins,TE,ARI,do,375,0,375,375,0.6,2026-10-09
4454,17066,Kendrick Bourne,WR,ARI,do,376,0,376,376,1.2,2026-10-09
13333,27093,Deion Burks,WR,IND,do,378,0,378,378,2,2026-10-09
8208,23812,Tyler Badie,RB,DEN,do,380,0,380,380,1,2026-10-09
13404,22998,Garrett Nussmeier,QB,KC,do,383,0,383,383,1.4,2026-10-09
13416,25387,Roman Hemby,RB,LV,do,384,0,384,384,0,2026-10-09
13299,28427,Nate Boerkircher,TE,JAC,do,386,0,386,386,1.7,2026-10-09
13533,25416,Barion Brown,WR,NO,do,387,0,387,387,1.4,2026-10-09
8219,23829,Jelani Woods,TE,NYJ,do,388,0,388,388,3.9,2026-10-09
11599,25269,Cade Stover,TE,HOU,do,391,0,391,391,0.6,2026-10-09
8160,22722,Kenny Pickett,QB,CAR,do,392,0,392,392,1,2026-10-09
12670,24372,KeAndre Lambert-Smith,WR,LAC,do,394,0,394,394,0.7,2026-10-09
4984,17298,Josh Allen,QB,BUF,dsf,1.6,1.2,1,4,99.9,2026-10-09
4881,17233,Lamar Jackson,QB,BAL,dsf,5,2.1,3,8,99.7,2026-10-09
9488,23070,Jaxon Smith-Njigba,WR,SEA,dsf,5.4,3.2,2,10,99.8,2026-10-09
7564,19788,Ja'Marr Chase,WR,CIN,dsf,6.2,2.99,1,9,99.8,2026-10-09
11564,23046,Drake Maye,QB,NE,dsf,7.4,5.43,2,16,92.3,2026-10-09
11560,23084,Caleb Williams,QB,CHI,dsf,8.6,4.36,3,14,90.4,2026-10-09
6770,19196,Joe Burrow,QB,CIN,dsf,8.8,5.11,2,16,98.6,2026-10-09
9509,23133,Bijan Robinson,RB,ATL,dsf,9.2,5.64,3,18,99.8,2026-10-09
9221,22968,Jahmyr Gibbs,RB,DET,dsf,9.4,5.61,3,19,99.8,2026-10-09
9493,23180,Puka Nacua,WR,LAR,dsf,9.4,3.61,5,15,99.8,2026-10-09
7547,19799,Amon-Ra St. Brown,WR,DET,dsf,12.6,4.76,9,22,99.8,2026-10-09
11566,22902,Jayden Daniels,QB,WAS,dsf,13.6,7.68,4,23,83.5,2026-10-09
6786,19202,CeeDee Lamb,WR,DAL,dsf,15.6,2.65,12,20,99.8,2026-10-09
4046,16413,Patrick Mahomes II,QB,KC,dsf,15.8,4.71,7,21,93.2,2026-10-09
6904,19275,Jalen Hurts,QB,PHI,dsf,16.8,7.88,6,26,97.3,2026-10-09
7523,19780,Trevor Lawrence,QB,JAC,dsf,17.8,7.6,6,26,91.9,2026-10-09
12527,25989,Ashton Jeanty,RB,LV,dsf,18.2,5.23,12,27,99.7,2026-10-09
8183,19797,Brock Purdy,QB,SF,dsf,19,5.18,12,27,92.5,2026-10-09
6794,19236,Justin Jefferson,WR,MIN,dsf,20.4,3.88,15,25,99.8,2026-10-09
8112,23163,Drake London,WR,ATL,dsf,20.6,6.09,10,27,99.6,2026-10-09
11632,25409,Malik Nabers,WR,NYG,dsf,21.6,7.17,14,34,98.7,2026-10-09
13287,25403,Jeremiyah Love,RB,ARI,dsf,22.2,13.32,13,48,99.1,2026-10-09
6797,18635,Justin Herbert,QB,LAC,dsf,22.8,11.12,8,35,76.9,2026-10-09
8138,22958,James Cook III,RB,BUF,dsf,26.8,7,19,37,99.8,2026-10-09
11563,22910,Bo Nix,QB,DEN,dsf,27.2,7.57,13,34,76.4,2026-10-09
8151,23021,Kenneth Walker III,RB,KC,dsf,28,8.51,18,42,99.6,2026-10-09
11604,22955,Brock Bowers,TE,LV,dsf,28.2,13.91,7,44,99.7,2026-10-09
6813,19217,Jonathan Taylor,RB,IND,dsf,28.4,2.58,24,32,99.8,2026-10-09
12526,25417,Tetairoa McMillan,WR,CAR,dsf,30,5.51,24,39,98.5,2026-10-09
3294,15600,Dak Prescott,QB,DAL,dsf,31.8,13.01,17,51,95.7,2026-10-09
8144,20111,Chris Olave,WR,NO,dsf,32.2,7.25,22,43,99.5,2026-10-09
8130,22936,Trey McBride,TE,ARI,dsf,33.6,14.92,9,48,99.7,2026-10-09
12508,23160,Jaxson Dart,QB,NYG,dsf,34.8,8.03,25,48,28.5,2026-10-09
12507,25395,Omarion Hampton,RB,LAC,dsf,36.4,2.65,33,41,98.5,2026-10-09
6804,19246,Jordan Love,QB,GB,dsf,37,11.37,24,57,61.4,2026-10-09
7569,20130,Nico Collins,WR,HOU,dsf,37.2,6.49,30,47,99.5,2026-10-09
8137,22963,George Pickens,WR,DAL,dsf,37.6,5,30,45,99.5,2026-10-09
9226,23136,De'Von Achane,RB,MIA,dsf,38.2,11.02,23,57,61.2,2026-10-09
12514,23062,Emeka Egbuka,WR,TB,dsf,40.2,7.93,29,51,94.7,2026-10-09
9997,22916,Zay Flowers,WR,BAL,dsf,43,16.04,23,70,99.3,2026-10-09
13279,26009,Carnell Tate,WR,TEN,dsf,43.4,9.58,30,59,89.6,2026-10-09
8146,23072,Garrett Wilson,WR,NYJ,dsf,43.6,7.55,36,58,98.3,2026-10-09
12545,23096,Tyler Shough,QB,NO,dsf,44.6,8.45,29,54,86.8,2026-10-09
3163,15501,Jared Goff,QB,DET,dsf,47.2,13.83,30,68,86.3,2026-10-09
11635,26122,Ladd McConkey,WR,LAC,dsf,49.2,4.07,42,54,94.8,2026-10-09
9228,22900,Bryce Young,QB,CAR,dsf,50.4,19.42,20,69,60.6,2026-10-09
7525,19222,DeVonta Smith,WR,PHI,dsf,50.8,5.74,41,57,98.5,2026-10-09
8155,22982,Breece Hall,RB,NYJ,dsf,51.4,12.18,39,72,97.7,2026-10-09
12519,27016,Luther Burden III,WR,CHI,dsf,51.8,15.56,33,80,93,2026-10-09
9224,25324,Chase Brown,RB,CIN,dsf,52,5.48,44,61,99.5,2026-10-09
10229,23113,Rashee Rice,WR,KC,dsf,52.4,13.38,37,74,97.7,2026-10-09
12517,26006,Colston Loveland,TE,CHI,dsf,53.6,14.96,24,65,93.2,2026-10-09
13269,28013,Fernando Mendoza,QB,LV,dsf,55.2,18.26,30,87,14.8,2026-10-09
6801,19211,Tee Higgins,WR,CIN,dsf,57.2,4.35,50,62,98.2,2026-10-09
13281,26035,Jordyn Tyson,WR,NO,dsf,57.6,20.36,39,96,54.7,2026-10-09
12518,26434,Tyler Warren,TE,IND,dsf,60.2,13.57,46,84,98.7,2026-10-09
4034,16393,Christian McCaffrey,RB,SF,dsf,60.6,10.37,40,67,99.8,2026-10-09
5859,18218,A.J. Brown,WR,NE,dsf,61.6,19.53,35,83,96.7,2026-10-09
7526,19790,Jaylen Waddle,WR,DEN,dsf,62,10.97,45,76,96.3,2026-10-09
13294,25420,Makai Lemon,WR,PHI,dsf,62,13.75,47,84,60.5,2026-10-09
9487,23106,Parker Washington,WR,JAC,dsf,64.6,24.7,42,108,94.4,2026-10-09
8150,23059,Kyren Williams,RB,LAR,dsf,65.8,4.79,62,75,99.2,2026-10-09
9758,23071,C.J. Stroud,QB,HOU,dsf,66.2,23.29,38,90,45,2026-10-09
8148,23677,Jameson Williams,WR,DET,dsf,67,11.7,52,86,93.6,2026-10-09
4943,17236,Sam Darnold,QB,SEA,dsf,67.8,19.72,39,90,49.8,2026-10-09
4892,17237,Baker Mayfield,QB,TB,dsf,68,13.68,56,90,43.4,2026-10-09
4866,17240,Saquon Barkley,RB,PHI,dsf,68.2,8.52,53,78,99.4,2026-10-09
12512,25391,Quinshon Judkins,RB,CLE,dsf,68.8,14.51,53,94,95.2,2026-10-09
12529,23065,TreVeyon Henderson,RB,NE,dsf,69,5.69,60,75,90.1,2026-10-09
12506,27050,Harold Fannin Jr.,TE,CLE,dsf,69.2,15.47,45,91,93.6,2026-10-09
8167,23886,Christian Watson,WR,GB,dsf,69.6,18.38,45,96,95.3,2026-10-09
10859,22978,Sam LaPorta,TE,DET,dsf,71.4,3.72,67,78,97.7,2026-10-09
11620,25411,Rome Odunze,WR,CHI,dsf,71.8,19.04,50,102,88.5,2026-10-09
421,9451,Matthew Stafford,QB,LAR,dsf,72,28.03,28,98,91,2026-10-09
9484,25298,Tucker Kraft,TE,GB,dsf,72.2,8.57,63,83,93.3,2026-10-09
11584,25981,Bucky Irving,RB,TB,dsf,73.8,8.91,64,90,96.9,2026-10-09
5849,18600,Kyler Murray,QB,MIN,dsf,75.4,14.95,55,97,60.7,2026-10-09
10236,25247,Dalton Kincaid,TE,BUF,dsf,76.8,9.45,60,89,93.4,2026-10-09
8161,23499,Malik Willis,QB,MIA,dsf,77.2,13.66,57,93,23.2,2026-10-09
12522,24755,Cam Ward,QB,TEN,dsf,78.2,9,69,91,9.3,2026-10-09
13286,27329,Jadarian Price,RB,SEA,dsf,80.2,10.32,64,94,82.6,2026-10-09
13330,26055,Kenyon Sadiq,TE,NYJ,dsf,80.6,10.76,70,94,48.8,2026-10-09
13298,27331,KC Concepcion Jr.,WR,CLE,dsf,81.6,17.37,54,108,65.8,2026-10-09
12481,27166,Cam Skattebo,RB,NYG,dsf,83.2,11.07,75,105,97.8,2026-10-09
13346,27339,Denzel Boston,WR,CLE,dsf,83.2,21.29,56,109,67.2,2026-10-09
7588,22739,Javonte Williams,RB,DAL,dsf,87,11.08,73,100,99.3,2026-10-09
11631,23000,Brian Thomas Jr.,WR,JAC,dsf,87.2,14.55,66,106,66.8,2026-10-09
3198,15514,Derrick Henry,RB,BAL,dsf,88.2,9.56,77,104,99.7,2026-10-09
11628,23064,Marvin Harrison Jr.,WR,ARI,dsf,89,26.47,55,126,70.4,2026-10-09
9756,23107,Jordan Addison,WR,MIN,dsf,89.2,7.19,83,103,82.8,2026-10-09
7553,20164,Kyle Pitts Sr.,TE,ATL,dsf,90,19.96,73,127,70.7,2026-10-09
12490,27297,Bhayshul Tuten,RB,JAC,dsf,92.2,10.98,72,101,94.3,2026-10-09
5927,18466,Terry McLaurin,WR,WAS,dsf,92.8,18.59,56,105,93.4,2026-10-09
10232,25333,Michael Wilson,WR,ARI,dsf,93.4,9.18,81,103,92.4,2026-10-09
5870,18232,Daniel Jones,QB,IND,dsf,94.4,14.47,77,120,22.8,2026-10-09
4983,17265,DJ Moore,WR,BUF,dsf,95.8,7.88,85,107,94.8,2026-10-09
2133,12123,Davante Adams,WR,LAR,dsf,96.2,19.57,59,116,97.9,2026-10-09
6790,19210,D'Andre Swift,RB,CHI,dsf,96.4,8.04,81,104,96.7,2026-10-09
8131,23781,Isaiah Likely,TE,NYG,dsf,97.4,15.28,83,126,88.9,2026-10-09
9500,24706,Josh Downs,WR,IND,dsf,101,15.01,77,121,83.9,2026-10-09
12501,26024,Matthew Golden,WR,GB,dsf,104.2,24.7,69,134,89.5,2026-10-09
11646,26403,Jalen Coker,WR,CAR,dsf,104.6,24.26,74,132,86.6,2026-10-09
7543,19231,Travis Etienne Jr.,RB,NO,dsf,105.6,19.06,85,140,87.5,2026-10-09
5846,18219,DK Metcalf,WR,PIT,dsf,105.8,10.42,91,123,91.5,2026-10-09
8142,23791,Alec Pierce,WR,IND,dsf,106,10.49,92,119,67.3,2026-10-09
13275,25368,Ty Simpson,QB,LAR,dsf,106.25,5.4,98,113,3.6,2026-10-09
4217,16499,George Kittle,TE,SF,dsf,107.4,18.8,89,140,96.4,2026-10-09
8228,24209,Jaylen Warren,RB,PIT,dsf,110.4,16.12,95,141,93.8,2026-10-09
11624,23019,Xavier Worthy,WR,KC,dsf,111.4,14.57,85,129,66.1,2026-10-09
7594,19792,Chuba Hubbard,RB,CAR,dsf,112.8,5.49,103,120,95.2,2026-10-09
2216,12119,Mike Evans,WR,SF,dsf,115,2.97,111,120,94,2026-10-09
11559,22973,Michael Penix Jr.,QB,ATL,dsf,116.8,15.01,91,136,10.3,2026-10-09
12484,27077,Jayden Higgins,WR,HOU,dsf,117.4,12.75,97,137,3.1,2026-10-09
13301,25418,Antonio Williams,WR,WAS,dsf,118.4,19.37,87,142,8.6,2026-10-09
8126,22985,Wan'Dale Robinson,WR,TEN,dsf,118.8,9.83,109,136,64,2026-10-09
13276,28127,Omar Cooper Jr.,WR,NYJ,dsf,122.4,20.46,91,150,13.3,2026-10-09
5892,18239,David Montgomery,RB,HOU,dsf,122.8,8.28,114,138,95.6,2026-10-09
12534,27131,Kyle Monangai,RB,CHI,dsf,123.8,13.5,110,144,83.7,2026-10-09
5850,18269,Josh Jacobs,RB,GB,dsf,126.4,25.09,86,153,83.7,2026-10-09
8110,22718,Jake Ferguson,TE,DAL,dsf,127.4,4.63,122,135,78.5,2026-10-09
12487,23091,Terrance Ferguson,TE,LAR,dsf,127.4,25.74,95,154,16.3,2026-10-09
9754,23123,Quentin Johnston,WR,LAC,dsf,128,12.51,113,148,60.5,2026-10-09
3257,15642,Jacoby Brissett,QB,ARI,dsf,129,32.21,82,170,32.6,2026-10-09
11586,23013,Blake Corum,RB,LAR,dsf,130.2,16.51,101,150,72.3,2026-10-09
12493,25997,Oronde Gadsden II,TE,LAC,dsf,130.2,2.99,125,133,13.6,2026-10-09
13345,27320,Jonah Coleman,RB,DEN,dsf,131.4,32.9,104,195,33,2026-10-09
4037,16406,Chris Godwin Jr.,WR,TB,dsf,131.6,23.51,112,177,70.9,2026-10-09
9480,25345,Brenton Strange,TE,JAC,dsf,132.4,9.75,123,151,36.9,2026-10-09
13417,28138,De'Zhaun Stribling,WR,SF,dsf,132.8,30.51,93,185,41,2026-10-09
6819,19278,Michael Pittman Jr.,WR,PIT,dsf,133.6,25.97,105,171,68.3,2026-10-09
8134,23748,Khalil Shakir,WR,BUF,dsf,134.8,15.74,110,157,57.1,2026-10-09
13349,23144,Eli Stowers,TE,PHI,dsf,135.4,22.7,104,164,4.2,2026-10-09
1466,11594,Travis Kelce,TE,KC,dsf,136,33.44,89,168,94.8,2026-10-09
11565,23018,J.J. McCarthy,QB,NYG,dsf,137,44,93,181,2.4,2026-10-09
5012,17269,Mark Andrews,TE,BAL,dsf,137.4,17.96,107,158,79.3,2026-10-09
5022,17270,Dallas Goedert,TE,PHI,dsf,138,21.17,103,161,71.3,2026-10-09
12489,27142,RJ Harvey,RB,DEN,dsf,138,16.28,107,155,81.6,2026-10-09
2449,13981,Stefon Diggs,WR,WAS,dsf,138,7.87,127,145,87.3,2026-10-09
1373,11687,Geno Smith,QB,NYJ,dsf,138.8,1.94,136,142,9.8,2026-10-09
7002,19562,Juwan Johnson,TE,NO,dsf,140,13.15,126,162,69.2,2026-10-09
5045,17253,Courtland Sutton,WR,DEN,dsf,141,28.51,110,176,73.5,2026-10-09
8121,23794,Romeo Doubs,WR,NE,dsf,142,25.99,106,175,69,2026-10-09
7611,22726,Rhamondre Stevenson,RB,NE,dsf,142.2,13.35,121,155,91,2026-10-09
10222,23020,Jayden Reed,WR,GB,dsf,143.6,16.69,120,171,33.4,2026-10-09
12492,27211,Pat Bryant,WR,DEN,dsf,146.5,19.55,124,177,6.9,2026-10-09
5947,18598,Jakobi Meyers,WR,JAC,dsf,147,24.63,115,186,66.9,2026-10-09
13311,26038,Chris Bell,WR,MIA,dsf,147.2,44.57,111,235,7.3,2026-10-09
11625,24357,Adonai Mitchell,WR,NYJ,dsf,148.75,21.36,117,177,27.4,2026-10-09
13272,22953,Carson Beck,QB,ARI,dsf,149.5,0.5,149,150,2.5,2026-10-09
7021,19647,Rico Dowdle,RB,PIT,dsf,149.6,10.48,140,170,76.2,2026-10-09
11638,26214,Ricky Pearsall,WR,SF,dsf,152.5,38.95,113,215,2.4,2026-10-09
5001,17349,Dalton Schultz,TE,HOU,dsf,152.75,24.07,126,189,53.9,2026-10-09
12509,26215,Tre' Harris,WR,LAC,dsf,154.25,20.15,124,174,12.6,2026-10-09
12524,25968,Shedeur Sanders,QB,CLE,dsf,154.8,21.92,130,182,2,2026-10-09
5967,18705,Tony Pollard,RB,TEN,dsf,155,15.49,125,169,87.7,2026-10-09
13296,28135,Caleb Douglas,WR,MIA,dsf,156.75,34.46,118,212,16,2026-10-09
9753,23152,Zach Charbonnet,RB,SEA,dsf,158.2,22.68,141,202,60,2026-10-09
4017,16398,Deshaun Watson,QB,CLE,dsf,158.67,19.36,137,184,12.3,2026-10-09
96,9001,Aaron Rodgers,QB,PIT,dsf,159,38.22,118,210,21.4,2026-10-09
12533,27316,Jacory Croskey-Merritt,RB,WAS,dsf,159.2,12.91,147,183,76.5,2026-10-09
8210,23982,Chig Okonkwo,TE,WAS,dsf,161,35.39,95,189,18.8,2026-10-09
12474,27520,Woody Marks,RB,HOU,dsf,161,20.68,121,181,52.8,2026-10-09
13317,28130,Ted Hurst III,WR,TB,dsf,161.33,33.98,118,201,4.4,2026-10-09
5872,18244,Deebo Samuel Sr.,WR,SF,dsf,162.5,25.66,138,203,80.6,2026-10-09
5844,18290,T.J. Hockenson,TE,MIN,dsf,162.8,9.02,152,179,53,2026-10-09
11583,26148,Jonathon Brooks,RB,CAR,dsf,163,12.36,140,175,45.7,2026-10-09
8676,24687,Rashid Shaheed,WR,SEA,dsf,164.5,27.48,123,198,32.7,2026-10-09
6768,19198,Tua Tagovailoa,QB,ATL,dsf,165,21,144,194,4.9,2026-10-09
11618,23179,Jalen McMillan,WR,TB,dsf,165.6,27.77,141,209,9.2,2026-10-09
9504,22989,Kayshon Boutte,WR,HOU,dsf,166,14.61,145,185,16,2026-10-09
13293,27337,Ja'Kobi Lane,WR,BAL,dsf,166.25,44.54,112,234,21.9,2026-10-09
11603,26335,AJ Barner,TE,SEA,dsf,166.4,18.58,141,192,13.7,2026-10-09
12530,26034,Travis Hunter,WR,JAC,dsf,167.4,29.59,124,208,47.7,2026-10-09
1166,11177,Kirk Cousins,QB,LV,dsf,168,74,94,242,41.8,2026-10-09
12536,27122,Jaylin Noel,WR,HOU,dsf,168.5,7.63,156,176,4.3,2026-10-09
6806,19245,J.K. Dobbins,RB,DEN,dsf,170.4,13.12,153,190,80.1,2026-10-09
9486,24354,Dontayvion Wicks,WR,PHI,dsf,171.25,35.74,134,228,36.2,2026-10-09
13274,26039,Germie Bernard,WR,PIT,dsf,171.25,37.01,133,226,5.5,2026-10-09
13337,28107,Emmett Johnson,RB,KC,dsf,172,24.81,132,199,23.4,2026-10-09
8136,23891,Rachaad White,RB,WAS,dsf,172.8,20.61,147,199,60.7,2026-10-09
13421,28154,Eli Raridon,TE,NE,dsf,173.67,16.74,150,186,1.5,2026-10-09
8408,22969,Jordan Mason,RB,MIN,dsf,174.6,13.82,162,196,66.9,2026-10-09
7567,23310,Kenny Gainwell,RB,TB,dsf,174.8,14.62,155,195,58.4,2026-10-09
8132,24172,Tyler Allgeier,RB,ARI,dsf,177.6,18.96,152,202,46.1,2026-10-09
3214,15561,Hunter Henry,TE,NE,dsf,178.6,8.71,167,190,53,2026-10-09
10213,25337,Tre Tucker,WR,LV,dsf,179,22.97,157,216,39.1,2026-10-09
4199,16673,Aaron Jones Sr.,RB,MIN,dsf,181.4,19.06,160,213,87.5,2026-10-09
12499,27059,Elic Ayomanor,WR,TEN,dsf,184.75,14.08,168,207,1.3,2026-10-09
13305,28108,Mike Washington Jr.,RB,LV,dsf,184.75,30.37,164,237,37.9,2026-10-09
12718,27449,Konata Mumpfield,WR,LAR,dsf,185,0,185,185,2.5,2026-10-09
11610,26314,Malik Washington,WR,MIA,dsf,186,28.89,157,234,40.9,2026-10-09
6783,19201,Jerry Jeudy,WR,CLE,dsf,187.5,40.89,136,231,14.6,2026-10-09
13402,28126,Skyler Bell,WR,BUF,dsf,187.5,8.5,179,196,2.9,2026-10-09
11576,24346,Braelon Allen,RB,NYJ,dsf,187.6,17.12,160,205,73.8,2026-10-09
9508,25323,Tyjae Spears,RB,TEN,dsf,189.2,21.76,169,231,35.5,2026-10-09
11627,23092,Troy Franklin,WR,DEN,dsf,190.75,35.84,154,235,1.8,2026-10-09
12502,27109,Gunnar Helm,TE,TEN,dsf,190.8,12.06,172,210,3.2,2026-10-09
10219,22986,Chris Rodriguez Jr.,RB,JAC,dsf,192,25.75,163,224,29.1,2026-10-09
13289,24345,Drew Allar,QB,PIT,dsf,193,0,193,193,0.8,2026-10-09
12535,27446,Isaac TeSlaa,WR,DET,dsf,193.5,22.68,165,226,4.6,2026-10-09
13288,24343,Nicholas Singleton,RB,TEN,dsf,193.6,29.57,165,242,8,2026-10-09
13320,25419,Zachariah Branch,WR,ATL,dsf,193.75,40.27,143,253,8.2,2026-10-09
8172,23153,Greg Dulcich,TE,MIA,dsf,194.67,9.81,183,207,6.6,2026-10-09
9511,25360,Keaton Mitchell,RB,LAC,dsf,194.8,35.72,160,263,33.7,2026-10-09
13278,27993,Max Klare,TE,LAR,dsf,195,28.79,156,232,2,2026-10-09
9482,23056,Michael Mayer,TE,LV,dsf,197.67,23.8,167,225,10.2,2026-10-09
13414,28401,Kaelon Black,RB,SF,dsf,198,34.67,149,224,28.2,2026-10-09
13285,27994,Malachi Fields,WR,NYG,dsf,198.25,43.89,131,254,10.8,2026-10-09
12469,27102,Dylan Sampson,RB,CLE,dsf,198.8,19.72,171,218,9.1,2026-10-09
8111,23181,Cade Otton,TE,TB,dsf,200.8,16.07,173,222,6.9,2026-10-09
11655,22980,Tyrone Tracy Jr.,RB,NYG,dsf,202.6,42.63,156,261,6.1,2026-10-09
7049,19590,Jauan Jennings,WR,MIN,dsf,203.33,36.44,152,233,14,2026-10-09
8154,20094,Brian Robinson Jr.,RB,ATL,dsf,203.4,14.62,177,222,46.2,2026-10-09
11834,26409,Devaughn Vele,WR,NO,dsf,203.75,39.45,150,244,46.1,2026-10-09
10444,25287,Cedric Tillman,WR,NO,dsf,206,0,206,206,1,2026-10-09
9225,22908,Tank Bigsby,RB,PHI,dsf,206.2,18.82,184,228,22.2,2026-10-09
12497,26022,Tory Horton,WR,SEA,dsf,208,19.66,188,237,1.8,2026-10-09
7571,19794,Rashod Bateman,WR,BAL,dsf,208.5,34.57,178,262,22.6,2026-10-09
8180,24177,Jalen Nailor,WR,LV,dsf,211.33,14.82,198,232,17.7,2026-10-09
13319,25430,Oscar Delp,TE,NO,dsf,211.67,6.02,206,220,1.2,2026-10-09
13268,27463,Elijah Sarratt,WR,BAL,dsf,212,10.68,203,227,4.1,2026-10-09
7600,20163,Pat Freiermuth,TE,PIT,dsf,212,23.59,188,247,17.7,2026-10-09
11783,26398,Ryan Flournoy,WR,DAL,dsf,212,27.25,173,250,7.1,2026-10-09
12498,26005,Mason Taylor,TE,NYJ,dsf,212.25,21.16,191,247,1.6,2026-10-09
12540,27315,Chimere Dike,WR,TEN,dsf,214,21.81,188,247,1.4,2026-10-09
12504,27165,Kaleb Johnson,RB,GB,dsf,214.6,25.57,180,257,6.3,2026-10-09
4035,16421,Alvin Kamara,RB,NO,dsf,215.2,23.13,181,250,62.3,2026-10-09
6865,19372,Colby Parkinson,TE,LAR,dsf,217,23,194,240,3.5,2026-10-09
11637,26019,Keon Coleman,WR,BUF,dsf,217,38.98,179,281,41.4,2026-10-09
13353,28047,Chris Brazzell II,WR,CAR,dsf,217.67,19.6,197,244,1.7,2026-10-09
9502,25361,Tank Dell,WR,HOU,dsf,218,22.29,197,255,26.2,2026-10-09
12547,27487,Kyle Williams,WR,NE,dsf,218.25,23.47,178,237,1.3,2026-10-09
12483,27224,Jack Bech,WR,LV,dsf,218.75,23.63,181,242,1.4,2026-10-09
11581,23118,MarShawn Lloyd,RB,GB,dsf,219,36.31,164,266,51.6,2026-10-09
13322,28161,Sam Roush,TE,CHI,dsf,220,0,220,220,0.7,2026-10-09
4033,16399,David Njoku,TE,LAC,dsf,220.6,36.03,171,269,7.2,2026-10-09
8205,24333,Isiah Pacheco,RB,DET,dsf,221.6,30.92,185,275,22.2,2026-10-09
12521,23004,Elijah Arroyo,TE,SEA,dsf,222,25.96,193,256,0.8,2026-10-09
13413,28424,Cyrus Allen,WR,KC,dsf,224.25,22.73,195,256,10.5,2026-10-09
7090,19810,Darnell Mooney,WR,NYG,dsf,224.25,35.7,175,272,3.1,2026-10-09
8188,22913,Tyquan Thornton,WR,KC,dsf,225,0,225,225,1.9,2026-10-09
13329,26012,Malik Benson,WR,LV,dsf,226,0,226,226,0.6,2026-10-09
6803,19252,Brandon Aiyuk,WR,SF,dsf,227,79.43,118,305,2.8,2026-10-09
7527,20156,Mac Jones,QB,SF,dsf,227,0,227,227,0.9,2026-10-09
6826,19229,Cole Kmet,TE,CHI,dsf,228,0,228,228,1.8,2026-10-09
1479,11616,Keenan Allen,WR,IND,dsf,229,15.12,208,243,34.1,2026-10-09
12495,25984,Ollie Gordon II,RB,MIA,dsf,229.75,27.32,193,270,75.7,2026-10-09
11597,23104,Theo Johnson,TE,NYG,dsf,230.75,27.2,200,266,1.4,2026-10-09
12503,24371,Isaiah Bond,WR,CLE,dsf,231,60.02,153,299,0.6,2026-10-09
13420,28129,Bryce Lance,WR,NO,dsf,231.5,31.5,200,263,1,2026-10-09
13347,28084,Demond Claiborne,RB,MIN,dsf,232.25,14.87,218,254,3.3,2026-10-09
13303,24361,Cade Klubnik,QB,NYJ,dsf,234,0,234,234,1.2,2026-10-09
11629,26011,Devontez Walker,WR,BAL,dsf,234,0,234,234,0.6,2026-10-09
11647,26355,Kimani Vidal,RB,LAC,dsf,234,23.18,219,274,2.8,2026-10-09
4066,16411,Evan Engram,TE,DEN,dsf,234.25,19.4,204,254,3.7,2026-10-09
5848,18226,Hollywood Brown,WR,PHI,dsf,235.5,5.5,230,241,1.2,2026-10-09
4981,17258,Calvin Ridley,WR,TEN,dsf,235.75,47.74,172,300,4.9,2026-10-09
13411,28132,Zavion Thomas,WR,CHI,dsf,236,0,236,236,1.8,2026-10-09
8125,23739,Calvin Austin III,WR,NYG,dsf,238.5,10.5,228,249,1.5,2026-10-09
6149,18706,Darius Slayton,WR,IND,dsf,238.5,6.5,232,245,0.8,2026-10-09
12541,27288,Dont'e Thornton Jr.,WR,LV,dsf,240,0,240,240,0.7,2026-10-09
4137,16447,James Conner,RB,ARI,dsf,240.33,25.93,222,277,8.7,2026-10-09
12457,24344,Jaydon Blue,RB,PHI,dsf,240.5,10.5,230,251,1.3,2026-10-09
7591,19781,Justin Fields,QB,KC,dsf,241,0,241,241,0.9,2026-10-09
9494,23080,Marvin Mims Jr.,WR,DEN,dsf,241.75,31.04,199,284,2.5,2026-10-09
11650,26328,Luke McCaffrey,WR,WAS,dsf,242,0,242,242,0.6,2026-10-09
11626,26136,Xavier Legette,WR,CAR,dsf,242.5,20.08,212,265,1.1,2026-10-09
4993,17272,Mike Gesicki,TE,CIN,dsf,243.5,20.5,223,264,25.6,2026-10-09
2505,14104,Darren Waller,TE,CAR,dsf,245,0,245,245,26.1,2026-10-09
11575,26191,Ray Davis,RB,BUF,dsf,245.25,9.23,233,259,5.9,2026-10-09
11643,25987,Jaylen Wright,RB,MIA,dsf,245.75,19.12,223,276,18.6,2026-10-09
11596,26310,Ben Sinnott,TE,WAS,dsf,246,36.99,204,294,0.6,2026-10-09
8147,22895,John Metchie III,WR,CAR,dsf,246,0,246,246,1.3,2026-10-09
11589,25388,Trey Benson,RB,ARI,dsf,246,36.72,198,301,1,2026-10-09
4039,16433,Cooper Kupp,WR,SEA,dsf,247,38.88,211,301,12.2,2026-10-09
12476,23682,Devin Neal,RB,FA,dsf,247,26,221,273,1,2026-10-09
13302,24367,Adam Randall,RB,BAL,dsf,248.5,18.5,230,267,1.4,2026-10-09
13400,28079,Justin Joly,TE,MIA,dsf,249,36,213,285,2.5,2026-10-09
13404,22998,Garrett Nussmeier,QB,KC,dsf,251,0,251,251,1.4,2026-10-09
12496,27182,Tai Felton,WR,MIN,dsf,251,0,251,251,0.6,2026-10-09
9757,24360,Kendre Miller,RB,NO,dsf,251.75,28.03,210,289,8.1,2026-10-09
13335,28302,Cole Payton,QB,PHI,dsf,252,0,252,252,1.2,2026-10-09
11435,25885,Emanuel Wilson,RB,SEA,dsf,252,34.37,196,287,78.8,2026-10-09
10218,25332,Xavier Hutchinson,WR,HOU,dsf,252,0,252,252,4.7,2026-10-09
13338,28067,Kevin Coleman Jr.,WR,MIA,dsf,253,26,227,279,1.1,2026-10-09
12511,25972,Will Howard,QB,PIT,dsf,253,0,253,253,0.6,2026-10-09
10226,25335,Andrei Iosivas,WR,CIN,dsf,254,17,237,271,0.9,2026-10-09
13264,28178,Dohnte Meyers,WR,CIN,dsf,256,0,256,256,9.5,2026-10-09
13408,27499,Tanner Koziol,TE,JAC,dsf,256,20,236,276,1.4,2026-10-09
12505,27076,Jalen Royals,WR,KC,dsf,257.5,19.5,238,277,0.6,2026-10-09
9501,25304,DeMario Douglas,WR,NE,dsf,258.67,32.4,217,296,2.5,2026-10-09
4950,17268,Christian Kirk,WR,SF,dsf,259,49.93,216,329,2.7,2026-10-09
4147,16423,Samaje Perine,RB,CIN,dsf,259,0,259,259,5.2,2026-10-09
12500,23680,Quinn Ewers,QB,JAC,dsf,260,0,260,260,0.6,2026-10-09
13424,23079,Seth McGowan,RB,IND,dsf,260.33,4.5,255,266,1.8,2026-10-09
9506,23679,Sean Tucker,RB,TB,dsf,260.5,22.16,239,296,3.4,2026-10-09
12641,27454,Jaylin Lane,WR,WAS,dsf,261,9,252,270,0.6,2026-10-09
11592,23837,Erick All Jr.,TE,CIN,dsf,261.5,11.5,250,273,0.6,2026-10-09
3321,15802,Tyreek Hill,WR,FA,dsf,262.67,27.92,240,302,33.9,2026-10-09
12455,27259,Brashard Smith,RB,KC,dsf,263.33,5.79,257,271,1.1,2026-10-09
6130,18280,Devin Singletary,RB,NYG,dsf,263.5,3.5,260,267,3.9,2026-10-09
4177,16489,Mack Hollins,WR,NE,dsf,263.5,27.5,236,291,6.5,2026-10-09
13348,28109,J'Mari Taylor,RB,JAC,dsf,264,0,264,264,2.3,2026-10-09
13380,28133,Brenen Thompson,WR,LAC,dsf,264.5,15.5,249,280,0.9,2026-10-09
11370,25823,Chris Brooks,RB,GB,dsf,264.5,18.5,246,283,5.2,2026-10-09
12467,27310,Jordan James,RB,SF,dsf,264.75,8.58,252,276,1.4,2026-10-09
11579,23054,Audric Estime,RB,MIN,dsf,265,0,265,265,1,2026-10-09
11571,25977,Isaiah Davis,RB,NYJ,dsf,265.75,10.26,251,278,5.1,2026-10-09
11199,25654,Emari Demercado,RB,FA,dsf,268,0,268,268,0.9,2026-10-09
12472,24351,Raheim Sanders,RB,CLE,dsf,268,0,268,268,2.6,2026-10-09
11562,23081,Spencer Rattler,QB,NO,dsf,268,0,268,268,0.6,2026-10-09
13423,28297,Eli Heidenreich,RB,PIT,dsf,268.5,9.5,259,278,1.8,2026-10-09
13306,28094,Taylen Green,QB,CLE,dsf,269,0,269,269,3.3,2026-10-09
10235,25322,Roschon Johnson,RB,CHI,dsf,270,0,270,270,1.2,2026-10-09
11651,26392,Isaac Guerendo,RB,SF,dsf,270.33,10.5,261,285,0.6,2026-10-09
12471,27097,DJ Giddens,RB,IND,dsf,271.25,16.74,259,300,0.6,2026-10-09
3271,15623,Tyler Higbee,TE,LAR,dsf,272,0,272,272,3.3,2026-10-09
8143,22921,Jerome Ford,RB,FA,dsf,272.33,17.75,256,297,3.6,2026-10-09
12048,22915,George Holani,RB,SEA,dsf,272.67,11.47,258,286,8.4,2026-10-09
7528,19302,Najee Harris,RB,NYG,dsf,272.67,17.33,258,297,7.4,2026-10-09
11439,25876,Jaleel McLaughlin,RB,CLE,dsf,273,0,273,273,0.6,2026-10-09
11569,24335,Jarquez Hunter,RB,MIA,dsf,274,10.03,260,283,1,2026-10-09
11570,25983,Rasheen Ali,RB,BAL,dsf,274,0,274,274,0.6,2026-10-09
9229,24347,Anthony Richardson Sr.,QB,IND,dsf,275,0,275,275,1.6,2026-10-09
12531,25393,Trevor Etienne,RB,CAR,dsf,275,10.68,266,290,0.8,2026-10-09
5995,18256,Justice Hill,RB,BAL,dsf,276,21.65,249,302,7.3,2026-10-09
12485,27147,Tez Johnson,WR,TB,dsf,277,42,235,319,0.6,2026-10-09
11577,22930,Will Shipley,RB,PHI,dsf,277,6.38,268,282,43.5,2026-10-09
13282,27501,Jack Endries,TE,CIN,dsf,277.5,20.5,257,298,2.4,2026-10-09
9479,22967,Darnell Washington,TE,PIT,dsf,278,20,258,298,2.6,2026-10-09
7670,22845,Joshua Palmer,WR,BUF,dsf,278.5,39.5,239,318,1.6,2026-10-09
13333,27093,Deion Burks,WR,IND,dsf,279,36,243,315,2,2026-10-09
13477,26037,Colbie Young,WR,CIN,dsf,280,0,280,280,0.8,2026-10-09
11600,24334,Ja'Tavion Sanders,TE,CAR,dsf,282,28.44,243,310,0.6,2026-10-09
12473,27138,Mitchell Evans,TE,CAR,dsf,282,21,261,303,1,2026-10-09
5906,18631,Dawson Knox,TE,BUF,dsf,284,0,284,284,1.6,2026-10-09
8127,22756,Charlie Kolar,TE,LAC,dsf,285,3,282,288,0.7,2026-10-09
12543,26212,Tahj Brooks,RB,CIN,dsf,285,14.71,267,304,0.7,2026-10-09
13770,26139,J. Michael Sturdivant,WR,GB,dsf,286,0,286,286,0,2026-10-09
11623,23135,Jordan Whittington,WR,LAR,dsf,286.33,27.18,248,308,0.6,2026-10-09
7828,19539,Noah Gray,TE,KC,dsf,287,0,287,287,0.6,2026-10-09
8800,24205,Malik Davis,RB,DAL,dsf,287.5,39.5,248,327,1.5,2026-10-09
6039,18406,Ty Johnson,RB,BUF,dsf,287.5,37.5,250,325,1.5,2026-10-09
13394,28137,Josh Cameron,WR,JAC,dsf,288,0,288,288,0.8,2026-10-09
12634,27486,Jordan Watkins,WR,SF,dsf,290,0,290,290,0.6,2026-10-09
12510,22884,Jalen Milroe,QB,SEA,dsf,291,0,291,291,0.6,2026-10-09
8117,23770,Jalen Tolbert,WR,MIA,dsf,292,0,292,292,1.1,2026-10-09
5857,17527,Noah Fant,TE,NO,dsf,292,0,292,292,1.5,2026-10-09
13307,28157,Marlin Klein,TE,HOU,dsf,293,0,293,293,0.6,2026-10-09
7694,22795,Tommy Tremble,TE,CAR,dsf,295,0,295,295,0.6,2026-10-09
8698,24778,Jake Tonges,TE,SF,dsf,296.5,7.5,289,304,1.3,2026-10-09
13412,26044,Kendrick Law,WR,DET,dsf,299,0,299,299,1.5,2026-10-09
12544,27285,LeQuint Allen Jr.,RB,JAC,dsf,299,18.99,278,324,0.7,2026-10-09
12482,27144,Savion Williams,WR,GB,dsf,306,0,306,306,0.6,2026-10-09
13401,23167,Michael Trigg,TE,DAL,dsf,307,0,307,307,2.3,2026-10-09
8119,23101,Jahan Dotson,WR,ATL,dsf,309,0,309,309,1.4,2026-10-09
8135,22905,Treylon Burks,WR,WAS,dsf,311,0,311,311,1.7,2026-10-09
10231,23119,Elijah Higgins,TE,ARI,dsf,312,0,312,312,0.6,2026-10-09
4454,17066,Kendrick Bourne,WR,ARI,dsf,313,0,313,313,1.2,2026-10-09
8208,23812,Tyler Badie,RB,DEN,dsf,317,0,317,317,1,2026-10-09
13416,25387,Roman Hemby,RB,LV,dsf,320,0,320,320,0,2026-10-09
13299,28427,Nate Boerkircher,TE,JAC,dsf,321,0,321,321,1.7,2026-10-09
13533,25416,Barion Brown,WR,NO,dsf,322,0,322,322,1.4,2026-10-09
8219,23829,Jelani Woods,TE,NYJ,dsf,323,0,323,323,3.9,2026-10-09
11599,25269,Cade Stover,TE,HOU,dsf,326,0,326,326,0.6,2026-10-09
12670,24372,KeAndre Lambert-Smith,WR,LAC,dsf,328,0,328,328,0.7,2026-10-09
9221,22968,Jahmyr Gibbs,RB,DET,ro,1,0,1,1,99.8,2026-10-09
6949,19292,Jordyn Brooks,LB,MIA,ro,1,0,1,1,69.9,2026-10-09
12578,27236,Carson Schwesinger,LB,CLE,ro,2,0,2,2,72.4,2026-10-09
9509,23133,Bijan Robinson,RB,ATL,ro,3,0,3,3,99.8,2026-10-09
4960,17311,Roquan Smith,LB,BAL,ro,3,0,3,3,87.1,2026-10-09
9488,23070,Jaxon Smith-Njigba,WR,SEA,ro,3.33,1.89,2,6,99.8,2026-10-09
10880,25435,Jack Campbell,LB,DET,ro,4,0,4,4,86.1,2026-10-09
8151,23021,Kenneth Walker III,RB,KC,ro,4.5,0.5,4,5,99.6,2026-10-09
7564,19788,Ja'Marr Chase,WR,CIN,ro,4.67,1.89,2,6,99.8,2026-10-09
5041,17526,Fred Warner,LB,SF,ro,5,0,5,5,90.2,2026-10-09
10892,24717,Will Anderson Jr.,DL,HOU,ro,5.5,2.5,3,8,67.2,2026-10-09
6813,19217,Jonathan Taylor,RB,IND,ro,5.83,2.34,4,11,99.8,2026-10-09
7672,23245,Ernest Jones IV,LB,SEA,ro,6,0,6,6,53,2026-10-09
6183,18573,Andrew Van Ginkel,LB,MIN,ro,7,0,7,7,49.4,2026-10-09
11742,26168,Cedric Gray,LB,TEN,ro,7,0,7,7,21.7,2026-10-09
7547,19799,Amon-Ra St. Brown,WR,DET,ro,7.17,0.37,7,8,99.8,2026-10-09
5862,18223,Brian Burns,DL,NYG,ro,8,0,8,8,37,2026-10-09
6786,19202,CeeDee Lamb,WR,DAL,ro,8.83,0.37,8,9,99.8,2026-10-09
7648,22689,Nick Bolton,LB,KC,ro,9,0,9,9,64.7,2026-10-09
9493,23180,Puka Nacua,WR,LAR,ro,9.33,2.62,7,13,99.8,2026-10-09
4034,16393,Christian McCaffrey,RB,SF,ro,10,0,10,10,99.8,2026-10-09
5840,18201,Josh Hines-Allen,DL,JAC,ro,10,0,10,10,23.8,2026-10-09
6815,19238,Zack Baun,LB,PHI,ro,10,0,10,10,51.5,2026-10-09
8329,23710,Devin Lloyd,LB,CAR,ro,11,0,11,11,52.4,2026-10-09
8138,22958,James Cook III,RB,BUF,ro,11.83,3.39,5,14,99.8,2026-10-09
13379,28077,Josiah Trotter,LB,TB,ro,12,0,12,12,26.7,2026-10-09
11669,26096,Laiatu Latu,DL,IND,ro,12,0,12,12,10.3,2026-10-09
5991,18702,Maxx Crosby,DL,LV,ro,12,10,2,22,68.5,2026-10-09
8144,20111,Chris Olave,WR,NO,ro,12.17,0.37,12,13,99.5,2026-10-09
7635,22734,Jaelan Phillips,DL,CAR,ro,13,0,13,13,4.6,2026-10-09
8266,23729,Quay Walker,LB,LV,ro,13,0,13,13,37.9,2026-10-09
9224,25324,Chase Brown,RB,CIN,ro,13.83,3.13,11,18,99.5,2026-10-09
5332,17607,Foyesade Oluokun,LB,JAC,ro,14,0,14,14,67.5,2026-10-09
6125,18207,Jeffery Simmons,DL,TEN,ro,14,0,14,14,52.5,2026-10-09
6217,18421,Blake Cashman,LB,MIN,ro,15,0,15,15,59,2026-10-09
8659,24674,Nate Landman,LB,LAR,ro,16,0,16,16,36.7,2026-10-09
8112,23163,Drake London,WR,ATL,ro,16.5,3.5,13,20,99.6,2026-10-09
6794,19236,Justin Jefferson,WR,MIN,ro,16.83,6.99,8,29,99.8,2026-10-09
7113,19316,Alex Highsmith,LB,PIT,ro,17,0,17,17,19.9,2026-10-09
13453,28195,Jacob Rodriguez,LB,MIA,ro,17,0,17,17,38.2,2026-10-09
3198,15514,Derrick Henry,RB,BAL,ro,17.17,1.57,15,19,99.7,2026-10-09
9997,22916,Zay Flowers,WR,BAL,ro,17.33,2.13,16,22,99.3,2026-10-09
12527,25989,Ashton Jeanty,RB,LV,ro,17.83,3.39,14,23,99.7,2026-10-09
7569,20130,Nico Collins,WR,HOU,ro,18,3.61,16,26,99.5,2026-10-09
8330,24302,Quentin Lake,DB,LAR,ro,18,0,18,18,25.1,2026-10-09
10898,25364,Tuli Tuipulotu,DL,LAC,ro,19,0,19,19,33.1,2026-10-09
5346,17563,Zaire Franklin,LB,GB,ro,19,0,19,19,22,2026-10-09
3172,15494,DeForest Buckner,DL,IND,ro,20,0,20,20,18.1,2026-10-09
8267,23702,Nakobe Dean,LB,LV,ro,20,0,20,20,82.2,2026-10-09
2311,13892,Leonard Williams,DL,SEA,ro,21,0,21,21,16.1,2026-10-09
5726,18103,Robert Spillane,LB,NE,ro,21,0,21,21,25.8,2026-10-09
8289,22738,Aidan Hutchinson,DL,DET,ro,21.5,20.5,1,42,68.9,2026-10-09
4070,16469,T.J. Watt,LB,PIT,ro,22,18,4,40,68.4,2026-10-09
7588,22739,Javonte Williams,RB,DAL,ro,22.33,4.07,19,28,99.3,2026-10-09
11687,26137,Edgerrin Cooper,LB,GB,ro,23,0,23,23,21.7,2026-10-09
6124,18213,Montez Sweat,DL,CHI,ro,23,0,23,23,10.7,2026-10-09
8385,23501,George Karlaftis III,DL,KC,ro,24,0,24,24,6,2026-10-09
13375,27216,Sonny Styles,LB,WAS,ro,24,0,24,24,49.6,2026-10-09
6782,19195,Chase Young,DL,NO,ro,25,0,25,25,13.1,2026-10-09
11017,25579,Dee Winters,LB,DAL,ro,25,0,25,25,4.2,2026-10-09
4984,17298,Josh Allen,QB,BUF,ro,25,0,25,25,99.9,2026-10-09
8137,22963,George Pickens,WR,DAL,ro,25.33,6.34,17,34,99.5,2026-10-09
8339,23494,Kyle Hamilton,DB,BAL,ro,26,0,26,26,76.1,2026-10-09
11470,25905,Drake Thomas,LB,SEA,ro,27,0,27,27,9.6,2026-10-09
5816,18199,Nick Bosa,DL,SF,ro,27,1,26,28,43.9,2026-10-09
8150,23059,Kyren Williams,RB,LAR,ro,27.5,8.81,18,39,99.2,2026-10-09
843,9862,Cameron Heyward,DL,PIT,ro,28,0,28,28,9.4,2026-10-09
7627,19787,Greg Rousseau,DL,BUF,ro,28,13,15,41,65.7,2026-10-09
9487,23106,Parker Washington,WR,JAC,ro,28.33,5.06,20,36,94.4,2026-10-09
11632,25409,Malik Nabers,WR,NYG,ro,28.67,2.05,26,31,98.7,2026-10-09
11705,23751,Tykee Smith,DB,TB,ro,29,0,29,29,32.9,2026-10-09
5871,18221,Zach Allen,DL,DEN,ro,29,0,29,29,7.9,2026-10-09
13377,28053,Arvell Reese,LB,NYG,ro,29.5,23.5,6,53,42.3,2026-10-09
12526,25417,Tetairoa McMillan,WR,CAR,ro,29.5,5.16,22,36,98.5,2026-10-09
2227,12205,Aaron Donald,DL,LAR,ro,30,0,30,30,17.2,2026-10-09
4971,17310,Derwin James Jr.,DB,LAC,ro,30,0,30,30,35.9,2026-10-09
6790,19210,D'Andre Swift,RB,CHI,ro,30.33,7.16,23,41,96.7,2026-10-09
8146,23072,Garrett Wilson,WR,NYJ,ro,30.5,3.82,22,33,98.3,2026-10-09
8183,19797,Brock Purdy,QB,SF,ro,30.67,3.04,27,37,92.5,2026-10-09
11604,22955,Brock Bowers,TE,LV,ro,31,7,24,38,99.7,2026-10-09
7811,22817,Talanoa Hufanga,DB,DEN,ro,31,0,31,31,38.8,2026-10-09
8130,22936,Trey McBride,TE,ARI,ro,31,7,24,38,99.7,2026-10-09
13287,25403,Jeremiyah Love,RB,ARI,ro,31.67,8.71,21,42,99.1,2026-10-09
7016,19429,Jeremy Chinn,DB,LV,ro,32,0,32,32,27.2,2026-10-09
12566,27051,Jihaad Campbell,LB,PHI,ro,33,0,33,33,20.9,2026-10-09
7626,22714,Odafe Oweh,DL,WAS,ro,33,0,33,33,6.2,2026-10-09
6784,19205,Derrick Brown,DL,CAR,ro,34,0,34,34,7.5,2026-10-09
4881,17233,Lamar Jackson,QB,BAL,ro,34,11.76,27,59,99.7,2026-10-09
7526,19790,Jaylen Waddle,WR,DEN,ro,34.5,2.75,31,40,96.3,2026-10-09
7136,19459,Kam Curl,DB,LAR,ro,35,0,35,35,28.6,2026-10-09
6118,18200,Quinnen Williams,DL,DAL,ro,35,0,35,35,10.6,2026-10-09
7525,19222,DeVonta Smith,WR,PHI,ro,35.17,8.47,22,46,98.5,2026-10-09
7633,22682,Kwity Paye,DL,LV,ro,36,0,36,36,1.5,2026-10-09
6801,19211,Tee Higgins,WR,CIN,ro,36,2,34,40,98.2,2026-10-09
10947,23477,Ventrell Miller,LB,JAC,ro,36,0,36,36,16.1,2026-10-09
8167,23886,Christian Watson,WR,GB,ro,36.17,4.81,29,44,95.3,2026-10-09
4866,17240,Saquon Barkley,RB,PHI,ro,36.67,12.87,19,51,99.4,2026-10-09
10916,25283,Kobie Turner,DL,LAR,ro,37,0,37,37,7.1,2026-10-09
8392,24198,Nick Cross,DB,WAS,ro,37,0,37,37,31.3,2026-10-09
2393,14036,Danielle Hunter,DL,HOU,ro,37.5,32.5,5,70,38.2,2026-10-09
8343,23736,Boye Mafe,DL,CIN,ro,38,0,38,38,10.4,2026-10-09
7841,23194,Jamien Sherwood,LB,NYJ,ro,38,0,38,38,31.8,2026-10-09
6888,19266,Antoine Winfield Jr.,DB,TB,ro,39,0,39,39,16,2026-10-09
11663,26105,Chop Robinson,DL,MIA,ro,40,0,40,40,2.9,2026-10-09
2133,12123,Davante Adams,WR,LAR,ro,41,8.14,32,53,97.9,2026-10-09
8398,23733,Jermaine Johnson II,DL,TEN,ro,41,0,41,41,1.8,2026-10-09
8155,22982,Breece Hall,RB,NYJ,ro,42,2.45,39,47,97.7,2026-10-09
2064,12217,DeMarcus Lawrence,DL,SEA,ro,42,0,42,42,8.4,2026-10-09
6485,18361,Azeez Al-Shaair,LB,HOU,ro,43,0,43,43,15.9,2026-10-09
5330,17315,Dorance Armstrong Jr.,DL,WAS,ro,43,0,43,43,3.7,2026-10-09
5839,18209,Rashan Gary,LB,DAL,ro,44,0,44,44,11.4,2026-10-09
7659,22699,Tre'von Moehrig,DB,CAR,ro,44,0,44,44,13.7,2026-10-09
11667,26097,Dallas Turner,DL,MIN,ro,44.5,35.5,9,80,40.7,2026-10-09
5030,17330,Harold Landry III,LB,NE,ro,45,0,45,45,3.2,2026-10-09
6302,18716,Kaden Elliss,LB,NO,ro,45,0,45,45,11.6,2026-10-09
4983,17265,DJ Moore,WR,BUF,ro,45.5,1.71,44,49,94.8,2026-10-09
10914,25436,Daiyan Henley,LB,LAC,ro,46,0,46,46,23.9,2026-10-09
11668,26221,Byron Murphy II,DL,SEA,ro,47,0,47,47,5,2026-10-09
10229,23113,Rashee Rice,WR,KC,ro,47,6.27,40,58,97.7,2026-10-09
5960,18281,T.J. Edwards,LB,CHI,ro,47,0,47,47,10.2,2026-10-09
5841,18202,Ed Oliver,DL,BUF,ro,48,0,48,48,5.8,2026-10-09
11685,26118,Kamari Lassiter,DB,HOU,ro,48,0,48,48,23.2,2026-10-09
11584,25981,Bucky Irving,RB,TB,ro,48.33,5.5,41,56,96.9,2026-10-09
12507,25395,Omarion Hampton,RB,LAC,ro,48.33,11.37,28,62,98.5,2026-10-09
11727,26183,Payton Wilson,LB,PIT,ro,49,0,49,49,11,2026-10-09
5297,17548,Zach Sieler,DL,MIA,ro,49,0,49,49,3.4,2026-10-09
7523,19780,Trevor Lawrence,QB,JAC,ro,49.17,8.78,37,59,91.9,2026-10-09
3973,16370,Myles Garrett,DL,LAR,ro,50,32,18,82,58.6,2026-10-09
6214,18679,Quincy Williams,LB,CLE,ro,50,0,50,50,9.3,2026-10-09
10917,25449,Byron Young,DL,LAR,ro,50.5,34.5,16,85,32.7,2026-10-09
7594,19792,Chuba Hubbard,RB,CAR,ro,50.5,20.72,23,89,95.2,2026-10-09
5017,17544,Jessie Bates III,DB,ATL,ro,51,0,51,51,11,2026-10-09
6818,19272,Nnamdi Madubuike,DL,BAL,ro,51,0,51,51,4,2026-10-09
12490,27297,Bhayshul Tuten,RB,JAC,ro,51.33,3.3,47,55,94.3,2026-10-09
5859,18218,A.J. Brown,WR,NE,ro,51.5,5.97,45,61,96.7,2026-10-09
2617,14399,Alex Singleton,LB,DEN,ro,52,0,52,52,46.9,2026-10-09
8269,22761,Jordan Davis,DL,PHI,ro,52,0,52,52,4.8,2026-10-09
12519,27016,Luther Burden III,WR,CHI,ro,52,5.26,45,60,93,2026-10-09
2216,12119,Mike Evans,WR,SF,ro,52.33,5.88,46,61,94,2026-10-09
5865,18212,Dre'Mont Jones,DL,NE,ro,53,0,53,53,1.7,2026-10-09
12481,27166,Cam Skattebo,RB,NYG,ro,53.5,2.22,51,56,97.8,2026-10-09
6770,19196,Joe Burrow,QB,CIN,ro,54,13.44,37,74,98.6,2026-10-09
8280,23763,Nik Bonitto,DL,DEN,ro,54.5,32.5,22,87,33.7,2026-10-09
11635,26122,Ladd McConkey,WR,LAC,ro,54.67,8.83,46,67,94.8,2026-10-09
10888,24703,Jalen Carter,DL,PHI,ro,55,0,55,55,14.5,2026-10-09
10927,23471,Jordan Battle,DB,CIN,ro,55,0,55,55,18.5,2026-10-09
12501,26024,Matthew Golden,WR,GB,ro,55,16.31,35,78,89.5,2026-10-09
3558,15620,Chris Jones,DL,KC,ro,56,0,56,56,5.4,2026-10-09
8314,23721,Jalen Pitre,DB,HOU,ro,56,0,56,56,13.8,2026-10-09
7640,19784,Micah Parsons,LB,GB,ro,56.5,29.5,27,86,30.6,2026-10-09
4999,17363,Josh Sweat,DL,ARI,ro,57,0,57,57,2.8,2026-10-09
5876,18243,Julian Love,DB,SEA,ro,57,0,57,57,23.5,2026-10-09
11646,26403,Jalen Coker,WR,CAR,ro,57.17,9.19,46,67,86.6,2026-10-09
4413,16691,Eric Wilson,LB,MIN,ro,58,0,58,58,9.1,2026-10-09
10883,25254,Will McDonald IV,DL,NYJ,ro,58,0,58,58,2.6,2026-10-09
12514,23062,Emeka Egbuka,WR,TB,ro,58.17,15.12,35,81,94.7,2026-10-09
8228,24209,Jaylen Warren,RB,PIT,ro,58.67,17.55,42,85,93.8,2026-10-09
3233,15635,Kevin Byard III,DB,NE,ro,59,0,59,59,18.9,2026-10-09
5927,18466,Terry McLaurin,WR,WAS,ro,59.17,4.6,53,64,93.4,2026-10-09
12512,25391,Quinshon Judkins,RB,CLE,ro,59.67,4.61,56,69,95.2,2026-10-09
8148,23677,Jameson Williams,WR,DET,ro,60,4.24,53,65,93.6,2026-10-09
10232,25333,Michael Wilson,WR,ARI,ro,60.17,16.9,33,78,92.4,2026-10-09
4046,16413,Patrick Mahomes II,QB,KC,ro,60.67,4.92,54,70,93.2,2026-10-09
10949,25509,Chamarri Conner,DB,KC,ro,61,0,61,61,23.8,2026-10-09
3294,15600,Dak Prescott,QB,DAL,ro,61.17,5.64,54,70,95.7,2026-10-09
4968,17342,Tremaine Edmunds,LB,NYG,ro,62,0,62,62,19.9,2026-10-09
5843,18237,Devin Bush Jr.,LB,CHI,ro,63,0,63,63,27,2026-10-09
9500,24706,Josh Downs,WR,IND,ro,63.83,7.15,48,68,83.9,2026-10-09
6860,19261,Akeem Davis-Gaither,LB,IND,ro,64,0,64,64,13.1,2026-10-09
8333,23747,Alontae Taylor,DB,TEN,ro,65,0,65,65,8.7,2026-10-09
13279,26009,Carnell Tate,WR,TEN,ro,65,5.42,60,75,89.6,2026-10-09
7921,23367,Christian Elliss,LB,NE,ro,66,0,66,66,10.8,2026-10-09
12646,26108,Barrett Carter,LB,CIN,ro,67,0,67,67,11,2026-10-09
12617,27299,Demetrius Knight Jr.,LB,CIN,ro,68,0,68,68,42.4,2026-10-09
2449,13981,Stefon Diggs,WR,WAS,ro,68.5,2.99,64,72,87.3,2026-10-09
6788,19216,Xavier McKinney,DB,GB,ro,69,0,69,69,19.8,2026-10-09
11620,25411,Rome Odunze,WR,CHI,ro,69.33,6.16,64,78,88.5,2026-10-09
5846,18219,DK Metcalf,WR,PIT,ro,69.5,5.09,64,77,91.5,2026-10-09
5892,18239,David Montgomery,RB,HOU,ro,69.67,16.58,52,96,95.6,2026-10-09
4963,17278,Minkah Fitzpatrick,DB,NYJ,ro,71,0,71,71,7.3,2026-10-09
13346,27339,Denzel Boston,WR,CLE,ro,71.83,6.59,65,84,67.2,2026-10-09
5944,18678,Bobby Okereke,LB,CAR,ro,72,0,72,72,9.4,2026-10-09
6711,19108,Jalen Thompson,DB,DAL,ro,73,0,73,73,6.3,2026-10-09
3163,15501,Jared Goff,QB,DET,ro,73.5,3.04,70,79,86.3,2026-10-09
12518,26434,Tyler Warren,TE,IND,ro,73.67,18.5,43,107,98.7,2026-10-09
5872,18244,Deebo Samuel Sr.,WR,SF,ro,74.33,4.07,68,81,80.6,2026-10-09
4081,16733,Budda Baker,DB,ARI,ro,76,0,76,76,44.5,2026-10-09
7647,22809,Pete Werner,LB,NO,ro,77,0,77,77,2.8,2026-10-09
13298,27331,KC Concepcion Jr.,WR,CLE,ro,77.83,6.36,71,87,65.8,2026-10-09
10930,25459,Riley Moss,DB,DEN,ro,78,0,78,78,3.1,2026-10-09
10905,25235,Brian Branch,DB,DET,ro,79,0,79,79,18.2,2026-10-09
12529,23065,TreVeyon Henderson,RB,NE,ro,79.5,8.14,62,85,90.1,2026-10-09
7611,22726,Rhamondre Stevenson,RB,NE,ro,80,11.37,62,95,91,2026-10-09
6904,19275,Jalen Hurts,QB,PHI,ro,80.67,13.3,59,101,97.3,2026-10-09
6056,18310,Dre Greenlaw,LB,SF,ro,81,0,81,81,5.4,2026-10-09
4037,16406,Chris Godwin Jr.,WR,TB,ro,81.5,8.32,75,99,70.9,2026-10-09
11564,23046,Drake Maye,QB,NE,ro,82.5,24.67,30,104,92.3,2026-10-09
8680,24690,Jack Gibbens,LB,ARI,ro,83,0,83,83,8.7,2026-10-09
10236,25247,Dalton Kincaid,TE,BUF,ro,83.17,21.21,43,109,93.4,2026-10-09
10923,25453,Dorian Williams,LB,BUF,ro,84,0,84,84,2.9,2026-10-09
4217,16499,George Kittle,TE,SF,ro,85.33,22.23,43,107,96.4,2026-10-09
5947,18598,Jakobi Meyers,WR,JAC,ro,85.33,7.89,76,99,66.9,2026-10-09
11560,23084,Caleb Williams,QB,CHI,ro,87.33,14.77,63,104,90.4,2026-10-09
5045,17253,Courtland Sutton,WR,DEN,ro,87.67,7.5,78,102,73.5,2026-10-09
8121,23794,Romeo Doubs,WR,NE,ro,87.67,7.5,82,103,69,2026-10-09
10859,22978,Sam LaPorta,TE,DET,ro,88.33,2.69,86,94,97.7,2026-10-09
7543,19231,Travis Etienne Jr.,RB,NO,ro,88.33,26.14,51,136,87.5,2026-10-09
8126,22985,Wan'Dale Robinson,WR,TEN,ro,88.67,7.89,76,99,64,2026-10-09
4199,16673,Aaron Jones Sr.,RB,MIN,ro,89.5,25.46,55,130,87.5,2026-10-09
9756,23107,Jordan Addison,WR,MIN,ro,90.33,7.5,82,102,82.8,2026-10-09
12517,26006,Colston Loveland,TE,CHI,ro,90.67,23.51,43,111,93.2,2026-10-09
421,9451,Matthew Stafford,QB,LAR,ro,93.67,9.94,74,105,91,2026-10-09
11631,23000,Brian Thomas Jr.,WR,JAC,ro,94.5,11.47,78,116,66.8,2026-10-09
13294,25420,Makai Lemon,WR,PHI,ro,95.33,12.68,78,117,60.5,2026-10-09
12545,23096,Tyler Shough,QB,NO,ro,95.33,11.64,70,104,86.8,2026-10-09
12506,27050,Harold Fannin Jr.,TE,CLE,ro,95.67,5.09,86,100,93.6,2026-10-09
9484,25298,Tucker Kraft,TE,GB,ro,96.17,6.89,88,107,93.3,2026-10-09
11624,23019,Xavier Worthy,WR,KC,ro,97.83,11.72,81,112,66.1,2026-10-09
8134,23748,Khalil Shakir,WR,BUF,ro,98.67,6.24,91,110,57.1,2026-10-09
11628,23064,Marvin Harrison Jr.,WR,ARI,ro,99.67,20.11,83,140,70.4,2026-10-09
9228,22900,Bryce Young,QB,CAR,ro,100,3.74,92,104,60.6,2026-10-09
9754,23123,Quentin Johnston,WR,LAC,ro,103.67,16.77,91,132,60.5,2026-10-09
11566,22902,Jayden Daniels,QB,WAS,ro,104,5.66,92,108,83.5,2026-10-09
6804,19246,Jordan Love,QB,GB,ro,104.83,2.03,101,108,61.4,2026-10-09
9486,24354,Dontayvion Wicks,WR,PHI,ro,106,15.28,83,131,36.2,2026-10-09
1466,11594,Travis Kelce,TE,KC,ro,106.67,9.88,86,118,94.8,2026-10-09
12534,27131,Kyle Monangai,RB,CHI,ro,108.67,34.85,62,156,83.7,2026-10-09
7002,19562,Juwan Johnson,TE,NO,ro,109,10.41,94,123,69.2,2026-10-09
13281,26035,Jordyn Tyson,WR,NO,ro,110,13.75,93,133,54.7,2026-10-09
11625,24357,Adonai Mitchell,WR,NYJ,ro,112,6.11,102,122,27.4,2026-10-09
11586,23013,Blake Corum,RB,LAR,ro,113.33,19.47,95,150,72.3,2026-10-09
11563,22910,Bo Nix,QB,DEN,ro,115.33,5.37,108,125,76.4,2026-10-09
8131,23781,Isaiah Likely,TE,NYG,ro,115.67,3.3,111,118,88.9,2026-10-09
5967,18705,Tony Pollard,RB,TEN,ro,118,16.01,89,136,87.7,2026-10-09
12489,27142,RJ Harvey,RB,DEN,ro,119.33,19.89,80,146,81.6,2026-10-09
9758,23071,C.J. Stroud,QB,HOU,ro,120,4.12,113,125,45,2026-10-09
5022,17270,Dallas Goedert,TE,PHI,ro,123.5,0.5,123,124,71.3,2026-10-09
6797,18635,Justin Herbert,QB,LAC,ro,124,8.66,114,134,76.9,2026-10-09
11834,26409,Devaughn Vele,WR,NO,ro,124.83,44.52,87,221,46.1,2026-10-09
4943,17236,Sam Darnold,QB,SEA,ro,125.17,7.84,114,139,49.8,2026-10-09
10213,25337,Tre Tucker,WR,LV,ro,128,16.8,103,155,39.1,2026-10-09
12509,26215,Tre' Harris,WR,LAC,ro,128.33,10.37,112,140,12.6,2026-10-09
5012,17269,Mark Andrews,TE,BAL,ro,128.67,8.58,121,145,79.3,2026-10-09
6819,19278,Michael Pittman Jr.,WR,PIT,ro,129.33,28.85,83,182,68.3,2026-10-09
1479,11616,Keenan Allen,WR,IND,ro,132.83,6.89,126,141,34.1,2026-10-09
9480,25345,Brenton Strange,TE,JAC,ro,133.33,3.86,128,137,36.9,2026-10-09
12533,27316,Jacory Croskey-Merritt,RB,WAS,ro,133.83,15.42,115,150,76.5,2026-10-09
8110,22718,Jake Ferguson,TE,DAL,ro,135.17,10.25,123,152,78.5,2026-10-09
8161,23499,Malik Willis,QB,MIA,ro,135.67,8.9,125,153,23.2,2026-10-09
8408,22969,Jordan Mason,RB,MIN,ro,136.33,11.94,120,149,66.9,2026-10-09
7553,20164,Kyle Pitts Sr.,TE,ATL,ro,136.33,17.01,109,157,70.7,2026-10-09
8142,23791,Alec Pierce,WR,IND,ro,137,35.65,97,210,67.3,2026-10-09
13286,27329,Jadarian Price,RB,SEA,ro,137.67,41.81,69,181,82.6,2026-10-09
5849,18600,Kyler Murray,QB,MIN,ro,137.83,9.77,125,153,60.7,2026-10-09
13330,26055,Kenyon Sadiq,TE,NYJ,ro,138.83,18.06,121,163,48.8,2026-10-09
8676,24687,Rashid Shaheed,WR,SEA,ro,140.5,12.16,131,166,32.7,2026-10-09
12495,25984,Ollie Gordon II,RB,MIA,ro,141,70.49,95,294,75.7,2026-10-09
5001,17349,Dalton Schultz,TE,HOU,ro,142.67,7.23,128,152,53.9,2026-10-09
5844,18290,T.J. Hockenson,TE,MIN,ro,142.67,8.75,128,154,53,2026-10-09
3214,15561,Hunter Henry,TE,NE,ro,143.83,8.19,135,152,53,2026-10-09
6806,19245,J.K. Dobbins,RB,DEN,ro,144.5,19.86,115,173,80.1,2026-10-09
12487,23091,Terrance Ferguson,TE,LAR,ro,145.83,7.69,137,158,16.3,2026-10-09
1373,11687,Geno Smith,QB,NYJ,ro,148,9.43,129,159,9.8,2026-10-09
3257,15642,Jacoby Brissett,QB,ARI,ro,148.5,19.76,114,179,32.6,2026-10-09
5850,18269,Josh Jacobs,RB,GB,ro,150,27.37,96,184,83.7,2026-10-09
11610,26314,Malik Washington,WR,MIA,ro,150,25.08,116,195,40.9,2026-10-09
3634,16081,Kalif Raymond,WR,CHI,ro,153.67,39.29,91,208,37.4,2026-10-09
7021,19647,Rico Dowdle,RB,PIT,ro,153.67,15.97,144,189,76.2,2026-10-09
12493,25997,Oronde Gadsden II,TE,LAC,ro,154,6.71,143,163,13.6,2026-10-09
2505,14104,Darren Waller,TE,CAR,ro,155,17.04,124,177,26.1,2026-10-09
13296,28135,Caleb Douglas,WR,MIA,ro,156.5,21.61,131,195,16,2026-10-09
13311,26038,Chris Bell,WR,MIA,ro,159.5,31.27,126,202,7.3,2026-10-09
4035,16421,Alvin Kamara,RB,NO,ro,159.67,38.36,115,222,62.3,2026-10-09
1166,11177,Kirk Cousins,QB,LV,ro,161.33,33.55,114,214,41.8,2026-10-09
8210,23982,Chig Okonkwo,TE,WAS,ro,161.67,10.23,148,180,18.8,2026-10-09
8172,23153,Greg Dulcich,TE,MIA,ro,161.83,7.38,152,176,6.6,2026-10-09
11603,26335,AJ Barner,TE,SEA,ro,162,7.98,154,177,13.7,2026-10-09
11559,22973,Michael Penix Jr.,QB,ATL,ro,163,32.39,125,214,10.3,2026-10-09
9504,22989,Kayshon Boutte,WR,HOU,ro,163.5,30.08,133,209,16,2026-10-09
13301,25418,Antonio Williams,WR,WAS,ro,164.5,29.95,122,208,8.6,2026-10-09
12474,27520,Woody Marks,RB,HOU,ro,164.5,13.45,149,184,52.8,2026-10-09
13285,27994,Malachi Fields,WR,NYG,ro,165.67,13.68,155,195,10.8,2026-10-09
13337,28107,Emmett Johnson,RB,KC,ro,166.17,6.31,156,174,23.4,2026-10-09
12492,27211,Pat Bryant,WR,DEN,ro,166.5,34.32,133,219,6.9,2026-10-09
5870,18232,Daniel Jones,QB,IND,ro,167.83,28.89,139,214,22.8,2026-10-09
13417,28138,De'Zhaun Stribling,WR,SF,ro,168.67,27.66,132,210,41,2026-10-09
7567,23310,Kenny Gainwell,RB,TB,ro,170,28.18,120,203,58.4,2026-10-09
12536,27122,Jaylin Noel,WR,HOU,ro,170.5,13.9,142,182,4.3,2026-10-09
8136,23891,Rachaad White,RB,WAS,ro,171.67,32.69,144,237,60.7,2026-10-09
9511,25360,Keaton Mitchell,RB,LAC,ro,173,25.34,136,203,33.7,2026-10-09
11576,24346,Braelon Allen,RB,NYJ,ro,176.33,28.48,136,228,73.8,2026-10-09
11581,23118,MarShawn Lloyd,RB,GB,ro,177.67,24.83,136,203,51.6,2026-10-09
13305,28108,Mike Washington Jr.,RB,LV,ro,178.5,15.65,156,199,37.9,2026-10-09
4993,17272,Mike Gesicki,TE,CIN,ro,179.5,28.03,154,227,25.6,2026-10-09
13345,27320,Jonah Coleman,RB,DEN,ro,179.67,11.29,170,203,33,2026-10-09
13414,28401,Kaelon Black,RB,SF,ro,181.33,15.21,164,201,28.2,2026-10-09
7571,19794,Rashod Bateman,WR,BAL,ro,184.17,26.98,142,218,22.6,2026-10-09
11783,26398,Ryan Flournoy,WR,DAL,ro,184.5,29.27,142,219,7.1,2026-10-09
8111,23181,Cade Otton,TE,TB,ro,184.67,23.87,160,227,6.9,2026-10-09
11533,26068,Brandon Aubrey,K,DAL,ro,187,0,187,187,99,2026-10-09
4066,16411,Evan Engram,TE,DEN,ro,188.17,8.91,177,205,3.7,2026-10-09
8132,24172,Tyler Allgeier,RB,ARI,ro,188.17,23.95,170,222,46.1,2026-10-09
12502,27109,Gunnar Helm,TE,TEN,ro,188.33,20.92,168,232,3.2,2026-10-09
4892,17237,Baker Mayfield,QB,TB,ro,188.67,30.09,159,242,43.4,2026-10-09
7600,20163,Pat Freiermuth,TE,PIT,ro,189.17,40.72,157,277,17.7,2026-10-09
13317,28130,Ted Hurst III,WR,TB,ro,196,33.79,133,226,4.4,2026-10-09
13293,27337,Ja'Kobi Lane,WR,BAL,ro,196.17,21.07,169,225,21.9,2026-10-09
3451,15756,Ka'imi Fairbairn,K,HOU,ro,196.17,6.99,192,211,91.7,2026-10-09
11786,26475,Cam Little,K,JAC,ro,197.33,2.49,192,200,87,2026-10-09
11435,25885,Emanuel Wilson,RB,SEA,ro,199,40.87,150,245,78.8,2026-10-09
96,9001,Aaron Rodgers,QB,PIT,ro,199.17,40.47,147,255,21.4,2026-10-09
13276,28127,Omar Cooper Jr.,WR,NYJ,ro,201,19.58,178,229,13.3,2026-10-09
2747,14003,Jason Myers,K,SEA,ro,201.5,4.31,198,211,86.1,2026-10-09
8127,22756,Charlie Kolar,TE,LAC,ro,204,26.48,180,244,0.7,2026-10-09
6083,18545,Matt Gay,K,LV,ro,204,0,204,204,22.9,2026-10-09
9753,23152,Zach Charbonnet,RB,SEA,ro,204.67,24.27,173,230,60,2026-10-09
10219,22986,Chris Rodriguez Jr.,RB,JAC,ro,205.5,18.51,181,236,29.1,2026-10-09
8154,20094,Brian Robinson Jr.,RB,ATL,ro,205.67,27.55,167,236,46.2,2026-10-09
8180,24177,Jalen Nailor,WR,LV,ro,208.5,36.56,162,283,17.7,2026-10-09
13264,28178,Dohnte Meyers,WR,CIN,ro,209,1,208,210,9.5,2026-10-09
8259,23901,Cameron Dicker,K,LAC,ro,210.2,34.4,193,279,80.5,2026-10-09
6783,19201,Jerry Jeudy,WR,CLE,ro,211.5,26.35,178,261,14.6,2026-10-09
9482,23056,Michael Mayer,TE,LV,ro,212.6,43.83,157,274,10.2,2026-10-09
5189,17575,Eddy Pineiro,K,SF,ro,212.67,18.07,204,253,49.7,2026-10-09
6650,19058,Chase McLaughlin,K,TB,ro,214.2,2.04,211,217,17,2026-10-09
11577,22930,Will Shipley,RB,PHI,ro,215.6,47.71,175,304,43.5,2026-10-09
7839,23297,Evan McPherson,K,CIN,ro,216.5,11.15,204,240,65.9,2026-10-09
7049,19590,Jauan Jennings,WR,MIN,ro,218.5,35.26,182,290,14,2026-10-09
9508,25323,Tyjae Spears,RB,TEN,ro,218.5,17.05,181,230,35.5,2026-10-09
12535,27446,Isaac TeSlaa,WR,DET,ro,218.67,7.7,208,226,4.6,2026-10-09
12542,27445,Efton Chism III,WR,NE,ro,221,0,221,221,0.7,2026-10-09
4018,16420,Joe Mixon,RB,FA,ro,224,0,224,224,7.4,2026-10-09
11583,26148,Jonathon Brooks,RB,CAR,ro,224.67,32.49,175,266,45.7,2026-10-09
11637,26019,Keon Coleman,WR,BUF,ro,224.67,55.79,122,285,41.4,2026-10-09
2020,13731,Cairo Santos,K,CHI,ro,225.17,19.68,207,253,24.7,2026-10-09
11539,26075,Jake Bates,K,DET,ro,225.17,14.46,211,250,65.9,2026-10-09
11643,25987,Jaylen Wright,RB,MIA,ro,225.17,15.61,203,256,18.6,2026-10-09
4039,16433,Cooper Kupp,WR,SEA,ro,225.83,2.91,221,231,12.2,2026-10-09
3271,15623,Tyler Higbee,TE,LAR,ro,229.8,36.72,177,277,3.3,2026-10-09
13420,28129,Bryce Lance,WR,NO,ro,230.5,24.76,178,257,1,2026-10-09
3321,15802,Tyreek Hill,WR,FA,ro,231.25,75.6,164,349,33.9,2026-10-09
4177,16489,Mack Hollins,WR,NE,ro,232.5,28.72,197,274,6.5,2026-10-09
4033,16399,David Njoku,TE,LAC,ro,233.2,35.43,180,273,7.2,2026-10-09
13274,26039,Germie Bernard,WR,PIT,ro,234,4.43,229,241,5.5,2026-10-09
13413,28424,Cyrus Allen,WR,KC,ro,234.5,10.74,219,247,10.5,2026-10-09
6865,19372,Colby Parkinson,TE,LAR,ro,237.33,16.13,227,273,3.5,2026-10-09
11618,23179,Jalen McMillan,WR,TB,ro,238.4,25.09,202,275,9.2,2026-10-09
12504,27165,Kaleb Johnson,RB,GB,ro,238.5,27.89,192,283,6.3,2026-10-09
4227,16712,Harrison Butker,K,KC,ro,239.17,16.41,215,252,42.9,2026-10-09
11575,26191,Ray Davis,RB,BUF,ro,239.5,5.99,230,248,5.9,2026-10-09
4454,17066,Kendrick Bourne,WR,ARI,ro,242.17,22.82,209,280,1.2,2026-10-09
13150,27866,Darius Cooper,WR,PHI,ro,243,0,243,243,3.9,2026-10-09
11792,26341,Will Reichard,K,MIN,ro,244,18.99,215,273,70.3,2026-10-09
4981,17258,Calvin Ridley,WR,TEN,ro,244.6,29.74,208,292,4.9,2026-10-09
12522,24755,Cam Ward,QB,TEN,ro,244.67,25.39,197,276,9.3,2026-10-09
12497,26022,Tory Horton,WR,SEA,ro,245.33,45.54,185,295,1.8,2026-10-09
12530,26034,Travis Hunter,WR,JAC,ro,246,13.74,231,272,47.7,2026-10-09
9479,22967,Darnell Washington,TE,PIT,ro,247.75,17.91,227,267,2.6,2026-10-09
9225,22908,Tank Bigsby,RB,PHI,ro,249,40.22,199,301,22.2,2026-10-09
9501,25304,DeMario Douglas,WR,NE,ro,250,33.13,225,321,2.5,2026-10-09
12498,26005,Mason Taylor,TE,NYJ,ro,250,17,233,267,1.6,2026-10-09
4017,16398,Deshaun Watson,QB,CLE,ro,251.33,19.87,214,275,12.3,2026-10-09
7090,19810,Darnell Mooney,WR,NYG,ro,252.33,14.46,241,284,3.1,2026-10-09
7528,19302,Najee Harris,RB,NYG,ro,253.67,8.92,243,269,7.4,2026-10-09
9757,24360,Kendre Miller,RB,NO,ro,254.83,13.87,238,279,8.1,2026-10-09
7042,19760,Tyler Bass,K,BUF,ro,255.2,40.98,207,312,12.1,2026-10-09
6149,18706,Darius Slayton,WR,IND,ro,257,0,257,257,0.8,2026-10-09
3678,16026,Wil Lutz,K,DEN,ro,257,28.38,213,282,7.9,2026-10-09
11627,23092,Troy Franklin,WR,DEN,ro,257.2,11.99,242,272,1.8,2026-10-09
11647,26355,Kimani Vidal,RB,LAC,ro,259,6,248,266,2.8,2026-10-09
5857,17527,Noah Fant,TE,NO,ro,260,16.42,232,274,1.5,2026-10-09
1945,13029,Chris Boswell,K,PIT,ro,262,27.33,248,323,34.1,2026-10-09
9502,25361,Tank Dell,WR,HOU,ro,262,60.14,177,307,26.2,2026-10-09
12718,27449,Konata Mumpfield,WR,LAR,ro,262.25,12.01,254,283,2.5,2026-10-09
12547,27487,Kyle Williams,WR,NE,ro,263,17.17,245,295,1.3,2026-10-09
11597,23104,Theo Johnson,TE,NYG,ro,263.6,10.31,244,274,1.4,2026-10-09
13421,28154,Eli Raridon,TE,NE,ro,263.8,10.32,244,273,1.5,2026-10-09
4147,16423,Samaje Perine,RB,CIN,ro,263.83,8.23,248,271,5.2,2026-10-09
13320,25419,Zachariah Branch,WR,ATL,ro,264.33,21.08,244,309,8.2,2026-10-09
13338,28067,Kevin Coleman Jr.,WR,MIA,ro,266.2,18.21,239,294,1.1,2026-10-09
7670,22845,Joshua Palmer,WR,BUF,ro,268.6,24.12,243,303,1.6,2026-10-09
8188,22913,Tyquan Thornton,WR,KC,ro,269.33,4.19,265,275,1.9,2026-10-09
13349,23144,Eli Stowers,TE,PHI,ro,270,25.15,233,299,4.2,2026-10-09
12048,22915,George Holani,RB,SEA,ro,272,12.92,259,298,8.4,2026-10-09
11592,23837,Erick All Jr.,TE,CIN,ro,273,22.23,244,298,0.6,2026-10-09
13268,27463,Elijah Sarratt,WR,BAL,ro,274,9.7,262,291,4.1,2026-10-09
5095,17420,Daniel Carlson,K,NO,ro,275,0,275,275,2.8,2026-10-09
8119,23101,Jahan Dotson,WR,ATL,ro,275.6,14.64,263,302,1.4,2026-10-09
2306,13891,Jameis Winston,QB,NYG,ro,276,26.47,241,308,6.7,2026-10-09
12469,27102,Dylan Sampson,RB,CLE,ro,277.4,36.36,228,337,9.1,2026-10-09
9506,23679,Sean Tucker,RB,TB,ro,279.5,6.55,270,289,3.4,2026-10-09
12499,27059,Elic Ayomanor,WR,TEN,ro,280.33,27.11,255,331,1.3,2026-10-09
10218,25332,Xavier Hutchinson,WR,HOU,ro,280.6,29.47,246,320,4.7,2026-10-09
8698,24778,Jake Tonges,TE,SF,ro,281,0,281,281,1.3,2026-10-09
5995,18256,Justice Hill,RB,BAL,ro,281,14.18,265,301,7.3,2026-10-09
11655,22980,Tyrone Tracy Jr.,RB,NYG,ro,281.17,20.62,257,317,6.1,2026-10-09
12540,27315,Chimere Dike,WR,TEN,ro,281.4,17.14,255,307,1.4,2026-10-09
6826,19229,Cole Kmet,TE,CHI,ro,282.5,26.73,260,328,1.8,2026-10-09
13424,23079,Seth McGowan,RB,IND,ro,282.5,11.81,259,294,1.8,2026-10-09
4663,16483,Austin Ekeler,RB,WAS,ro,282.67,32.25,238,313,3.1,2026-10-09
12483,27224,Jack Bech,WR,LV,ro,283,24.48,254,326,1.4,2026-10-09
10955,25354,Chad Ryland,K,ARI,ro,284,0,284,284,2.5,2026-10-09
11370,25823,Chris Brooks,RB,GB,ro,284,21.19,259,325,5.2,2026-10-09
13477,26037,Colbie Young,WR,CIN,ro,284.5,27.5,257,312,0.8,2026-10-09
13288,24343,Nicholas Singleton,RB,TEN,ro,286.33,13.88,264,311,8,2026-10-09
9494,23080,Marvin Mims Jr.,WR,DEN,ro,286.6,15.98,261,311,2.5,2026-10-09
13347,28084,Demond Claiborne,RB,MIN,ro,289.33,12.84,271,309,3.3,2026-10-09
12521,23004,Elijah Arroyo,TE,SEA,ro,289.33,11.56,273,298,0.8,2026-10-09
10226,25335,Andrei Iosivas,WR,CIN,ro,290.4,22.61,262,329,0.9,2026-10-09
13307,28157,Marlin Klein,TE,HOU,ro,293,12,281,305,0.6,2026-10-09
1339,11689,Zach Ertz,TE,PHI,ro,293,12,281,305,2.1,2026-10-09
6130,18280,Devin Singletary,RB,NYG,ro,294.8,14.39,269,310,3.9,2026-10-09
12472,24351,Raheim Sanders,RB,CLE,ro,294.8,18.84,258,311,2.6,2026-10-09
13269,28013,Fernando Mendoza,QB,LV,ro,296.17,13.32,281,321,14.8,2026-10-09
5906,18631,Dawson Knox,TE,BUF,ro,296.33,23.27,268,325,1.6,2026-10-09
12473,27138,Mitchell Evans,TE,CAR,ro,298,1,297,299,1,2026-10-09
2307,13890,Marcus Mariota,QB,WAS,ro,299,23.73,269,335,6.1,2026-10-09
11626,26136,Xavier Legette,WR,CAR,ro,299.6,13.48,280,314,1.1,2026-10-09
12467,27310,Jordan James,RB,SF,ro,300.4,15.5,279,318,1.4,2026-10-09
11199,25654,Emari Demercado,RB,FA,ro,300.8,16.92,284,328,0.9,2026-10-09
4144,16460,Jonnu Smith,TE,GB,ro,302.5,16.5,286,319,0.8,2026-10-09
4137,16447,James Conner,RB,ARI,ro,303.2,24.77,270,345,8.7,2026-10-09
11571,25977,Isaiah Davis,RB,NYJ,ro,303.83,26.37,278,355,5.1,2026-10-09
13411,28132,Zavion Thomas,WR,CHI,ro,305,0,305,305,1.8,2026-10-09
13402,28126,Skyler Bell,WR,BUF,ro,305.4,20.53,282,332,2.9,2026-10-09
13277,25396,CJ Donaldson,RB,NO,ro,306,0,306,306,1.2,2026-10-09
5848,18226,Hollywood Brown,WR,PHI,ro,306,45,261,351,1.2,2026-10-09
13423,28297,Eli Heidenreich,RB,PIT,ro,309.25,6.38,300,318,1.8,2026-10-09
10444,25287,Cedric Tillman,WR,NO,ro,310,0,310,310,1,2026-10-09
11565,23018,J.J. McCarthy,QB,NYG,ro,310.8,21.93,285,339,2.4,2026-10-09
4950,17268,Christian Kirk,WR,SF,ro,311.75,25.66,282,351,2.7,2026-10-09
11256,25321,Tyson Bagent,QB,CHI,ro,312,13.7,293,335,3.7,2026-10-09
13329,26012,Malik Benson,WR,LV,ro,313,1,312,314,0.6,2026-10-09
13533,25416,Barion Brown,WR,NO,ro,313.5,2.5,311,316,1.4,2026-10-09
12544,27285,LeQuint Allen Jr.,RB,JAC,ro,314,14.21,296,338,0.7,2026-10-09
7083,19297,Tyler Huntley,QB,BAL,ro,314.2,26.44,283,359,1.7,2026-10-09
8207,22976,Tyler Goodson,RB,DAL,ro,315,0,315,315,0.8,2026-10-09
13425,26060,Jalon Daniels,QB,TB,ro,316,0,316,316,2.7,2026-10-09
11596,26310,Ben Sinnott,TE,WAS,ro,318,15.58,296,330,0.6,2026-10-09
11729,26309,Sione Vaki,RB,DET,ro,318.5,48.5,270,367,1.1,2026-10-09
12738,22928,Phil Mafah,RB,NYG,ro,318.67,4.71,312,322,1,2026-10-09
11588,26329,Jawhar Jordan,RB,HOU,ro,318.75,10.66,310,337,1,2026-10-09
8205,24333,Isiah Pacheco,RB,DET,ro,319.67,30.73,290,362,22.2,2026-10-09
7562,20126,Tutu Atwell,WR,LAR,ro,320,0,320,320,0.8,2026-10-09
13380,28133,Brenen Thompson,WR,LAC,ro,320.67,27.18,284,349,0.9,2026-10-09
12471,27097,DJ Giddens,RB,IND,ro,320.8,24.98,293,358,0.6,2026-10-09
12485,27147,Tez Johnson,WR,TB,ro,322,0,322,322,0.6,2026-10-09
4098,16425,Kareem Hunt,RB,FA,ro,322.5,14.71,307,346,0.8,2026-10-09
13319,25430,Oscar Delp,TE,NO,ro,323,4,319,327,1.2,2026-10-09
12531,25393,Trevor Etienne,RB,CAR,ro,323,21.28,304,358,0.8,2026-10-09
7828,19539,Noah Gray,TE,KC,ro,323.33,26.4,286,342,0.6,2026-10-09
11237,25693,Jacob Saylors,RB,DET,ro,323.5,7.5,316,331,0.9,2026-10-09
6039,18406,Ty Johnson,RB,BUF,ro,323.6,23.74,298,357,1.5,2026-10-09
3161,15520,Carson Wentz,QB,MIN,ro,325,25.79,289,368,1.2,2026-10-09
12524,25968,Shedeur Sanders,QB,CLE,ro,325.2,21.07,292,348,2,2026-10-09
13302,24367,Adam Randall,RB,BAL,ro,326.6,20.36,301,363,1.4,2026-10-09
12457,24344,Jaydon Blue,RB,PHI,ro,327.67,21.31,303,355,1.3,2026-10-09
11589,25388,Trey Benson,RB,ARI,ro,328,0,328,328,1,2026-10-09
7694,22795,Tommy Tremble,TE,CAR,ro,328.5,1.5,327,330,0.6,2026-10-09
8117,23770,Jalen Tolbert,WR,MIA,ro,329,32.57,283,354,1.1,2026-10-09
12503,24371,Isaiah Bond,WR,CLE,ro,330.5,23.5,307,354,0.6,2026-10-09
8122,24901,Bam Knight,RB,ARI,ro,331.25,21.88,306,366,0.6,2026-10-09
19,9300,Joe Flacco,QB,CIN,ro,332,0,332,332,0.7,2026-10-09
12455,27259,Brashard Smith,RB,KC,ro,332.25,22.31,305,361,1.1,2026-10-09
4195,16540,Jake Elliott,K,PHI,ro,333,0,333,333,6.5,2026-10-09
11569,24335,Jarquez Hunter,RB,MIA,ro,333.2,25.53,302,365,1,2026-10-09
11600,24334,Ja'Tavion Sanders,TE,CAR,ro,334,0,334,334,0.6,2026-10-09
12476,23682,Devin Neal,RB,FA,ro,335.2,21.32,313,364,1,2026-10-09
13299,28427,Nate Boerkircher,TE,JAC,ro,336,0,336,336,1.7,2026-10-09
6768,19198,Tua Tagovailoa,QB,ATL,ro,338.5,30.73,290,370,4.9,2026-10-09
2078,12127,Odell Beckham Jr.,WR,MIN,ro,339,8,331,347,2.8,2026-10-09
13272,22953,Carson Beck,QB,ARI,ro,339.25,34.08,286,369,2.5,2026-10-09
11579,23054,Audric Estime,RB,MIN,ro,340,22.29,313,363,1,2026-10-09
13322,28161,Sam Roush,TE,CHI,ro,340,0,340,340,0.7,2026-10-09
6271,18864,Olamide Zaccheaus,WR,ATL,ro,340.33,17.91,315,353,0.6,2026-10-09
13400,28079,Justin Joly,TE,MIA,ro,341,0,341,341,2.5,2026-10-09
12482,27144,Savion Williams,WR,GB,ro,341,9,332,350,0.6,2026-10-09
10235,25322,Roschon Johnson,RB,CHI,ro,341.5,24.5,317,366,1.2,2026-10-09
13348,28109,J'Mari Taylor,RB,JAC,ro,342.5,24.5,318,367,2.3,2026-10-09
11595,26343,Jared Wiley,TE,KC,ro,344,0,344,344,1,2026-10-09
10212,22923,Josh Whyle,TE,GB,ro,344,0,344,344,1.1,2026-10-09
6803,19252,Brandon Aiyuk,WR,SF,ro,347.5,4.5,343,352,2.8,2026-10-09
7527,20156,Mac Jones,QB,SF,ro,350,21,329,371,0.9,2026-10-09
8135,22905,Treylon Burks,WR,WAS,ro,352,0,352,352,1.7,2026-10-09
1737,11425,Case Keenum,QB,CHI,ro,353.5,14.5,339,368,1.8,2026-10-09
12543,26212,Tahj Brooks,RB,CIN,ro,360,0,360,360,0.7,2026-10-09
13416,25387,Roman Hemby,RB,LV,ro,363,1,362,364,0,2026-10-09
11439,25876,Jaleel McLaughlin,RB,CLE,ro,365,0,365,365,0.6,2026-10-09
13303,24361,Cade Klubnik,QB,NYJ,ro,370.5,0.5,370,371,1.2,2026-10-09
