snapshot_utc,sleeper_id,player,nfl_team,idp_position,source_season,current_season_data,games,season_points_pg,last5_points_pg,idp_projection_proxy,solo_tackles_pg,assists_pg,sacks_pg,interceptions_pg,passes_defended_pg,injury_status,depth_chart_order
2026-09-15T10:42:13+00:00,8330,Quentin Lake,LAR,DB,2026,True,1,32.0,32.0,32.0,7.0,3.0,0.0,1.0,3.0,,1
2026-09-15T10:42:13+00:00,8384,Zyon McCollum,TB,DB,2026,True,1,25.0,25.0,25.0,8.0,1.0,0.0,0.0,2.0,,1
2026-09-15T10:42:13+00:00,5876,Julian Love,SEA,DB,2026,True,1,23.0,23.0,23.0,4.0,2.0,0.0,1.0,1.0,,1
2026-09-15T10:42:13+00:00,6416,Andrew Wingard,ARI,DB,2026,True,1,23.0,23.0,23.0,3.0,1.0,0.0,1.0,1.0,,1
2026-09-15T10:42:13+00:00,11753,Nehemiah Pritchett,SEA,DB,2026,True,1,23.0,23.0,23.0,5.0,1.0,0.0,1.0,2.0,,2
2026-09-15T10:42:13+00:00,6333,Keisean Nixon,GB,DB,2026,True,1,22.0,22.0,22.0,3.0,2.0,0.5,1.0,1.0,,1
2026-09-15T10:42:13+00:00,8275,Josh Jobe,SEA,DB,2026,True,1,22.0,22.0,22.0,5.0,1.0,0.0,1.0,1.0,,1
2026-09-15T10:42:13+00:00,5372,D.J. Reed,DET,DB,2026,True,1,20.0,20.0,20.0,7.0,3.0,0.0,0.0,1.0,,1
2026-09-15T10:42:13+00:00,4971,Derwin James,LAC,DB,2026,True,1,20.0,20.0,20.0,7.0,3.0,0.0,0.0,1.0,,1
2026-09-15T10:42:13+00:00,7419,James Pierre,MIN,DB,2026,True,1,20.0,20.0,20.0,4.0,0.0,0.0,1.0,2.0,,2
2026-09-15T10:42:13+00:00,8323,Jaquan Brisker,PIT,DB,2026,True,1,19.0,19.0,19.0,4.0,2.0,0.0,1.0,1.0,,1
2026-09-15T10:42:13+00:00,12619,Jonas Sanker,NO,DB,2026,True,1,19.0,19.0,19.0,7.0,3.0,0.0,0.0,0.0,,1
2026-09-15T10:42:13+00:00,5864,Byron Murphy,MIN,DB,2026,True,1,18.0,18.0,18.0,7.0,1.0,0.0,0.0,1.0,,1
2026-09-15T10:42:13+00:00,5361,Avonte Maddox,DET,DB,2026,True,1,17.0,17.0,17.0,4.0,3.0,0.0,0.0,2.0,,2
2026-09-15T10:42:13+00:00,8392,Nick Cross,WAS,DB,2026,True,1,17.0,17.0,17.0,5.0,3.0,0.0,0.0,0.0,,1
2026-09-15T10:42:13+00:00,13489,Malik Muhammad,CHI,DB,2026,True,1,17.0,17.0,17.0,2.0,1.0,0.0,1.0,2.0,,2
2026-09-15T10:42:13+00:00,4071,Marlon Humphrey,BAL,DB,2026,True,1,16.0,16.0,16.0,3.0,1.0,0.0,0.0,1.0,,1
2026-09-15T10:42:13+00:00,5908,Amani Hooker,TEN,DB,2026,True,1,16.0,16.0,16.0,5.0,4.0,0.0,0.0,0.0,,1
2026-09-15T10:42:13+00:00,6888,Antoine Winfield,TB,DB,2026,True,1,16.0,16.0,16.0,7.0,2.0,0.0,0.0,0.0,,1
2026-09-15T10:42:13+00:00,8364,Trent McDuffie,LAR,DB,2026,True,1,16.0,16.0,16.0,4.0,0.0,0.0,0.0,2.0,,1
2026-09-15T10:42:13+00:00,8294,Bryan Cook,CIN,DB,2026,True,1,16.0,16.0,16.0,4.0,2.0,0.0,0.0,0.0,,1
2026-09-15T10:42:13+00:00,8303,Roger McCreary,DET,DB,2026,True,1,16.0,16.0,16.0,4.0,0.0,1.0,0.0,0.0,,1
2026-09-15T10:42:13+00:00,13485,Will Lee,CAR,DB,2026,True,1,16.0,16.0,16.0,5.0,0.0,0.0,0.0,1.0,,2
2026-09-15T10:42:13+00:00,4224,Chuck Clark,DET,DB,2026,True,1,15.0,15.0,15.0,2.0,1.0,0.0,1.0,1.0,,3
2026-09-15T10:42:13+00:00,5036,Justin Reid,NO,DB,2026,True,1,15.0,15.0,15.0,5.0,3.0,0.0,0.0,0.0,,1
2026-09-15T10:42:13+00:00,6911,Brandon Jones,DEN,DB,2026,True,1,15.0,15.0,15.0,1.0,4.0,0.0,1.0,1.0,,1
2026-09-15T10:42:13+00:00,7117,L'Jarius Sneed,KC,DB,2026,True,1,15.0,15.0,15.0,7.0,1.0,0.0,0.0,0.0,,1
2026-09-15T10:42:13+00:00,10927,Jordan Battle,CIN,DB,2026,True,1,15.0,15.0,15.0,6.0,3.0,0.0,0.0,0.0,,1
2026-09-15T10:42:13+00:00,12567,Malaki Starks,BAL,DB,2026,True,1,15.0,15.0,15.0,2.0,5.0,1.0,0.0,0.0,,1
2026-09-15T10:42:13+00:00,5893,C.J. Gardner-Johnson,BUF,DB,2026,True,1,14.0,14.0,14.0,6.0,2.0,0.0,0.0,0.0,,1
2026-09-15T10:42:13+00:00,6128,Rock Ya-Sin,DET,DB,2026,True,1,14.0,14.0,14.0,7.0,0.0,0.0,0.0,0.0,,2
2026-09-15T10:42:13+00:00,7715,Cam Bynum,IND,DB,2026,True,1,14.0,14.0,14.0,7.0,0.0,0.0,0.0,0.0,,1
2026-09-15T10:42:13+00:00,8286,Dax Hill,CIN,DB,2026,True,1,14.0,14.0,14.0,7.0,0.0,0.0,0.0,0.0,,1
2026-09-15T10:42:13+00:00,10878,Deonte Banks,NYG,DB,2026,True,1,14.0,14.0,14.0,4.0,0.0,0.0,0.0,2.0,,1
2026-09-15T10:42:13+00:00,11697,Renardo Green,SF,DB,2026,True,1,14.0,14.0,14.0,2.0,1.0,0.0,1.0,1.0,,1
2026-09-15T10:42:13+00:00,11749,Cam Hart,LAC,DB,2026,True,1,14.0,14.0,14.0,5.0,1.0,0.0,0.0,1.0,,2
2026-09-15T10:42:13+00:00,11710,Calen Bullock,HOU,DB,2026,True,1,14.0,14.0,14.0,5.0,1.0,0.0,0.0,1.0,,1
2026-09-15T10:42:13+00:00,11675,Kool-Aid McKinstry,NO,DB,2026,True,1,14.0,14.0,14.0,4.0,3.0,0.0,0.0,1.0,,1
2026-09-15T10:42:13+00:00,12588,Kevin Winston,TEN,DB,2026,True,1,14.0,14.0,14.0,4.0,6.0,0.0,0.0,0.0,,1
2026-09-15T10:42:13+00:00,3160,Jalen Ramsey,PIT,DB,2026,True,1,13.0,13.0,13.0,3.0,1.0,0.0,0.0,1.0,,1
2026-09-15T10:42:13+00:00,7666,Jevon Holland,NYG,DB,2026,True,1,13.0,13.0,13.0,2.0,0.0,0.0,1.0,1.0,,1
2026-09-15T10:42:13+00:00,8314,Jalen Pitre,HOU,DB,2026,True,1,13.0,13.0,13.0,4.0,2.0,0.0,0.0,1.0,,1
2026-09-15T10:42:13+00:00,11739,Evan Williams,GB,DB,2026,True,1,13.0,13.0,13.0,6.0,1.0,0.0,0.0,0.0,,1
2026-09-15T10:42:13+00:00,11678,Cooper DeJean,PHI,DB,2026,True,1,13.0,13.0,13.0,4.0,4.0,0.0,0.0,0.0,,1
2026-09-15T10:42:13+00:00,12673,Dante Trader,MIA,DB,2026,True,1,13.0,13.0,13.0,1.0,2.0,0.0,1.0,1.0,,1
2026-09-15T10:42:13+00:00,12668,Marques Sigle,SF,DB,2026,True,1,13.0,13.0,13.0,4.0,5.0,0.0,0.0,0.0,,2
2026-09-15T10:42:13+00:00,12622,Nohl Williams,KC,DB,2026,True,1,13.0,13.0,13.0,2.0,1.0,1.0,0.0,1.0,,2
2026-09-15T10:42:13+00:00,12576,Benjamin Morrison,TB,DB,2026,True,1,13.0,13.0,13.0,4.0,0.0,0.0,0.0,1.0,,2
2026-09-15T10:42:13+00:00,10897,Tyrique Stevenson,CHI,DB,2026,True,1,15.0,15.0,12.75,6.0,3.0,0.0,0.0,0.0,Questionable,1
2026-09-15T10:42:13+00:00,5222,Jalen Davis,CIN,DB,2026,True,1,12.0,12.0,12.0,2.0,3.0,0.0,0.0,1.0,,1
2026-09-15T10:42:13+00:00,6301,Nick Scott,CAR,DB,2026,True,1,12.0,12.0,12.0,5.0,2.0,0.0,0.0,0.0,,1
2026-09-15T10:42:13+00:00,6711,Jalen Thompson,DAL,DB,2026,True,1,12.0,12.0,12.0,3.0,6.0,0.0,0.0,0.0,,1
2026-09-15T10:42:13+00:00,7698,Andre Cisco,NYJ,DB,2026,True,1,12.0,12.0,12.0,6.0,0.0,0.0,0.0,0.0,,2
2026-09-15T10:42:13+00:00,11726,Kamren Kinchens,LAR,DB,2026,True,1,12.0,12.0,12.0,3.0,6.0,0.0,0.0,0.0,,1
2026-09-15T10:42:13+00:00,12712,Marcus Harris,TEN,DB,2026,True,1,12.0,12.0,12.0,5.0,2.0,0.0,0.0,0.0,,1
2026-09-15T10:42:13+00:00,4081,Budda Baker,ARI,DB,2026,True,1,11.0,11.0,11.0,4.0,1.0,0.5,0.0,0.0,,1
2026-09-15T10:42:13+00:00,6314,Cam Lewis,CHI,DB,2026,True,1,11.0,11.0,11.0,5.0,1.0,0.0,0.0,0.0,,2
2026-09-15T10:42:13+00:00,5946,Jamel Dean,PIT,DB,2026,True,1,11.0,11.0,11.0,3.0,2.0,0.0,0.0,0.0,,1
2026-09-15T10:42:13+00:00,8406,Reed Blankenship,HOU,DB,2026,True,1,11.0,11.0,11.0,4.0,3.0,0.0,0.0,0.0,,1
2026-09-15T10:42:13+00:00,8308,Derek Stingley,HOU,DB,2026,True,1,11.0,11.0,11.0,4.0,0.0,0.0,0.0,0.0,,1
2026-09-15T10:42:13+00:00,8476,DaRon Bland,DAL,DB,2026,True,1,11.0,11.0,11.0,3.0,5.0,0.0,0.0,0.0,,1
2026-09-15T10:42:13+00:00,10930,Riley Moss,DEN,DB,2026,True,1,11.0,11.0,11.0,3.0,2.0,0.0,0.0,1.0,,1
2026-09-15T10:42:13+00:00,11352,Ronnie Hickman,CLE,DB,2026,True,1,11.0,11.0,11.0,3.0,5.0,0.0,0.0,0.0,,1
2026-09-15T10:42:13+00:00,10919,Sydney Brown,ATL,DB,2026,True,1,11.0,11.0,11.0,4.0,3.0,0.0,0.0,0.0,,2
2026-09-15T10:42:13+00:00,11676,Mike Sainristil,WAS,DB,2026,True,1,11.0,11.0,11.0,4.0,1.0,0.0,0.0,0.0,,1
2026-09-15T10:42:13+00:00,12601,Azareye'h Thomas,NYJ,DB,2026,True,1,11.0,11.0,11.0,4.0,1.0,0.0,0.0,0.0,,1
2026-09-15T10:42:13+00:00,12625,Justin Walley,IND,DB,2026,True,1,11.0,11.0,11.0,5.0,1.0,0.0,0.0,0.0,,1
2026-09-15T10:42:13+00:00,12632,Caleb Ransaw,JAX,DB,2026,True,1,11.0,11.0,11.0,5.0,1.0,0.0,0.0,0.0,,2
2026-09-15T10:42:13+00:00,6284,Marcus Epps,PHI,DB,2026,True,1,12.0,12.0,10.2,5.0,2.0,0.0,0.0,0.0,Questionable,1
2026-09-15T10:42:13+00:00,4982,Mike Hughes,ATL,DB,2026,True,1,10.0,10.0,10.0,2.0,0.0,0.0,0.0,2.0,,1
2026-09-15T10:42:13+00:00,6836,A.J. Terrell,ATL,DB,2026,True,1,10.0,10.0,10.0,2.0,3.0,0.0,0.0,1.0,,1
2026-09-15T10:42:13+00:00,7667,Tyson Campbell,CLE,DB,2026,True,1,10.0,10.0,10.0,3.0,4.0,0.0,0.0,0.0,,1
2026-09-15T10:42:13+00:00,8305,Montaric Brown,JAX,DB,2026,True,1,10.0,10.0,10.0,3.0,2.0,0.0,0.0,0.0,,1
2026-09-15T10:42:13+00:00,10881,Christian Gonzalez,NE,DB,2026,True,1,10.0,10.0,10.0,2.0,0.0,0.0,0.0,2.0,,1
2026-09-15T10:42:13+00:00,11656,Nate Wiggins,BAL,DB,2026,True,1,10.0,10.0,10.0,3.0,1.0,0.0,0.0,1.0,,1
2026-09-15T10:42:13+00:00,11705,Tykee Smith,TB,DB,2026,True,1,10.0,10.0,10.0,3.0,1.0,0.0,0.0,1.0,,1
2026-09-15T10:42:13+00:00,12654,Craig Woodson,NE,DB,2026,True,1,10.0,10.0,10.0,5.0,0.0,0.0,0.0,0.0,,1
2026-09-15T10:42:13+00:00,5017,Jessie Bates,ATL,DB,2026,True,1,9.0,9.0,9.0,3.0,3.0,0.0,0.0,0.0,,1
2026-09-15T10:42:13+00:00,4964,Denzel Ward,CLE,DB,2026,True,1,9.0,9.0,9.0,1.0,4.0,0.0,0.0,0.0,,1
2026-09-15T10:42:13+00:00,6896,Amik Robertson,WAS,DB,2026,True,1,9.0,9.0,9.0,3.0,3.0,0.0,0.0,0.0,,1
2026-09-15T10:42:13+00:00,7819,Deommodore Lenoir,SF,DB,2026,True,1,9.0,9.0,9.0,3.0,3.0,0.0,0.0,0.0,,1
2026-09-15T10:42:13+00:00,8381,Cobie Durant,DAL,DB,2026,True,1,9.0,9.0,9.0,1.0,1.0,0.0,0.0,1.0,,1
2026-09-15T10:42:13+00:00,8339,Kyle Hamilton,BAL,DB,2026,True,1,9.0,9.0,9.0,3.0,2.0,0.0,0.0,0.0,,1
2026-09-15T10:42:13+00:00,8333,Alontae Taylor,TEN,DB,2026,True,1,9.0,9.0,9.0,3.0,3.0,0.0,0.0,0.0,,1
2026-09-15T10:42:13+00:00,10906,JuJu Brents,MIA,DB,2026,True,1,9.0,9.0,9.0,3.0,1.0,0.0,0.0,0.0,,1
2026-09-15T10:42:13+00:00,11685,Kamari Lassiter,HOU,DB,2026,True,1,9.0,9.0,9.0,1.0,2.0,0.0,0.0,1.0,,1
2026-09-15T10:42:13+00:00,11872,Thomas Harper,DET,DB,2026,True,1,9.0,9.0,9.0,3.0,0.0,0.0,0.0,1.0,,3
2026-09-15T10:42:13+00:00,12142,Jaylen McCollough,LAR,DB,2026,True,1,9.0,9.0,9.0,3.0,3.0,0.0,0.0,0.0,,2
2026-09-15T10:42:13+00:00,12565,Will Johnson,ARI,DB,2026,True,1,9.0,9.0,9.0,2.0,2.0,0.0,0.0,0.0,,1
2026-09-15T10:42:13+00:00,5792,Jeremy Reaves,WAS,DB,2026,True,1,8.0,8.0,8.0,3.0,2.0,0.0,0.0,0.0,,1
2026-09-15T10:42:13+00:00,7044,Julian Blackmon,NO,DB,2026,True,1,8.0,8.0,8.0,2.0,4.0,0.0,0.0,0.0,,1
2026-09-15T10:42:13+00:00,7811,Talanoa Hufanga,DEN,DB,2026,True,1,8.0,8.0,8.0,2.0,4.0,0.0,0.0,0.0,,1
2026-09-15T10:42:13+00:00,8487,Christian Benford,BUF,DB,2026,True,1,8.0,8.0,8.0,3.0,2.0,0.0,0.0,0.0,,1
2026-09-15T10:42:13+00:00,10903,Quan Martin,WAS,DB,2026,True,1,8.0,8.0,8.0,3.0,0.0,0.0,0.0,0.0,,2
2026-09-15T10:42:13+00:00,12638,Quincy Riley,NO,DB,2026,True,1,8.0,8.0,8.0,2.0,1.0,0.0,0.0,1.0,,1
2026-09-15T10:42:13+00:00,12675,Jason Marshall,MIA,DB,2026,True,1,8.0,8.0,8.0,2.0,2.0,0.0,0.0,0.0,,1
2026-09-15T10:42:13+00:00,12657,Denzel Burke,ARI,DB,2026,True,1,8.0,8.0,8.0,4.0,0.0,0.0,0.0,0.0,,1
2026-09-15T10:42:13+00:00,12557,Jahdae Barron,DEN,DB,2026,True,1,8.0,8.0,8.0,4.0,0.0,0.0,0.0,0.0,,2
2026-09-15T10:42:13+00:00,11682,Cole Bishop,BUF,DB,2026,True,1,9.0,9.0,7.65,2.0,5.0,0.0,0.0,0.0,Questionable,1
2026-09-15T10:42:13+00:00,1686,Tony Jefferson,LAC,DB,2026,True,1,7.0,7.0,7.0,1.0,2.0,0.0,0.0,1.0,,1
2026-09-15T10:42:13+00:00,3233,Kevin Byard,NE,DB,2026,True,1,7.0,7.0,7.0,2.0,3.0,0.0,0.0,0.0,,1
2026-09-15T10:42:13+00:00,6799,Grant Delpit,CLE,DB,2026,True,1,7.0,7.0,7.0,1.0,2.0,0.0,0.0,1.0,,1
2026-09-15T10:42:13+00:00,6839,Jaylon Johnson,CHI,DB,2026,True,1,7.0,7.0,7.0,1.0,2.0,0.0,0.0,0.0,,1
2026-09-15T10:42:13+00:00,8359,Marcus Jones,NE,DB,2026,True,1,7.0,7.0,7.0,3.0,1.0,0.0,0.0,0.0,,1
2026-09-15T10:42:13+00:00,10894,DJ Turner,CIN,DB,2026,True,1,7.0,7.0,7.0,3.0,1.0,0.0,0.0,0.0,,1
2026-09-15T10:42:13+00:00,10974,Antonio Johnson,JAX,DB,2026,True,1,7.0,7.0,7.0,3.0,1.0,0.0,0.0,0.0,,1
2026-09-15T10:42:13+00:00,11693,Max Melton,ARI,DB,2026,True,1,7.0,7.0,7.0,0.0,1.0,0.0,0.0,2.0,,2
2026-09-15T10:42:13+00:00,7682,Elijah Molden,LAC,DB,2026,True,1,8.0,8.0,6.8,3.0,2.0,0.0,0.0,0.0,Questionable,1
2026-09-15T10:42:13+00:00,12584,Darien Porter,LV,DB,2026,True,1,8.0,8.0,6.8,0.0,2.0,0.0,0.0,2.0,Questionable,1
2026-09-15T10:42:13+00:00,1213,Harrison Smith,MIN,DB,2026,True,1,6.0,6.0,6.0,1.0,0.0,0.0,0.0,1.0,,1
2026-09-15T10:42:13+00:00,7133,Isaiah Rodgers,MIN,DB,2026,True,1,6.0,6.0,6.0,3.0,0.0,0.0,0.0,0.0,,1
2026-09-15T10:42:13+00:00,6788,Xavier McKinney,GB,DB,2026,True,1,6.0,6.0,6.0,3.0,0.0,0.0,0.0,0.0,,1
2026-09-15T10:42:13+00:00,7669,Paulson Adebo,NYG,DB,2026,True,1,6.0,6.0,6.0,3.0,0.0,0.0,0.0,0.0,,2
2026-09-15T10:42:13+00:00,8373,Jaylen Watson,LAR,DB,2026,True,1,6.0,6.0,6.0,2.0,2.0,0.0,0.0,0.0,,1
2026-09-15T10:42:13+00:00,8310,Cor'Dale Flott,TEN,DB,2026,True,1,6.0,6.0,6.0,3.0,0.0,0.0,0.0,0.0,,1
2026-09-15T10:42:13+00:00,8261,Jack Jones,SF,DB,2026,True,1,6.0,6.0,6.0,0.0,0.0,0.0,0.0,2.0,,2
2026-09-15T10:42:13+00:00,10936,Ji'Ayir Brown,SF,DB,2026,True,1,6.0,6.0,6.0,2.0,2.0,0.0,0.0,0.0,,1
2026-09-15T10:42:13+00:00,10891,Devon Witherspoon,SEA,DB,2026,True,1,6.0,6.0,6.0,0.0,5.0,0.0,0.0,0.0,,1
2026-09-15T10:42:13+00:00,11728,Jaden Hicks,KC,DB,2026,True,1,6.0,6.0,6.0,2.0,2.0,0.0,0.0,0.0,,2
2026-09-15T10:42:13+00:00,11674,Tyler Nubin,NYG,DB,2026,True,1,6.0,6.0,6.0,3.0,0.0,0.0,0.0,0.0,,1
2026-09-15T10:42:13+00:00,12591,Xavier Watts,ATL,DB,2026,True,1,6.0,6.0,6.0,2.0,2.0,0.0,0.0,0.0,,1
2026-09-15T10:42:13+00:00,13454,Davison Igbinosun,BUF,DB,2026,True,1,6.0,6.0,6.0,1.0,1.0,0.0,0.0,1.0,,2
2026-09-15T10:42:13+00:00,11766,Jarvis Brownlee,NYJ,DB,2026,True,1,7.0,7.0,5.95,3.0,1.0,0.0,0.0,0.0,Questionable,1
2026-09-15T10:42:13+00:00,12605,Jacob Parrish,TB,DB,2026,True,1,7.0,7.0,5.95,2.0,0.0,0.0,0.0,1.0,Questionable,1
2026-09-15T10:42:13+00:00,4136,Rasul Douglas,WAS,DB,2026,True,1,5.0,5.0,5.0,1.0,0.0,0.0,0.0,1.0,,2
2026-09-15T10:42:13+00:00,5098,Siran Neal,SF,DB,2026,True,1,5.0,5.0,5.0,1.0,0.0,0.0,0.0,0.0,,2
2026-09-15T10:42:13+00:00,5691,Mike Ford,ATL,DB,2026,True,1,5.0,5.0,5.0,2.0,0.0,0.0,0.0,0.0,,2
2026-09-15T10:42:13+00:00,5054,Carlton Davis,NE,DB,2026,True,1,5.0,5.0,5.0,2.0,1.0,0.0,0.0,0.0,,1
2026-09-15T10:42:13+00:00,6791,C.J. Henderson,ATL,DB,2026,True,1,5.0,5.0,5.0,1.0,0.0,0.0,0.0,1.0,,3
2026-09-15T10:42:13+00:00,7069,Alohi Gilman,KC,DB,2026,True,1,5.0,5.0,5.0,2.0,1.0,0.0,0.0,0.0,,1
2026-09-15T10:42:13+00:00,7642,Jaycee Horn,CAR,DB,2026,True,1,5.0,5.0,5.0,2.0,1.0,0.0,0.0,0.0,,1
2026-09-15T10:42:13+00:00,7630,Greg Newsome,NYG,DB,2026,True,1,5.0,5.0,5.0,2.0,1.0,0.0,0.0,0.0,,1
2026-09-15T10:42:13+00:00,8752,Ja'Quan McMillian,DEN,DB,2026,True,1,5.0,5.0,5.0,1.0,0.0,0.0,0.0,1.0,,1
2026-09-15T10:42:13+00:00,11731,Malik Mustapha,SF,DB,2026,True,1,5.0,5.0,5.0,2.0,1.0,0.0,0.0,0.0,,1
2026-09-15T10:42:13+00:00,12559,Shavon Revel,DAL,DB,2026,True,1,5.0,5.0,5.0,1.0,0.0,0.0,0.0,0.0,,2
2026-09-15T10:42:13+00:00,12631,Upton Stout,SF,DB,2026,True,1,5.0,5.0,5.0,2.0,0.0,0.0,0.0,0.0,,1
2026-09-15T10:42:13+00:00,12611,Lathan Ransom,CAR,DB,2026,True,1,5.0,5.0,5.0,2.0,1.0,0.0,0.0,0.0,,2
2026-09-15T10:42:13+00:00,12596,Maxwell Hairston,BUF,DB,2026,True,1,5.0,5.0,5.0,2.0,1.0,0.0,0.0,0.0,,1
2026-09-15T10:42:13+00:00,12736,Kitan Crawford,ARI,DB,2026,True,1,5.0,5.0,4.25,2.0,1.0,0.0,0.0,0.0,Questionable,2
2026-09-15T10:42:13+00:00,4129,Jourdan Lewis,JAX,DB,2026,True,1,4.0,4.0,4.0,1.0,2.0,0.0,0.0,0.0,,1
2026-09-15T10:42:13+00:00,5051,Donte Jackson,LAC,DB,2026,True,1,4.0,4.0,4.0,2.0,0.0,0.0,0.0,0.0,,1
2026-09-15T10:42:13+00:00,5341,Taron Johnson,LV,DB,2026,True,1,4.0,4.0,4.0,0.0,2.0,0.0,0.0,0.0,,1
2026-09-15T10:42:13+00:00,5493,Charvarius Ward,IND,DB,2026,True,1,4.0,4.0,4.0,2.0,0.0,0.0,0.0,0.0,,1
2026-09-15T10:42:13+00:00,6025,Mike Jackson,CAR,DB,2026,True,1,4.0,4.0,4.0,2.0,0.0,0.0,0.0,0.0,,1
2026-09-15T10:42:13+00:00,7641,Pat Surtain,DEN,DB,2026,True,1,4.0,4.0,4.0,1.0,2.0,0.0,0.0,0.0,,1
2026-09-15T10:42:13+00:00,7628,Eric Stokes,LV,DB,2026,True,1,4.0,4.0,4.0,2.0,0.0,0.0,0.0,0.0,,1
2026-09-15T10:42:13+00:00,8496,Theo Jackson,MIN,DB,2026,True,1,4.0,4.0,4.0,2.0,0.0,0.0,0.0,0.0,,2
2026-09-15T10:42:13+00:00,11779,Tarheeb Still,LAC,DB,2026,True,1,4.0,4.0,4.0,1.0,2.0,0.0,0.0,0.0,,1
2026-09-15T10:42:13+00:00,12115,Dell Pettus,NE,DB,2026,True,1,4.0,4.0,4.0,2.0,0.0,0.0,0.0,0.0,,2
2026-09-15T10:42:13+00:00,11700,Dru Phillips,NYG,DB,2026,True,1,4.0,4.0,4.0,2.0,0.0,0.0,0.0,0.0,,1
2026-09-15T10:42:13+00:00,11662,Quinyon Mitchell,PHI,DB,2026,True,1,4.0,4.0,4.0,2.0,0.0,0.0,0.0,0.0,,1
2026-09-15T10:42:13+00:00,13172,Keyon Martin,BAL,DB,2026,True,1,4.0,4.0,4.0,2.0,0.0,0.0,0.0,0.0,,2
2026-09-15T10:42:13+00:00,7136,Kam Curl,LAR,DB,2026,True,1,4.0,4.0,3.4,1.0,2.0,0.0,0.0,0.0,Questionable,1
2026-09-15T10:42:13+00:00,11934,Tyler Owens,WAS,DB,2026,True,1,4.0,4.0,3.4,2.0,0.0,0.0,0.0,0.0,Questionable,2
2026-09-15T10:42:13+00:00,3268,Eric Murray,JAX,DB,2026,True,1,3.0,3.0,3.0,1.0,1.0,0.0,0.0,0.0,,1
2026-09-15T10:42:13+00:00,4180,Rayshawn Jenkins,PIT,DB,2026,True,1,3.0,3.0,3.0,1.0,1.0,0.0,0.0,0.0,,2
2026-09-15T10:42:13+00:00,6419,P.J. Locke,DAL,DB,2026,True,1,3.0,3.0,3.0,1.0,1.0,0.0,0.0,0.0,,2
2026-09-15T10:42:13+00:00,7200,Khalil Dorsey,DET,DB,2026,True,1,3.0,3.0,3.0,1.0,1.0,0.0,0.0,0.0,,2
2026-09-15T10:42:13+00:00,7058,Jaylinn Hawkins,BAL,DB,2026,True,1,3.0,3.0,3.0,1.0,1.0,0.0,0.0,0.0,,2
2026-09-15T10:42:13+00:00,7659,Tre'von Moehrig,CAR,DB,2026,True,1,3.0,3.0,3.0,0.0,3.0,0.0,0.0,0.0,,1
2026-09-15T10:42:13+00:00,8860,Tony Adams,TEN,DB,2026,True,1,3.0,3.0,3.0,1.0,1.0,0.0,0.0,0.0,,2
2026-09-15T10:42:13+00:00,8390,Martin Emerson,NO,DB,2026,True,1,3.0,3.0,3.0,1.0,1.0,0.0,0.0,0.0,,2
2026-09-15T10:42:13+00:00,8395,Dane Belton,NYJ,DB,2026,True,1,3.0,3.0,3.0,1.0,1.0,0.0,0.0,0.0,,1
2026-09-15T10:42:13+00:00,10985,Jordan Howden,NO,DB,2026,True,1,3.0,3.0,3.0,1.0,1.0,0.0,0.0,0.0,,2
2026-09-15T10:42:13+00:00,11014,Kei'Trel Clark,ARI,DB,2026,True,1,3.0,3.0,3.0,0.0,0.0,0.0,0.0,1.0,,2
2026-09-15T10:42:13+00:00,11836,Myles Harden,CLE,DB,2026,True,1,3.0,3.0,3.0,1.0,1.0,0.0,0.0,0.0,,1
2026-09-15T10:42:13+00:00,11755,Qwan'tez Stiggers,NYJ,DB,2026,True,1,3.0,3.0,3.0,0.0,0.0,0.0,0.0,0.0,,2
2026-09-15T10:42:13+00:00,12730,Micah Robinson,TEN,DB,2026,True,1,3.0,3.0,3.0,1.0,1.0,0.0,0.0,0.0,,2
2026-09-15T10:42:13+00:00,13508,Hezekiah Masses,LV,DB,2026,True,1,3.0,3.0,3.0,0.0,0.0,0.0,0.0,1.0,,2
2026-09-15T10:42:13+00:00,5328,Tremon Smith,HOU,DB,2026,True,1,2.0,2.0,2.0,1.0,0.0,0.0,0.0,0.0,,2
2026-09-15T10:42:13+00:00,5520,Jonathan Owens,IND,DB,2026,True,1,2.0,2.0,2.0,1.0,0.0,0.0,0.0,0.0,,2
2026-09-15T10:42:13+00:00,6855,Ashtyn Davis,SF,DB,2026,True,1,2.0,2.0,2.0,0.0,2.0,0.0,0.0,0.0,,3
2026-09-15T10:42:13+00:00,6829,Kristian Fulton,KC,DB,2026,True,1,2.0,2.0,2.0,1.0,0.0,0.0,0.0,0.0,,2
2026-09-15T10:42:13+00:00,7835,Michael Carter,PHI,DB,2026,True,1,2.0,2.0,2.0,1.0,0.0,0.0,0.0,0.0,,2
2026-09-15T10:42:13+00:00,7655,Asante Samuel,PIT,DB,2026,True,1,2.0,2.0,2.0,1.0,0.0,0.0,0.0,0.0,,2
2026-09-15T10:42:13+00:00,7671,Benjamin St-Juste,GB,DB,2026,True,1,2.0,2.0,2.0,1.0,0.0,0.0,0.0,0.0,,2
2026-09-15T10:42:13+00:00,7787,Damar Hamlin,BUF,DB,2026,True,1,2.0,2.0,2.0,0.0,2.0,0.0,0.0,0.0,,3
2026-09-15T10:42:13+00:00,7687,Nahshon Wright,NYJ,DB,2026,True,1,2.0,2.0,2.0,1.0,0.0,0.0,0.0,0.0,,2
2026-09-15T10:42:13+00:00,8104,Dee Alford,BUF,DB,2026,True,1,2.0,2.0,2.0,0.0,2.0,0.0,0.0,0.0,,1
2026-09-15T10:42:13+00:00,8374,Riq Woolen,PHI,DB,2026,True,1,2.0,2.0,2.0,1.0,0.0,0.0,0.0,0.0,,1
2026-09-15T10:42:13+00:00,8714,Josh Blackwell,CHI,DB,2026,True,1,2.0,2.0,2.0,1.0,0.0,0.0,0.0,0.0,,2
2026-09-15T10:42:13+00:00,8290,Sauce Gardner,IND,DB,2026,True,1,2.0,2.0,2.0,1.0,0.0,0.0,0.0,0.0,,1
2026-09-15T10:42:13+00:00,11050,DeMarcco Hellams,ATL,DB,2026,True,1,2.0,2.0,2.0,1.0,0.0,0.0,0.0,0.0,,2
2026-09-15T10:42:13+00:00,12137,Charles Woods,NE,DB,2026,True,1,2.0,2.0,2.0,1.0,0.0,0.0,0.0,0.0,,2
2026-09-15T10:42:13+00:00,11787,Kamal Hadden,GB,DB,2026,True,1,2.0,2.0,2.0,1.0,0.0,0.0,0.0,0.0,,2
2026-09-15T10:42:13+00:00,11686,Javon Bullard,GB,DB,2026,True,1,2.0,2.0,2.0,1.0,0.0,0.0,0.0,0.0,,1
2026-09-15T10:42:13+00:00,12855,Alijah Clark,DAL,DB,2026,True,1,2.0,2.0,2.0,1.0,0.0,0.0,0.0,0.0,,3
2026-09-15T10:42:13+00:00,12626,Jaylin Smith,HOU,DB,2026,True,1,2.0,2.0,2.0,1.0,0.0,0.0,0.0,0.0,,2
2026-09-15T10:42:13+00:00,12639,Malachi Moore,NYJ,DB,2026,True,1,2.0,2.0,2.0,1.0,0.0,0.0,0.0,0.0,,2
2026-09-15T10:42:13+00:00,12530,Travis Hunter,JAX,DB,2026,True,1,2.0,2.0,2.0,1.0,0.0,0.0,0.0,0.0,,4
2026-09-15T10:42:13+00:00,12604,Andrew Mukuba,PHI,DB,2026,True,1,2.0,2.0,2.0,1.0,0.0,0.0,0.0,0.0,,1
2026-09-15T10:42:13+00:00,13470,Daylen Everette,PIT,DB,2026,True,1,2.0,2.0,2.0,1.0,0.0,0.0,0.0,0.0,,2
2026-09-15T10:42:13+00:00,5445,George Odum,HOU,DB,2026,True,1,1.0,1.0,1.0,0.0,1.0,0.0,0.0,0.0,,
2026-09-15T10:42:13+00:00,7970,Ar'Darius Washington,NYG,DB,2026,True,1,1.0,1.0,1.0,0.0,1.0,0.0,0.0,0.0,,2
2026-09-15T10:42:13+00:00,8004,Devon Key,DEN,DB,2026,True,1,1.0,1.0,1.0,0.0,1.0,0.0,0.0,0.0,,2
2026-09-15T10:42:13+00:00,8509,Elijah Hicks,CHI,DB,2026,True,1,1.0,1.0,1.0,0.0,1.0,0.0,0.0,0.0,,2
2026-09-15T10:42:13+00:00,8838,Isaiah Pola-Mao,LV,DB,2026,True,1,1.0,1.0,1.0,0.0,1.0,0.0,0.0,0.0,,2
2026-09-15T10:42:13+00:00,8377,Tycen Anderson,DEN,DB,2026,True,1,1.0,1.0,1.0,0.0,1.0,0.0,0.0,0.0,,3
2026-09-15T10:42:13+00:00,11011,JL Skinner,DEN,DB,2026,True,1,1.0,1.0,1.0,0.0,1.0,0.0,0.0,0.0,,2
2026-09-15T10:42:13+00:00,11738,Decamerion Richardson,NO,DB,2026,True,1,1.0,1.0,1.0,0.0,1.0,0.0,0.0,0.0,,2
2026-09-15T10:42:13+00:00,11771,Chau Smith-Wade,CAR,DB,2026,True,1,1.0,1.0,1.0,0.0,1.0,0.0,0.0,0.0,,1
2026-09-15T10:42:13+00:00,12661,Jordan Hancock,BUF,DB,2026,True,1,1.0,1.0,1.0,0.0,1.0,0.0,0.0,0.0,,2
2026-09-15T10:42:13+00:00,13469,Tacario Davis,CIN,DB,2026,True,1,1.0,1.0,1.0,0.0,1.0,0.0,0.0,0.0,,2
2026-09-15T10:42:13+00:00,11730,T.J. Tampa,BAL,DB,2026,True,1,1.0,1.0,0.85,0.0,1.0,0.0,0.0,0.0,Questionable,2
2026-09-15T10:42:13+00:00,4074,Malik Hooker,DAL,DB,2026,True,1,2.0,2.0,0.0,1.0,0.0,0.0,0.0,0.0,Out,1
2026-09-15T10:42:13+00:00,5534,Elijah Campbell,NYG,DB,2026,True,1,0.0,0.0,0.0,0.0,0.0,0.0,0.0,0.0,,3
2026-09-15T10:42:13+00:00,7224,Sam Franklin,BUF,DB,2026,True,1,0.0,0.0,0.0,0.0,0.0,0.0,0.0,0.0,,2
2026-09-15T10:42:13+00:00,6872,Kyle Dugger,CIN,DB,2026,True,1,0.0,0.0,0.0,0.0,0.0,0.0,0.0,0.0,,2
2026-09-15T10:42:13+00:00,11765,Kris Abrams-Draine,DEN,DB,2026,True,1,0.0,0.0,0.0,0.0,0.0,0.0,0.0,0.0,,2
2026-09-15T10:42:13+00:00,13500,Jadon Canady,KC,DB,2026,True,1,0.0,0.0,0.0,0.0,0.0,0.0,0.0,0.0,,2
2026-09-15T10:42:13+00:00,4070,T.J. Watt,PIT,DL,2026,True,1,35.0,35.0,35.0,4.0,0.0,2.0,1.0,1.0,,1
2026-09-15T10:42:13+00:00,7627,Greg Rousseau,BUF,DL,2026,True,1,30.0,30.0,30.0,4.0,0.0,2.0,0.0,1.0,,1
2026-09-15T10:42:13+00:00,7726,Derrick Barnes,DET,DL,2026,True,1,26.0,26.0,26.0,3.0,3.0,1.0,1.0,2.0,,1
2026-09-15T10:42:13+00:00,12556,Donovan Ezeiruaku,DAL,DL,2026,True,1,22.0,22.0,22.0,4.0,6.0,0.5,0.0,0.0,,1
2026-09-15T10:42:13+00:00,8289,Aidan Hutchinson,DET,DL,2026,True,1,21.0,21.0,21.0,4.0,1.0,2.0,0.0,0.0,,1
2026-09-15T10:42:13+00:00,5840,Josh Hines-Allen,JAX,DL,2026,True,1,20.0,20.0,20.0,2.0,3.0,1.5,0.0,0.0,,1
2026-09-15T10:42:13+00:00,5871,Zach Allen,DEN,DL,2026,True,1,19.0,19.0,19.0,3.0,2.0,2.0,0.0,0.0,,1
2026-09-15T10:42:13+00:00,7633,Kwity Paye,LV,DL,2026,True,1,19.0,19.0,19.0,2.0,3.0,2.0,0.0,0.0,,1
2026-09-15T10:42:13+00:00,6183,Andrew Van Ginkel,MIN,DL,2026,True,1,18.0,18.0,18.0,2.0,1.0,1.5,0.0,0.0,,1
2026-09-15T10:42:13+00:00,2427,Za'Darius Smith,ATL,DL,2026,True,1,16.0,16.0,16.0,2.0,0.0,2.0,0.0,0.0,,2
2026-09-15T10:42:13+00:00,11667,Dallas Turner,MIN,DL,2026,True,1,16.0,16.0,16.0,2.0,0.0,1.0,0.0,0.0,,1
2026-09-15T10:42:13+00:00,12652,Deone Walker,BUF,DL,2026,True,1,16.0,16.0,16.0,3.0,3.0,1.0,0.0,0.0,,1
2026-09-15T10:42:13+00:00,7113,Alex Highsmith,PIT,DL,2026,True,1,15.0,15.0,15.0,2.0,1.0,2.0,0.0,0.0,,1
2026-09-15T10:42:13+00:00,843,Cameron Heyward,PIT,DL,2026,True,1,14.0,14.0,14.0,2.0,1.0,0.0,0.0,3.0,,1
2026-09-15T10:42:13+00:00,5061,Uchenna Nwosu,SEA,DL,2026,True,1,14.0,14.0,14.0,4.0,1.0,0.0,0.0,1.0,,1
2026-09-15T10:42:13+00:00,5067,Arden Key,IND,DL,2026,True,1,13.0,13.0,13.0,3.0,2.0,0.5,0.0,0.0,,1
2026-09-15T10:42:13+00:00,5841,Ed Oliver,BUF,DL,2026,True,1,13.0,13.0,13.0,2.0,3.0,0.0,0.0,0.0,,1
2026-09-15T10:42:13+00:00,8343,Boye Mafe,CIN,DL,2026,True,1,13.0,13.0,13.0,1.0,0.0,1.0,0.0,0.0,,1
2026-09-15T10:42:13+00:00,10898,Tuli Tuipulotu,LAC,DL,2026,True,1,13.0,13.0,13.0,3.0,2.0,0.0,0.0,1.0,,1
2026-09-15T10:42:13+00:00,10885,Lukas Van Ness,GB,DL,2026,True,1,13.0,13.0,13.0,4.0,0.0,1.0,0.0,0.0,,1
2026-09-15T10:42:13+00:00,12573,Mason Graham,CLE,DL,2026,True,1,13.0,13.0,13.0,2.0,2.0,1.0,0.0,0.0,,1
2026-09-15T10:42:13+00:00,13457,Gabe Jacas,NE,DL,2026,True,1,13.0,13.0,13.0,3.0,0.0,1.0,0.0,0.0,,2
2026-09-15T10:42:13+00:00,2311,Leonard Williams,SEA,DL,2026,True,1,12.0,12.0,12.0,3.0,1.0,1.0,0.0,0.0,,1
2026-09-15T10:42:13+00:00,5816,Nick Bosa,SF,DL,2026,True,1,12.0,12.0,12.0,3.0,1.0,0.0,0.0,0.0,,1
2026-09-15T10:42:13+00:00,7626,Odafe Oweh,WAS,DL,2026,True,1,12.0,12.0,12.0,2.0,1.0,1.0,0.0,0.0,,1
2026-09-15T10:42:13+00:00,8265,Travon Walker,JAX,DL,2026,True,1,12.0,12.0,12.0,1.0,1.0,1.5,0.0,1.0,,1
2026-09-15T10:42:13+00:00,10944,Tavius Robinson,BAL,DL,2026,True,1,12.0,12.0,12.0,1.0,2.0,1.0,0.0,0.0,,1
2026-09-15T10:42:13+00:00,12618,Vernon Broughton,NO,DL,2026,True,1,12.0,12.0,12.0,1.0,2.0,0.0,0.0,0.0,,1
2026-09-15T10:42:13+00:00,5991,Maxx Crosby,LV,DL,2026,True,1,11.0,11.0,11.0,1.0,1.0,1.5,0.0,0.0,,1
2026-09-15T10:42:13+00:00,5865,Dre'Mont Jones,NE,DL,2026,True,1,11.0,11.0,11.0,1.0,1.0,1.0,0.0,0.0,,1
2026-09-15T10:42:13+00:00,8269,Jordan Davis,PHI,DL,2026,True,1,11.0,11.0,11.0,3.0,5.0,0.0,0.0,0.0,,1
2026-09-15T10:42:13+00:00,8400,Travis Jones,BAL,DL,2026,True,1,11.0,11.0,11.0,3.0,1.0,0.0,0.0,0.0,,1
2026-09-15T10:42:13+00:00,12427,Dondrea Tillman,DEN,DL,2026,True,1,11.0,11.0,11.0,4.0,1.0,0.0,0.0,0.0,,2
2026-09-15T10:42:13+00:00,11669,Laiatu Latu,IND,DL,2026,True,1,11.0,11.0,11.0,4.0,2.0,0.5,0.0,0.0,,1
2026-09-15T10:42:13+00:00,11819,Levi Drake Rodriguez,MIN,DL,2026,True,1,11.0,11.0,11.0,2.0,1.0,1.0,0.0,0.0,,1
2026-09-15T10:42:13+00:00,12579,Jordan Burch,ARI,DL,2026,True,1,11.0,11.0,11.0,3.0,0.0,1.0,0.0,0.0,,3
2026-09-15T10:42:13+00:00,13377,Arvell Reese,NYG,DL,2026,True,1,11.0,11.0,11.0,4.0,0.0,0.0,0.0,0.0,,1
2026-09-15T10:42:13+00:00,4032,Jonathan Allen,CIN,DL,2026,True,1,10.0,10.0,10.0,2.0,1.0,1.0,0.0,0.0,,1
2026-09-15T10:42:13+00:00,5090,Folorunso Fatukasi,LV,DL,2026,True,1,10.0,10.0,10.0,1.0,3.0,0.5,0.0,1.0,,2
2026-09-15T10:42:13+00:00,6868,DJ Wonnum,DET,DL,2026,True,1,10.0,10.0,10.0,1.0,2.0,0.0,0.0,1.0,,1
2026-09-15T10:42:13+00:00,7635,Jaelan Phillips,CAR,DL,2026,True,1,10.0,10.0,10.0,2.0,1.0,1.0,0.0,0.0,,1
2026-09-15T10:42:13+00:00,11015,Dante Stills,ARI,DL,2026,True,1,10.0,10.0,10.0,1.0,0.0,1.0,0.0,1.0,,2
2026-09-15T10:42:13+00:00,12610,Princely Umanmielen,CAR,DL,2026,True,1,10.0,10.0,10.0,2.0,1.0,1.0,0.0,0.0,,2
2026-09-15T10:42:13+00:00,3218,A'Shawn Robinson,TB,DL,2026,True,1,9.0,9.0,9.0,3.0,2.0,0.0,0.0,0.0,,1
2026-09-15T10:42:13+00:00,5297,Zach Sieler,MIA,DL,2026,True,1,9.0,9.0,9.0,2.0,1.0,0.0,0.0,0.0,,1
2026-09-15T10:42:13+00:00,5912,Carl Granderson,NO,DL,2026,True,1,9.0,9.0,9.0,2.0,0.0,1.0,0.0,0.0,,1
2026-09-15T10:42:13+00:00,8344,Jonathan Ford,GB,DL,2026,True,1,9.0,9.0,9.0,3.0,1.0,0.5,0.0,0.0,,3
2026-09-15T10:42:13+00:00,10872,Felix Anudike-Uzomah,KC,DL,2026,True,1,9.0,9.0,9.0,1.0,0.0,1.0,0.0,0.0,,2
2026-09-15T10:42:13+00:00,10916,Kobie Turner,LAR,DL,2026,True,1,9.0,9.0,9.0,2.0,5.0,0.0,0.0,0.0,,1
2026-09-15T10:42:13+00:00,11799,Tyler Davis,LAR,DL,2026,True,1,9.0,9.0,9.0,2.0,5.0,0.0,0.0,0.0,,2
2026-09-15T10:42:13+00:00,11665,Jared Verse,CLE,DL,2026,True,1,9.0,9.0,9.0,3.0,1.0,0.0,0.0,0.0,,1
2026-09-15T10:42:13+00:00,12620,Jamaree Caldwell,LAC,DL,2026,True,1,9.0,9.0,9.0,3.0,2.0,0.0,0.0,0.0,,2
2026-09-15T10:42:13+00:00,12621,Josaiah Stewart,LAR,DL,2026,True,1,9.0,9.0,9.0,2.0,4.0,0.0,0.0,0.0,,2
2026-09-15T10:42:13+00:00,1947,Jadeveon Clowney,HOU,DL,2026,True,1,8.0,8.0,8.0,1.0,0.0,1.0,0.0,0.0,,3
2026-09-15T10:42:13+00:00,4207,Davon Godchaux,NO,DL,2026,True,1,8.0,8.0,8.0,2.0,2.0,0.0,0.0,0.0,,1
2026-09-15T10:42:13+00:00,5371,Kentavius Street,CHI,DL,2026,True,1,8.0,8.0,8.0,1.0,1.0,1.0,0.0,0.0,,2
2026-09-15T10:42:13+00:00,6124,Montez Sweat,CHI,DL,2026,True,1,8.0,8.0,8.0,1.0,1.0,1.0,0.0,0.0,,1
2026-09-15T10:42:13+00:00,8382,Kingsley Enagbare,NYJ,DL,2026,True,1,8.0,8.0,8.0,1.0,1.0,1.0,0.0,0.0,,2
2026-09-15T10:42:13+00:00,10875,Myles Murphy,CIN,DL,2026,True,1,8.0,8.0,8.0,1.0,1.0,0.5,0.0,0.0,,1
2026-09-15T10:42:13+00:00,10911,Derick Hall,SEA,DL,2026,True,1,8.0,8.0,8.0,1.0,1.0,1.0,0.0,0.0,,2
2026-09-15T10:42:13+00:00,12635,Tonka Hemingway,LV,DL,2026,True,1,8.0,8.0,8.0,1.0,3.0,0.0,0.0,1.0,,1
2026-09-15T10:42:13+00:00,3172,DeForest Buckner,IND,DL,2026,True,1,7.0,7.0,7.0,0.0,2.0,0.5,0.0,0.0,,1
2026-09-15T10:42:13+00:00,6118,Quinnen Williams,DAL,DL,2026,True,1,7.0,7.0,7.0,1.0,1.0,0.0,0.0,0.0,,1
2026-09-15T10:42:13+00:00,7018,Malcolm Roach,DEN,DL,2026,True,1,7.0,7.0,7.0,2.0,0.0,0.0,0.0,1.0,,1
2026-09-15T10:42:13+00:00,6784,Derrick Brown,CAR,DL,2026,True,1,7.0,7.0,7.0,3.0,0.0,0.0,0.0,0.0,,1
2026-09-15T10:42:13+00:00,7679,Alim McNeill,DET,DL,2026,True,1,7.0,7.0,7.0,1.0,0.0,1.0,0.0,0.0,,1
2026-09-15T10:42:13+00:00,7695,Osa Odighizuwa,SF,DL,2026,True,1,7.0,7.0,7.0,1.0,1.0,0.0,0.0,0.0,,1
2026-09-15T10:42:13+00:00,8385,George Karlaftis,KC,DL,2026,True,1,7.0,7.0,7.0,1.0,2.0,0.0,0.0,0.0,,1
2026-09-15T10:42:13+00:00,8380,Thomas Booker,LV,DL,2026,True,1,7.0,7.0,7.0,1.0,2.0,0.0,0.0,0.0,,2
2026-09-15T10:42:13+00:00,10888,Jalen Carter,PHI,DL,2026,True,1,7.0,7.0,7.0,1.0,2.0,0.0,0.0,0.0,,1
2026-09-15T10:42:13+00:00,11328,Jalen Redmond,MIN,DL,2026,True,1,7.0,7.0,7.0,3.0,1.0,0.0,0.0,0.0,,1
2026-09-15T10:42:13+00:00,10883,Will McDonald,NYJ,DL,2026,True,1,7.0,7.0,7.0,1.0,0.0,1.0,0.0,0.0,,2
2026-09-15T10:42:13+00:00,11688,Kris Jenkins,CIN,DL,2026,True,1,7.0,7.0,7.0,1.0,0.0,1.0,0.0,0.0,,3
2026-09-15T10:42:13+00:00,3188,Sheldon Rankins,HOU,DL,2026,True,1,6.0,6.0,6.0,0.0,3.0,0.0,0.0,1.0,,1
2026-09-15T10:42:13+00:00,4967,Bradley Chubb,BUF,DL,2026,True,1,6.0,6.0,6.0,0.0,4.0,0.0,0.0,0.0,,1
2026-09-15T10:42:13+00:00,6125,Jeffery Simmons,TEN,DL,2026,True,1,6.0,6.0,6.0,2.0,2.0,0.0,0.0,0.0,,1
2026-09-15T10:42:13+00:00,7342,Michael Hoecht,BUF,DL,2026,True,1,6.0,6.0,6.0,1.0,4.0,0.0,0.0,0.0,,2
2026-09-15T10:42:13+00:00,7120,Trevis Gipson,CAR,DL,2026,True,1,6.0,6.0,6.0,2.0,0.0,0.0,0.0,0.0,,2
2026-09-15T10:42:13+00:00,7799,Roy Lopez,ARI,DL,2026,True,1,6.0,6.0,6.0,2.0,2.0,0.0,0.0,0.0,,1
2026-09-15T10:42:13+00:00,7637,Zaven Collins,ARI,DL,2026,True,1,6.0,6.0,6.0,3.0,0.0,0.0,0.0,0.0,,1
2026-09-15T10:42:13+00:00,7693,Chauncey Golston,NYG,DL,2026,True,1,6.0,6.0,6.0,2.0,2.0,0.0,0.0,0.0,,1
2026-09-15T10:42:13+00:00,8270,Devonte Wyatt,GB,DL,2026,True,1,6.0,6.0,6.0,3.0,0.0,0.0,0.0,0.0,,1
2026-09-15T10:42:13+00:00,8331,Otito Ogbonnia,DAL,DL,2026,True,1,6.0,6.0,6.0,2.0,2.0,0.0,0.0,0.0,,1
2026-09-15T10:42:13+00:00,10892,Will Anderson,HOU,DL,2026,True,1,6.0,6.0,6.0,1.0,2.0,0.5,0.0,0.0,,1
2026-09-15T10:42:13+00:00,11668,Byron Murphy,SEA,DL,2026,True,1,6.0,6.0,6.0,2.0,0.0,0.0,0.0,0.0,,1
2026-09-15T10:42:13+00:00,11740,Brandon Dorlus,ATL,DL,2026,True,1,6.0,6.0,6.0,3.0,0.0,0.0,0.0,0.0,,1
2026-09-15T10:42:13+00:00,12644,Barryn Sorrell,GB,DL,2026,True,1,6.0,6.0,6.0,3.0,0.0,0.0,0.0,0.0,,2
2026-09-15T10:42:13+00:00,12680,Rylie Mills,SEA,DL,2026,True,1,6.0,6.0,6.0,2.0,0.0,0.0,0.0,0.0,,2
2026-09-15T10:42:13+00:00,12583,Oluwafemi Oladejo,TEN,DL,2026,True,1,6.0,6.0,6.0,1.0,2.0,0.0,0.0,0.0,,2
2026-09-15T10:42:13+00:00,13464,Domonique Orange,MIN,DL,2026,True,1,6.0,6.0,6.0,2.0,0.0,0.0,0.0,0.0,,2
2026-09-15T10:42:13+00:00,2036,Khalil Mack,LAC,DL,2026,True,1,5.0,5.0,5.0,1.0,1.0,0.0,0.0,0.0,,1
2026-09-15T10:42:13+00:00,2064,DeMarcus Lawrence,SEA,DL,2026,True,1,5.0,5.0,5.0,1.0,2.0,0.0,0.0,0.0,,1
2026-09-15T10:42:13+00:00,5043,Nathan Shepherd,NO,DL,2026,True,1,5.0,5.0,5.0,1.0,2.0,0.0,0.0,0.0,,1
2026-09-15T10:42:13+00:00,7122,Broderick Washington,BAL,DL,2026,True,1,5.0,5.0,5.0,1.0,0.0,0.0,0.0,1.0,,1
2026-09-15T10:42:13+00:00,6921,Josh Uche,MIA,DL,2026,True,1,5.0,5.0,5.0,1.0,3.0,0.0,0.0,0.0,,1
2026-09-15T10:42:13+00:00,6792,Javon Kinlaw,WAS,DL,2026,True,1,5.0,5.0,5.0,1.0,1.0,0.0,0.0,0.0,,1
2026-09-15T10:42:13+00:00,6858,James Lynch,CHI,DL,2026,True,1,5.0,5.0,5.0,2.0,1.0,0.0,0.0,0.0,,3
2026-09-15T10:42:13+00:00,7818,T.J. Slaton,CIN,DL,2026,True,1,5.0,5.0,5.0,1.0,0.0,0.0,0.0,0.0,,2
2026-09-15T10:42:13+00:00,7696,Milton Williams,NE,DL,2026,True,1,5.0,5.0,5.0,2.0,1.0,0.0,0.0,0.0,,1
2026-09-15T10:42:13+00:00,8368,Sam Williams,CLE,DL,2026,True,1,5.0,5.0,5.0,1.0,3.0,0.0,0.0,0.0,,2
2026-09-15T10:42:13+00:00,8383,Cameron Thomas,ATL,DL,2026,True,1,5.0,5.0,5.0,0.0,1.0,0.0,0.0,0.0,,1
2026-09-15T10:42:13+00:00,11030,Moro Ojomo,PHI,DL,2026,True,1,5.0,5.0,5.0,2.0,1.0,0.0,0.0,0.0,,1
2026-09-15T10:42:13+00:00,10957,Adetomiwa Adebawore,IND,DL,2026,True,1,5.0,5.0,5.0,1.0,3.0,0.0,0.0,0.0,,2
2026-09-15T10:42:13+00:00,10901,Keeanu Benton,PIT,DL,2026,True,1,5.0,5.0,5.0,2.0,1.0,0.0,0.0,0.0,,1
2026-09-15T10:42:13+00:00,11706,DeWayne Carter,BUF,DL,2026,True,1,5.0,5.0,5.0,1.0,1.0,0.0,0.0,0.0,,2
2026-09-15T10:42:13+00:00,12593,Jack Sawyer,PIT,DL,2026,True,1,5.0,5.0,5.0,1.0,3.0,0.0,0.0,0.0,,2
2026-09-15T10:42:13+00:00,12679,Jordan Phillips,MIA,DL,2026,True,1,5.0,5.0,5.0,0.0,4.0,0.0,0.0,0.0,,2
2026-09-15T10:42:13+00:00,2592,Grady Jarrett,CHI,DL,2026,True,1,4.0,4.0,4.0,0.0,3.0,0.0,0.0,0.0,,1
2026-09-15T10:42:13+00:00,3558,Chris Jones,KC,DL,2026,True,1,4.0,4.0,4.0,0.0,1.0,0.0,0.0,0.0,,1
2026-09-15T10:42:13+00:00,3241,Jonathan Bullard,DAL,DL,2026,True,1,4.0,4.0,4.0,0.0,2.0,0.5,0.0,0.0,,2
2026-09-15T10:42:13+00:00,3186,Kenny Clark,DAL,DL,2026,True,1,4.0,4.0,4.0,2.0,0.0,0.0,0.0,0.0,,1
2026-09-15T10:42:13+00:00,4092,Dalvin Tomlinson,LAC,DL,2026,True,1,4.0,4.0,4.0,0.0,4.0,0.0,0.0,0.0,,1
2026-09-15T10:42:13+00:00,4259,Al-Quadin Muhammad,TB,DL,2026,True,1,4.0,4.0,4.0,1.0,0.0,0.0,0.0,0.0,,2
2026-09-15T10:42:13+00:00,5466,John Franklin-Myers,TEN,DL,2026,True,1,4.0,4.0,4.0,1.0,2.0,0.0,0.0,0.0,,1
2026-09-15T10:42:13+00:00,5839,Rashan Gary,DAL,DL,2026,True,1,4.0,4.0,4.0,1.0,1.0,0.0,0.0,0.0,,1
2026-09-15T10:42:13+00:00,6129,Jerry Tillery,IND,DL,2026,True,1,4.0,4.0,4.0,1.0,2.0,0.0,0.0,0.0,,2
2026-09-15T10:42:13+00:00,5862,Brian Burns,NYG,DL,2026,True,1,4.0,4.0,4.0,2.0,0.0,0.0,0.0,0.0,,1
2026-09-15T10:42:13+00:00,7231,LaCale London,ATL,DL,2026,True,1,4.0,4.0,4.0,1.0,2.0,0.0,0.0,0.0,,2
2026-09-15T10:42:13+00:00,6782,Chase Young,NO,DL,2026,True,1,4.0,4.0,4.0,0.0,0.0,0.0,0.0,1.0,,1
2026-09-15T10:42:13+00:00,8001,Malik Herring,MIA,DL,2026,True,1,4.0,4.0,4.0,1.0,0.0,0.0,0.0,0.0,,2
2026-09-15T10:42:13+00:00,8355,Kayvon Thibodeaux,NYG,DL,2026,True,1,4.0,4.0,4.0,1.0,1.0,0.0,0.0,0.0,,2
2026-09-15T10:42:13+00:00,8347,Eyioma Uwazurike,DEN,DL,2026,True,1,4.0,4.0,4.0,1.0,2.0,0.0,0.0,0.0,,2
2026-09-15T10:42:13+00:00,10940,Nick Herbig,PIT,DL,2026,True,1,4.0,4.0,4.0,1.0,1.0,0.0,0.0,0.0,,2
2026-09-15T10:42:13+00:00,10921,Yaya Diaby,TB,DL,2026,True,1,4.0,4.0,4.0,1.0,0.0,0.0,0.0,0.0,,1
2026-09-15T10:42:13+00:00,10899,Gervon Dexter,ATL,DL,2026,True,1,4.0,4.0,4.0,1.0,2.0,0.0,0.0,0.0,,1
2026-09-15T10:42:13+00:00,11703,Jalyx Hunt,PHI,DL,2026,True,1,4.0,4.0,4.0,1.0,2.0,0.0,0.0,0.0,,1
2026-09-15T10:42:13+00:00,11743,Justin Eboigbe,LAC,DL,2026,True,1,4.0,4.0,4.0,1.0,2.0,0.0,0.0,0.0,,1
2026-09-15T10:42:13+00:00,11759,Javon Solomon,BUF,DL,2026,True,1,4.0,4.0,4.0,1.0,2.0,0.0,0.0,0.0,,3
2026-09-15T10:42:13+00:00,12554,Tyleik Williams,DET,DL,2026,True,1,4.0,4.0,4.0,1.0,2.0,0.0,0.0,0.0,,1
2026-09-15T10:42:13+00:00,12574,Abdul Carter,NYG,DL,2026,True,1,4.0,4.0,4.0,0.0,3.0,0.0,0.0,0.0,,1
2026-09-15T10:42:13+00:00,12561,Derrick Harmon,PIT,DL,2026,True,1,4.0,4.0,4.0,1.0,2.0,0.0,0.0,0.0,,1
2026-09-15T10:42:13+00:00,12649,C.J. West,SF,DL,2026,True,1,4.0,4.0,4.0,1.0,1.0,0.0,0.0,0.0,,2
2026-09-15T10:42:13+00:00,13480,LT Overton,DAL,DL,2026,True,1,4.0,4.0,4.0,0.0,1.0,0.0,0.0,1.0,,2
2026-09-15T10:42:13+00:00,13547,Skyler Gill-Howard,DET,DL,2026,True,1,4.0,4.0,4.0,1.0,2.0,0.0,0.0,0.0,,2
2026-09-15T10:42:13+00:00,2393,Danielle Hunter,HOU,DL,2026,True,1,3.0,3.0,3.0,0.0,0.0,0.0,0.0,1.0,,1
2026-09-15T10:42:13+00:00,2327,Bud Dupree,LAC,DL,2026,True,1,3.0,3.0,3.0,1.0,1.0,0.0,0.0,0.0,,2
2026-09-15T10:42:13+00:00,2322,Arik Armstead,JAX,DL,2026,True,1,3.0,3.0,3.0,1.0,1.0,0.0,0.0,0.0,,1
2026-09-15T10:42:13+00:00,2340,Mario Edwards,HOU,DL,2026,True,1,3.0,3.0,3.0,0.0,1.0,0.5,0.0,0.0,,3
2026-09-15T10:42:13+00:00,3322,DJ Reader,NYG,DL,2026,True,1,3.0,3.0,3.0,1.0,1.0,0.0,0.0,0.0,,1
2026-09-15T10:42:13+00:00,4170,Samson Ebukam,ATL,DL,2026,True,1,3.0,3.0,3.0,0.0,1.0,0.0,0.0,0.0,,2
2026-09-15T10:42:13+00:00,4168,Grover Stewart,IND,DL,2026,True,1,3.0,3.0,3.0,0.0,1.0,0.5,0.0,0.0,,1
2026-09-15T10:42:13+00:00,4999,Josh Sweat,ARI,DL,2026,True,1,3.0,3.0,3.0,0.0,1.0,0.0,0.0,0.0,,1
2026-09-15T10:42:13+00:00,5366,Tim Settle,WAS,DL,2026,True,1,3.0,3.0,3.0,0.0,3.0,0.0,0.0,0.0,,1
2026-09-15T10:42:13+00:00,5073,Sebastian Joseph-Day,PIT,DL,2026,True,1,3.0,3.0,3.0,1.0,1.0,0.0,0.0,0.0,,2
2026-09-15T10:42:13+00:00,5934,Charles Omenihu,WAS,DL,2026,True,1,3.0,3.0,3.0,0.0,0.0,0.0,0.0,1.0,,2
2026-09-15T10:42:13+00:00,5981,Greg Gaines,BUF,DL,2026,True,1,3.0,3.0,3.0,1.0,1.0,0.0,0.0,0.0,,3
2026-09-15T10:42:13+00:00,7443,Teair Tart,LAC,DL,2026,True,1,3.0,3.0,3.0,1.0,1.0,0.0,0.0,0.0,,1
2026-09-15T10:42:13+00:00,6802,A.J. Epenesa,PHI,DL,2026,True,1,3.0,3.0,3.0,1.0,1.0,0.0,0.0,0.0,,3
2026-09-15T10:42:13+00:00,6972,DaVon Hamilton,JAX,DL,2026,True,1,3.0,3.0,3.0,0.0,2.0,0.0,0.0,0.0,,1
2026-09-15T10:42:13+00:00,6864,Khalid Kareem,SF,DL,2026,True,1,3.0,3.0,3.0,1.0,1.0,0.0,0.0,0.0,,3
2026-09-15T10:42:13+00:00,7711,Tommy Togiai,HOU,DL,2026,True,1,3.0,3.0,3.0,1.0,1.0,0.0,0.0,0.0,,1
2026-09-15T10:42:13+00:00,7664,Christian Barmore,NE,DL,2026,True,1,3.0,3.0,3.0,1.0,0.0,0.0,0.0,0.0,,1
2026-09-15T10:42:13+00:00,8280,Nik Bonitto,DEN,DL,2026,True,1,3.0,3.0,3.0,1.0,1.0,0.0,0.0,0.0,,1
2026-09-15T10:42:13+00:00,8398,Jermaine Johnson,TEN,DL,2026,True,1,3.0,3.0,3.0,1.0,1.0,0.0,0.0,0.0,,1
2026-09-15T10:42:13+00:00,10952,Colby Wooden,NO,DL,2026,True,1,3.0,3.0,3.0,1.0,1.0,0.0,0.0,0.0,,2
2026-09-15T10:42:13+00:00,10873,Nolan Smith,PHI,DL,2026,True,1,3.0,3.0,3.0,1.0,1.0,0.0,0.0,0.0,,2
2026-09-15T10:42:13+00:00,10904,Keion White,SF,DL,2026,True,1,3.0,3.0,3.0,0.0,0.0,0.0,0.0,0.0,,2
2026-09-15T10:42:13+00:00,12030,Braiden McGregor,NYJ,DL,2026,True,1,3.0,3.0,3.0,0.0,3.0,0.0,0.0,0.0,,3
2026-09-15T10:42:13+00:00,11677,Braden Fiske,LAR,DL,2026,True,1,3.0,3.0,3.0,1.0,1.0,0.0,0.0,0.0,,2
2026-09-15T10:42:13+00:00,11760,Austin Booker,CHI,DL,2026,True,1,3.0,3.0,3.0,1.0,1.0,0.0,0.0,0.0,,1
2026-09-15T10:42:13+00:00,11698,Maason Smith,ATL,DL,2026,True,1,3.0,3.0,3.0,0.0,0.0,0.0,0.0,1.0,,2
2026-09-15T10:42:13+00:00,12683,Tyrion Ingram-Dawkins,MIN,DL,2026,True,1,3.0,3.0,3.0,0.0,1.0,0.0,0.0,0.0,,1
2026-09-15T10:42:13+00:00,12691,Tim Smith,IND,DL,2026,True,1,3.0,3.0,3.0,1.0,1.0,0.0,0.0,0.0,,3
2026-09-15T10:42:13+00:00,12720,Zeek Biggers,MIA,DL,2026,True,1,3.0,3.0,3.0,1.0,1.0,0.0,0.0,0.0,,3
2026-09-15T10:42:13+00:00,12594,Jaylahn Tuimoloau,IND,DL,2026,True,1,3.0,3.0,3.0,1.0,0.0,0.0,0.0,0.0,,2
2026-09-15T10:42:13+00:00,125,Calais Campbell,BAL,DL,2026,True,1,2.0,2.0,2.0,0.0,2.0,0.0,0.0,0.0,,2
2026-09-15T10:42:13+00:00,2130,Kyle Van Noy,MIN,DL,2026,True,1,2.0,2.0,2.0,1.0,0.0,0.0,0.0,0.0,,
2026-09-15T10:42:13+00:00,3220,Jarran Reed,SEA,DL,2026,True,1,2.0,2.0,2.0,1.0,0.0,0.0,0.0,0.0,,1
2026-09-15T10:42:13+00:00,3256,Javon Hargrave,GB,DL,2026,True,1,2.0,2.0,2.0,1.0,0.0,0.0,0.0,0.0,,1
2026-09-15T10:42:13+00:00,4135,Trey Hendrickson,BAL,DL,2026,True,1,2.0,2.0,2.0,1.0,0.0,0.0,0.0,0.0,,1
2026-09-15T10:42:13+00:00,4976,Daron Payne,WAS,DL,2026,True,1,2.0,2.0,2.0,1.0,0.0,0.0,0.0,0.0,,1
2026-09-15T10:42:13+00:00,5615,Matt Dickerson,JAX,DL,2026,True,1,2.0,2.0,2.0,0.0,1.0,0.0,0.0,0.0,,3
2026-09-15T10:42:13+00:00,5049,Harrison Phillips,NYJ,DL,2026,True,1,2.0,2.0,2.0,0.0,1.0,0.0,0.0,0.0,,1
2026-09-15T10:42:13+00:00,6841,Jordan Elliott,TEN,DL,2026,True,1,2.0,2.0,2.0,0.0,2.0,0.0,0.0,0.0,,2
2026-09-15T10:42:13+00:00,6800,K'Lavon Chaisson,WAS,DL,2026,True,1,2.0,2.0,2.0,0.0,0.0,0.0,0.0,0.0,,1
2026-09-15T10:42:13+00:00,7649,Dayo Odeyingbo,CHI,DL,2026,True,1,2.0,2.0,2.0,1.0,0.0,0.0,0.0,0.0,,2
2026-09-15T10:42:13+00:00,7722,Bobby Brown,CAR,DL,2026,True,1,2.0,2.0,2.0,0.0,2.0,0.0,0.0,0.0,,1
2026-09-15T10:42:13+00:00,7770,Patrick Johnson,LV,DL,2026,True,1,2.0,2.0,2.0,1.0,0.0,0.0,0.0,0.0,,2
2026-09-15T10:42:13+00:00,8325,Arnold Ebiketie,PHI,DL,2026,True,1,2.0,2.0,2.0,1.0,0.0,0.0,0.0,0.0,,2
2026-09-15T10:42:13+00:00,11009,Karl Brooks,GB,DL,2026,True,1,2.0,2.0,2.0,0.0,2.0,0.0,0.0,0.0,,1
2026-09-15T10:42:13+00:00,10889,Tyree Wilson,NO,DL,2026,True,1,2.0,2.0,2.0,0.0,2.0,0.0,0.0,0.0,,3
2026-09-15T10:42:13+00:00,10943,Isaiah McGuire,CLE,DL,2026,True,1,2.0,2.0,2.0,0.0,2.0,0.0,0.0,0.0,,1
2026-09-15T10:42:13+00:00,11338,Cory Durden,NE,DL,2026,True,1,2.0,2.0,2.0,0.0,2.0,0.0,0.0,0.0,,1
2026-09-15T10:42:13+00:00,11714,Jonah Elliss,DEN,DL,2026,True,1,2.0,2.0,2.0,0.0,1.0,0.0,0.0,0.0,,2
2026-09-15T10:42:13+00:00,11721,Bralen Trice,ATL,DL,2026,True,1,2.0,2.0,2.0,1.0,0.0,0.0,0.0,0.0,,
2026-09-15T10:42:13+00:00,12927,Nazir Stackhouse,TEN,DL,2026,True,1,2.0,2.0,2.0,1.0,0.0,0.0,0.0,0.0,,3
2026-09-15T10:42:13+00:00,13048,Jared Ivey,ATL,DL,2026,True,1,2.0,2.0,2.0,0.0,2.0,0.0,0.0,0.0,,3
2026-09-15T10:42:13+00:00,12580,Landon Jackson,BUF,DL,2026,True,1,2.0,2.0,2.0,1.0,0.0,0.0,0.0,0.0,,2
2026-09-15T10:42:13+00:00,12645,David Walker,TB,DL,2026,True,1,2.0,2.0,2.0,1.0,0.0,0.0,0.0,0.0,,3
2026-09-15T10:42:13+00:00,13104,Adin Huntington,CLE,DL,2026,True,1,2.0,2.0,2.0,0.0,2.0,0.0,0.0,0.0,,3
2026-09-15T10:42:13+00:00,12978,Elijah Ponder,NE,DL,2026,True,1,2.0,2.0,2.0,0.0,2.0,0.0,0.0,0.0,,2
2026-09-15T10:42:13+00:00,13455,TJ Parker,BUF,DL,2026,True,1,2.0,2.0,2.0,0.0,2.0,0.0,0.0,0.0,,3
2026-09-15T10:42:13+00:00,2993,Rakeem Nunez-Roches,TB,DL,2026,True,1,1.0,1.0,1.0,0.0,1.0,0.0,0.0,0.0,,2
2026-09-15T10:42:13+00:00,3281,David Onyemata,NYJ,DL,2026,True,1,1.0,1.0,1.0,0.0,0.0,0.0,0.0,0.0,,1
2026-09-15T10:42:13+00:00,3236,Maliek Collins,CLE,DL,2026,True,1,1.0,1.0,1.0,0.0,0.0,0.0,0.0,0.0,,1
2026-09-15T10:42:13+00:00,4278,D.J. Jones,DEN,DL,2026,True,1,1.0,1.0,1.0,0.0,1.0,0.0,0.0,0.0,,1
2026-09-15T10:42:13+00:00,4415,Adam Butler,LV,DL,2026,True,1,1.0,1.0,1.0,0.0,1.0,0.0,0.0,0.0,,1
2026-09-15T10:42:13+00:00,5378,Jacob Martin,TEN,DL,2026,True,1,1.0,1.0,1.0,0.0,0.0,0.0,0.0,0.0,,1
2026-09-15T10:42:13+00:00,4969,Vita Vea,TB,DL,2026,True,1,1.0,1.0,1.0,0.0,0.0,0.0,0.0,0.0,,1
2026-09-15T10:42:13+00:00,5075,Ogbo Okoronkwo,SF,DL,2026,True,1,1.0,1.0,1.0,0.0,0.0,0.0,0.0,0.0,,
2026-09-15T10:42:13+00:00,6627,Shy Tuttle,WAS,DL,2026,True,1,1.0,1.0,1.0,0.0,1.0,0.0,0.0,0.0,,3
2026-09-15T10:42:13+00:00,5861,L.J. Collier,ARI,DL,2026,True,1,1.0,1.0,1.0,0.0,1.0,0.0,0.0,0.0,,2
2026-09-15T10:42:13+00:00,5847,Dexter Lawrence,CIN,DL,2026,True,1,1.0,1.0,1.0,0.0,0.0,0.0,0.0,0.0,,1
2026-09-15T10:42:13+00:00,5842,Clelin Ferrell,MIA,DL,2026,True,1,1.0,1.0,1.0,0.0,1.0,0.0,0.0,0.0,,
2026-09-15T10:42:13+00:00,6848,Anfernee Jennings,NO,DL,2026,True,1,1.0,1.0,1.0,0.0,1.0,0.0,0.0,0.0,,2
2026-09-15T10:42:13+00:00,6825,Neville Gallimore,CHI,DL,2026,True,1,1.0,1.0,1.0,0.0,1.0,0.0,0.0,0.0,,1
2026-09-15T10:42:13+00:00,7721,Chris Rumph,NO,DL,2026,True,1,1.0,1.0,1.0,0.0,1.0,0.0,0.0,0.0,,3
2026-09-15T10:42:13+00:00,7756,Khyiris Tonga,KC,DL,2026,True,1,1.0,1.0,1.0,0.0,1.0,0.0,0.0,0.0,,1
2026-09-15T10:42:13+00:00,7676,Malcolm Koonce,LV,DL,2026,True,1,1.0,1.0,1.0,0.0,1.0,0.0,0.0,0.0,,2
2026-09-15T10:42:13+00:00,8391,Dominique Robinson,HOU,DL,2026,True,1,1.0,1.0,1.0,0.0,1.0,0.0,0.0,0.0,,2
2026-09-15T10:42:13+00:00,8494,James Houston,DAL,DL,2026,True,1,1.0,1.0,1.0,0.0,1.0,0.0,0.0,0.0,,2
2026-09-15T10:42:13+00:00,10941,Tyler Lacy,DET,DL,2026,True,1,1.0,1.0,1.0,0.0,1.0,0.0,0.0,0.0,,3
2026-09-15T10:42:13+00:00,10925,Byron Young,PHI,DL,2026,True,1,1.0,1.0,1.0,0.0,1.0,0.0,0.0,0.0,,2
2026-09-15T10:42:13+00:00,11021,Desjuan Johnson,LAR,DL,2026,True,1,1.0,1.0,1.0,0.0,1.0,0.0,0.0,0.0,,2
2026-09-15T10:42:13+00:00,10879,Calijah Kancey,TB,DL,2026,True,1,1.0,1.0,1.0,0.0,0.0,0.0,0.0,0.0,,1
2026-09-15T10:42:13+00:00,10917,Byron Young,LAR,DL,2026,True,1,1.0,1.0,1.0,0.0,1.0,0.0,0.0,0.0,,1
2026-09-15T10:42:13+00:00,11816,Javontae Jean-Baptiste,WAS,DL,2026,True,1,1.0,1.0,1.0,0.0,1.0,0.0,0.0,0.0,,3
2026-09-15T10:42:13+00:00,11827,Jonah Laulu,LV,DL,2026,True,1,1.0,1.0,1.0,0.0,0.0,0.0,0.0,0.0,,1
2026-09-15T10:42:13+00:00,11828,Marcus Harris,KC,DL,2026,True,1,1.0,1.0,1.0,0.0,1.0,0.0,0.0,0.0,,3
2026-09-15T10:42:13+00:00,11695,Ruke Orhorhoro,JAX,DL,2026,True,1,1.0,1.0,1.0,0.0,1.0,0.0,0.0,0.0,,2
2026-09-15T10:42:13+00:00,11785,Cedric Johnson,CIN,DL,2026,True,1,1.0,1.0,1.0,0.0,1.0,0.0,0.0,0.0,,3
2026-09-15T10:42:13+00:00,11658,Darius Robinson,ARI,DL,2026,True,1,1.0,1.0,1.0,0.0,1.0,0.0,0.0,0.0,,1
2026-09-15T10:42:13+00:00,11691,T'Vondre Sweat,NYJ,DL,2026,True,1,1.0,1.0,1.0,0.0,1.0,0.0,0.0,0.0,,1
2026-09-15T10:42:13+00:00,11663,Chop Robinson,MIA,DL,2026,True,1,1.0,1.0,1.0,0.0,1.0,0.0,0.0,0.0,,1
2026-09-15T10:42:13+00:00,12696,Aeneas Peebles,BAL,DL,2026,True,1,1.0,1.0,1.0,0.0,0.0,0.0,0.0,0.0,,2
2026-09-15T10:42:13+00:00,12676,Ty Hamilton,LAR,DL,2026,True,1,1.0,1.0,1.0,0.0,1.0,0.0,0.0,0.0,,2
2026-09-15T10:42:13+00:00,12623,Ashton Gillotte,KC,DL,2026,True,1,1.0,1.0,1.0,0.0,1.0,0.0,0.0,0.0,,1
2026-09-15T10:42:13+00:00,12552,Walter Nolen,ARI,DL,2026,True,1,1.0,1.0,1.0,0.0,1.0,0.0,0.0,0.0,,1
2026-09-15T10:42:13+00:00,13468,Chris McClellan,GB,DL,2026,True,1,1.0,1.0,1.0,0.0,1.0,0.0,0.0,0.0,,2
2026-09-15T10:42:13+00:00,13492,Dani Dennis-Sutton,GB,DL,2026,True,1,1.0,1.0,1.0,0.0,1.0,0.0,0.0,0.0,,3
2026-09-15T10:42:13+00:00,13476,Albert Regis,JAX,DL,2026,True,1,1.0,1.0,1.0,0.0,1.0,0.0,0.0,0.0,,2
2026-09-15T10:42:13+00:00,13706,Aaron Hall,CAR,DL,2026,True,1,1.0,1.0,1.0,0.0,1.0,0.0,0.0,0.0,,2
2026-09-15T10:42:13+00:00,13504,Darrell Jackson,NYJ,DL,2026,True,1,1.0,1.0,1.0,0.0,1.0,0.0,0.0,0.0,,2
2026-09-15T10:42:13+00:00,5020,B.J. Hill,CIN,DL,2026,True,1,0.0,0.0,0.0,0.0,0.0,0.0,0.0,0.0,,2
2026-09-15T10:42:13+00:00,12671,Elijah Roberts,TB,DL,2026,True,1,0.0,0.0,0.0,0.0,0.0,0.0,0.0,0.0,,2
2026-09-15T10:42:13+00:00,12665,Yahya Black,PIT,DL,2026,True,1,0.0,0.0,0.0,0.0,0.0,0.0,0.0,0.0,,2
2026-09-15T10:42:13+00:00,13379,Josiah Trotter,TB,LB,2026,True,1,37.0,37.0,37.0,4.0,7.0,1.0,1.0,1.0,,1
2026-09-15T10:42:13+00:00,6815,Zack Baun,PHI,LB,2026,True,1,27.0,27.0,27.0,7.0,5.0,0.0,0.0,2.0,,1
2026-09-15T10:42:13+00:00,10947,Ventrell Miller,JAX,LB,2026,True,1,27.0,27.0,27.0,7.0,3.0,1.0,0.0,0.0,,1
2026-09-15T10:42:13+00:00,4960,Roquan Smith,BAL,LB,2026,True,1,26.0,26.0,26.0,5.0,6.0,0.0,1.0,1.0,,1
2026-09-15T10:42:13+00:00,13365,Anthony Hill,TEN,LB,2026,True,1,24.0,24.0,24.0,2.0,14.0,0.0,0.0,2.0,,2
2026-09-15T10:42:13+00:00,5041,Fred Warner,SF,LB,2026,True,1,22.0,22.0,22.0,5.0,6.0,0.0,0.0,1.0,,1
2026-09-15T10:42:13+00:00,11727,Payton Wilson,PIT,LB,2026,True,1,22.0,22.0,22.0,5.0,8.0,0.0,0.0,0.0,,1
2026-09-15T10:42:13+00:00,7672,Ernest Jones,SEA,LB,2026,True,1,21.0,21.0,21.0,8.0,5.0,0.0,0.0,0.0,,1
2026-09-15T10:42:13+00:00,2617,Alex Singleton,DEN,LB,2026,True,1,20.0,20.0,20.0,5.0,10.0,0.0,0.0,0.0,,1
2026-09-15T10:42:13+00:00,8329,Devin Lloyd,CAR,LB,2026,True,1,20.0,20.0,20.0,8.0,4.0,0.0,0.0,0.0,,1
2026-09-15T10:42:13+00:00,12646,Barrett Carter,CIN,LB,2026,True,1,20.0,20.0,20.0,5.0,3.0,0.5,0.0,0.0,,1
2026-09-15T10:42:13+00:00,8267,Nakobe Dean,LV,LB,2026,True,1,19.0,19.0,19.0,4.0,1.0,1.0,0.0,0.0,,1
2026-09-15T10:42:13+00:00,12566,Jihaad Campbell,PHI,LB,2026,True,1,19.0,19.0,19.0,5.0,4.0,1.0,0.0,0.0,,1
2026-09-15T10:42:13+00:00,13453,Jacob Rodriguez,MIA,LB,2026,True,1,19.0,19.0,19.0,5.0,9.0,0.0,0.0,0.0,,1
2026-09-15T10:42:13+00:00,6302,Kaden Elliss,NO,LB,2026,True,1,18.0,18.0,18.0,3.0,6.0,0.0,0.0,1.0,,1
2026-09-15T10:42:13+00:00,11687,Edgerrin Cooper,GB,LB,2026,True,1,18.0,18.0,18.0,5.0,1.0,1.0,0.0,0.0,,1
2026-09-15T10:42:13+00:00,8311,Terrel Bernard,BUF,LB,2026,True,1,21.0,21.0,17.85,5.0,6.0,0.0,0.0,0.0,Questionable,1
2026-09-15T10:42:13+00:00,11470,Drake Thomas,SEA,LB,2026,True,1,17.0,17.0,17.0,3.0,6.0,1.0,0.0,0.0,,1
2026-09-15T10:42:13+00:00,5332,Foyesade Oluokun,JAX,LB,2026,True,1,16.0,16.0,16.0,3.0,1.0,0.0,1.0,1.0,,1
2026-09-15T10:42:13+00:00,6949,Jordyn Brooks,MIA,LB,2026,True,1,16.0,16.0,16.0,6.0,3.0,0.0,0.0,0.0,,1
2026-09-15T10:42:13+00:00,1052,Demario Davis,NYJ,LB,2026,True,1,15.0,15.0,15.0,4.0,4.0,0.0,0.0,1.0,,1
2026-09-15T10:42:13+00:00,4968,Tremaine Edmunds,NYG,LB,2026,True,1,15.0,15.0,15.0,7.0,1.0,0.0,0.0,0.0,,1
2026-09-15T10:42:13+00:00,5726,Robert Spillane,NE,LB,2026,True,1,15.0,15.0,15.0,7.0,1.0,0.0,0.0,0.0,,1
2026-09-15T10:42:13+00:00,6485,Azeez Al-Shaair,HOU,LB,2026,True,1,15.0,15.0,15.0,5.0,3.0,0.0,0.0,0.0,,1
2026-09-15T10:42:13+00:00,6217,Blake Cashman,MIN,LB,2026,True,1,15.0,15.0,15.0,3.0,2.0,0.5,0.0,0.0,,1
2026-09-15T10:42:13+00:00,7647,Pete Werner,NO,LB,2026,True,1,15.0,15.0,15.0,3.0,4.0,0.0,0.0,1.0,,1
2026-09-15T10:42:13+00:00,7677,Divine Deablo,ATL,LB,2026,True,1,15.0,15.0,15.0,3.0,4.0,0.0,0.0,0.0,,1
2026-09-15T10:42:13+00:00,12617,Demetrius Knight,CIN,LB,2026,True,1,15.0,15.0,15.0,5.0,2.0,0.0,0.0,0.0,,1
2026-09-15T10:42:13+00:00,8659,Nate Landman,LAR,LB,2026,True,1,17.0,17.0,14.45,5.0,3.0,0.0,0.0,1.0,Questionable,1
2026-09-15T10:42:13+00:00,5944,Bobby Okereke,CAR,LB,2026,True,1,14.0,14.0,14.0,3.0,3.0,0.0,0.0,0.0,,3
2026-09-15T10:42:13+00:00,8680,Jack Gibbens,ARI,LB,2026,True,1,14.0,14.0,14.0,5.0,2.0,0.5,0.0,0.0,,1
2026-09-15T10:42:13+00:00,10880,Jack Campbell,DET,LB,2026,True,1,14.0,14.0,14.0,5.0,2.0,0.0,0.0,0.0,,1
2026-09-15T10:42:13+00:00,12578,Carson Schwesinger,CLE,LB,2026,True,1,14.0,14.0,14.0,2.0,7.0,0.0,0.0,0.0,,1
2026-09-15T10:42:13+00:00,13375,Sonny Styles,WAS,LB,2026,True,1,14.0,14.0,14.0,3.0,1.0,1.0,0.0,0.0,,1
2026-09-15T10:42:13+00:00,6860,Akeem Davis-Gaither,IND,LB,2026,True,1,13.0,13.0,13.0,5.0,3.0,0.0,0.0,0.0,,1
2026-09-15T10:42:13+00:00,8000,Zayne Anderson,MIA,LB,2026,True,1,13.0,13.0,13.0,3.0,2.0,0.0,0.0,1.0,,1
2026-09-15T10:42:13+00:00,10923,Dorian Williams,BUF,LB,2026,True,1,13.0,13.0,13.0,3.0,5.0,0.0,0.0,0.0,,1
2026-09-15T10:42:13+00:00,5843,Devin Bush,CHI,LB,2026,True,1,12.0,12.0,12.0,2.0,4.0,0.0,0.0,0.0,,1
2026-09-15T10:42:13+00:00,7016,Jeremy Chinn,LV,LB,2026,True,1,12.0,12.0,12.0,4.0,1.0,0.0,0.0,0.0,,1
2026-09-15T10:42:13+00:00,10914,Daiyan Henley,LAC,LB,2026,True,1,12.0,12.0,12.0,2.0,6.0,0.5,0.0,0.0,,1
2026-09-15T10:42:13+00:00,12917,Branson Combs,JAX,LB,2026,True,1,12.0,12.0,12.0,3.0,1.0,1.0,0.0,0.0,,2
2026-09-15T10:42:13+00:00,6131,Mack Wilson,ARI,LB,2026,True,1,11.0,11.0,11.0,2.0,4.0,0.0,0.0,1.0,,1
2026-09-15T10:42:13+00:00,8266,Quay Walker,LV,LB,2026,True,1,11.0,11.0,11.0,2.0,4.0,0.0,0.0,0.0,,1
2026-09-15T10:42:13+00:00,13381,Jaishawn Barham,DAL,LB,2026,True,1,11.0,11.0,11.0,3.0,3.0,0.0,0.0,0.0,,2
2026-09-15T10:42:13+00:00,6348,Del'Shawn Phillips,LAC,LB,2026,True,1,10.0,10.0,10.0,3.0,3.0,0.0,0.0,0.0,,2
2026-09-15T10:42:13+00:00,6941,Troy Dye,LAC,LB,2026,True,1,10.0,10.0,10.0,3.0,2.0,0.5,0.0,0.0,,1
2026-09-15T10:42:13+00:00,8517,Rodney Thomas,SEA,LB,2026,True,1,10.0,10.0,10.0,3.0,1.0,0.0,0.0,1.0,,
2026-09-15T10:42:13+00:00,11017,Dee Winters,DAL,LB,2026,True,1,10.0,10.0,10.0,4.0,0.0,0.0,0.0,0.0,,1
2026-09-15T10:42:13+00:00,4118,Alex Anzalone,TB,LB,2026,True,1,9.0,9.0,9.0,2.0,5.0,0.0,0.0,0.0,,1
2026-09-15T10:42:13+00:00,6141,Drue Tranquill,KC,LB,2026,True,1,9.0,9.0,9.0,2.0,5.0,0.0,0.0,0.0,,1
2026-09-15T10:42:13+00:00,6807,Patrick Queen,PIT,LB,2026,True,1,9.0,9.0,9.0,2.0,5.0,0.0,0.0,0.0,,1
2026-09-15T10:42:13+00:00,7648,Nick Bolton,KC,LB,2026,True,1,9.0,9.0,9.0,2.0,2.0,0.0,0.0,1.0,,1
2026-09-15T10:42:13+00:00,10935,Trenton Simpson,BAL,LB,2026,True,1,9.0,9.0,9.0,2.0,1.0,0.0,0.0,0.0,,2
2026-09-15T10:42:13+00:00,12650,Danny Stutsman,NO,LB,2026,True,1,9.0,9.0,9.0,3.0,3.0,0.0,0.0,0.0,,2
2026-09-15T10:42:13+00:00,13000,Shaun Dolac,LAR,LB,2026,True,1,9.0,9.0,9.0,3.0,3.0,0.0,0.0,0.0,,2
2026-09-15T10:42:13+00:00,13481,Bryce Boettcher,IND,LB,2026,True,1,9.0,9.0,9.0,2.0,5.0,0.0,0.0,0.0,,1
2026-09-15T10:42:13+00:00,5580,Frankie Luvu,WAS,LB,2026,True,1,10.0,10.0,8.5,1.0,3.0,1.0,0.0,0.0,Questionable,1
2026-09-15T10:42:13+00:00,11193,Brenton Cox,GB,LB,2026,True,1,8.0,8.0,8.0,4.0,0.0,0.0,0.0,0.0,,2
2026-09-15T10:42:13+00:00,11086,Ivan Pace,MIN,LB,2026,True,1,8.0,8.0,8.0,3.0,0.0,0.0,0.0,0.0,,2
2026-09-15T10:42:13+00:00,5346,Zaire Franklin,GB,LB,2026,True,1,7.0,7.0,7.0,2.0,2.0,0.0,0.0,0.0,,1
2026-09-15T10:42:13+00:00,6056,Dre Greenlaw,SF,LB,2026,True,1,7.0,7.0,7.0,1.0,5.0,0.0,0.0,0.0,,1
2026-09-15T10:42:13+00:00,6214,Quincy Williams,CLE,LB,2026,True,1,7.0,7.0,7.0,3.0,1.0,0.0,0.0,0.0,,1
2026-09-15T10:42:13+00:00,6901,Joshua Metellus,MIN,LB,2026,True,1,7.0,7.0,7.0,3.0,1.0,0.0,0.0,0.0,,1
2026-09-15T10:42:13+00:00,7921,Christian Elliss,NE,LB,2026,True,1,7.0,7.0,7.0,3.0,1.0,0.0,0.0,0.0,,1
2026-09-15T10:42:13+00:00,8334,Malcolm Rodriguez,DET,LB,2026,True,1,7.0,7.0,7.0,2.0,2.0,0.0,0.0,0.0,,1
2026-09-15T10:42:13+00:00,10933,DeMarvion Overshown,DAL,LB,2026,True,1,8.0,8.0,6.8,1.0,6.0,0.0,0.0,0.0,Questionable,1
2026-09-15T10:42:13+00:00,4413,Eric Wilson,MIN,LB,2026,True,1,6.0,6.0,6.0,2.0,1.0,0.0,0.0,0.0,,1
2026-09-15T10:42:13+00:00,7841,Jamien Sherwood,NYJ,LB,2026,True,1,6.0,6.0,6.0,2.0,2.0,0.0,0.0,0.0,,1
2026-09-15T10:42:13+00:00,12636,Que Robinson,DEN,LB,2026,True,1,6.0,6.0,6.0,1.0,3.0,0.0,0.0,0.0,,3
2026-09-15T10:42:13+00:00,13520,Jaden Dugger,SF,LB,2026,True,1,6.0,6.0,6.0,1.0,4.0,0.0,0.0,0.0,,2
2026-09-15T10:42:13+00:00,6179,Jahlani Tavai,JAX,LB,2026,True,1,5.0,5.0,5.0,2.0,1.0,0.0,0.0,0.0,,2
2026-09-15T10:42:13+00:00,8297,Jeremiah Moon,CAR,LB,2026,True,1,5.0,5.0,5.0,2.0,1.0,0.0,0.0,0.0,,
2026-09-15T10:42:13+00:00,8618,Marcelino McCrary-Ball,NYJ,LB,2026,True,1,5.0,5.0,5.0,1.0,0.0,0.0,0.0,0.0,,2
2026-09-15T10:42:13+00:00,11893,Isaiah Stalbird,NO,LB,2026,True,1,5.0,5.0,5.0,2.0,1.0,0.0,0.0,0.0,,2
2026-09-15T10:42:13+00:00,13482,Kendal Daniels,ATL,LB,2026,True,1,5.0,5.0,5.0,1.0,3.0,0.0,0.0,0.0,,1
2026-09-15T10:42:13+00:00,13542,Namdi Obiazor,NE,LB,2026,True,1,5.0,5.0,5.0,2.0,1.0,0.0,0.0,0.0,,2
2026-09-15T10:42:13+00:00,12140,Omar Speights,LAR,LB,2026,True,1,5.0,5.0,4.25,0.0,2.0,0.0,0.0,1.0,Questionable,1
2026-09-15T10:42:13+00:00,5158,Dennis Gardeck,JAX,LB,2026,True,1,4.0,4.0,4.0,1.0,1.0,0.0,0.0,0.0,,1
2026-09-15T10:42:13+00:00,6065,Cody Barton,TEN,LB,2026,True,1,4.0,4.0,4.0,1.0,2.0,0.0,0.0,0.0,,1
2026-09-15T10:42:13+00:00,6119,Devin White,DET,LB,2026,True,1,4.0,4.0,4.0,1.0,2.0,0.0,0.0,0.0,,2
2026-09-15T10:42:13+00:00,6867,Malik Harrison,NYG,LB,2026,True,1,4.0,4.0,4.0,2.0,0.0,0.0,0.0,0.0,,
2026-09-15T10:42:13+00:00,6977,Justin Strnad,DEN,LB,2026,True,1,4.0,4.0,4.0,1.0,2.0,0.0,0.0,0.0,,1
2026-09-15T10:42:13+00:00,7821,Garret Wallow,SF,LB,2026,True,1,4.0,4.0,4.0,2.0,0.0,0.0,0.0,0.0,,2
2026-09-15T10:42:13+00:00,8362,Leo Chenal,WAS,LB,2026,True,1,4.0,4.0,4.0,1.0,2.0,0.0,0.0,0.0,,2
2026-09-15T10:42:13+00:00,12397,Joe Andreessen,BUF,LB,2026,True,1,4.0,4.0,4.0,1.0,2.0,0.0,0.0,0.0,,2
2026-09-15T10:42:13+00:00,11752,Jeremiah Trotter,PHI,LB,2026,True,1,4.0,4.0,4.0,2.0,0.0,0.0,0.0,0.0,,2
2026-09-15T10:42:13+00:00,13551,Karson Sharar,ARI,LB,2026,True,1,4.0,4.0,4.0,2.0,0.0,0.0,0.0,0.0,,2
2026-09-15T10:42:13+00:00,6003,Anthony Nelson,TB,LB,2026,True,1,3.0,3.0,3.0,1.0,1.0,0.0,0.0,0.0,,2
2026-09-15T10:42:13+00:00,7782,Isaiah McDuffie,GB,LB,2026,True,1,3.0,3.0,3.0,1.0,1.0,0.0,0.0,0.0,,2
2026-09-15T10:42:13+00:00,7673,Chazz Surratt,SEA,LB,2026,True,1,3.0,3.0,3.0,1.0,1.0,0.0,0.0,0.0,,3
2026-09-15T10:42:13+00:00,8620,Segun Olubi,LV,LB,2026,True,1,3.0,3.0,3.0,0.0,3.0,0.0,0.0,0.0,,3
2026-09-15T10:42:13+00:00,11273,Ben VanSumeren,KC,LB,2026,True,1,3.0,3.0,3.0,1.0,1.0,0.0,0.0,0.0,,5
2026-09-15T10:42:13+00:00,11441,Thomas Incoom,CAR,LB,2026,True,1,3.0,3.0,3.0,1.0,1.0,0.0,0.0,0.0,,3
2026-09-15T10:42:13+00:00,12255,Swayze Bozeman,CIN,LB,2026,True,1,3.0,3.0,3.0,1.0,1.0,0.0,0.0,0.0,,2
2026-09-15T10:42:13+00:00,12733,Carson Bruener,PIT,LB,2026,True,1,3.0,3.0,3.0,1.0,1.0,0.0,0.0,0.0,,2
2026-09-15T10:42:13+00:00,13165,Easton Mascarenas-Arnold,CLE,LB,2026,True,1,3.0,3.0,3.0,0.0,3.0,0.0,0.0,0.0,,3
2026-09-15T10:42:13+00:00,10970,Henry To'oTo'o,HOU,LB,2026,True,1,3.0,3.0,2.55,1.0,1.0,0.0,0.0,0.0,Questionable,1
2026-09-15T10:42:13+00:00,11778,Jordan Magee,WAS,LB,2026,True,1,3.0,3.0,2.55,1.0,1.0,0.0,0.0,0.0,Questionable,2
2026-09-15T10:42:13+00:00,5757,Josh Woods,ATL,LB,2026,True,1,2.0,2.0,2.0,1.0,0.0,0.0,0.0,0.0,,3
2026-09-15T10:42:13+00:00,7197,Kristian Welch,GB,LB,2026,True,1,2.0,2.0,2.0,1.0,0.0,0.0,0.0,0.0,,
2026-09-15T10:42:13+00:00,8367,D'Marco Jackson,CHI,LB,2026,True,1,2.0,2.0,2.0,0.0,2.0,0.0,0.0,0.0,,1
2026-09-15T10:42:13+00:00,8349,Jake Hansen,HOU,LB,2026,True,1,2.0,2.0,2.0,0.0,2.0,0.0,0.0,0.0,,2
2026-09-15T10:42:13+00:00,8399,Markquese Bell,DAL,LB,2026,True,1,2.0,2.0,2.0,1.0,0.0,0.0,0.0,0.0,,2
2026-09-15T10:42:13+00:00,11000,Zaire Barnes,NYG,LB,2026,True,1,2.0,2.0,2.0,1.0,0.0,0.0,0.0,0.0,,3
2026-09-15T10:42:13+00:00,10966,Robert Beal,MIA,LB,2026,True,1,2.0,2.0,2.0,1.0,0.0,0.0,0.0,0.0,,2
2026-09-15T10:42:13+00:00,10980,SirVocea Dennis,TB,LB,2026,True,1,2.0,2.0,2.0,1.0,0.0,0.0,0.0,0.0,,2
2026-09-15T10:42:13+00:00,12667,Smael Mondon,PHI,LB,2026,True,1,2.0,2.0,2.0,0.0,2.0,0.0,0.0,0.0,,2
2026-09-15T10:42:13+00:00,12684,Kain Medrano,WAS,LB,2026,True,1,2.0,2.0,2.0,1.0,0.0,0.0,0.0,0.0,,3
2026-09-15T10:42:13+00:00,13555,Harold Perkins,ATL,LB,2026,True,1,2.0,2.0,2.0,1.0,0.0,0.0,0.0,0.0,,2
2026-09-15T10:42:13+00:00,13488,Kaleb Elarms-Orr,BUF,LB,2026,True,1,2.0,2.0,2.0,0.0,2.0,0.0,0.0,0.0,,2
2026-09-15T10:42:13+00:00,13391,Jake Golday,MIN,LB,2026,True,1,2.0,2.0,2.0,1.0,0.0,0.0,0.0,0.0,,2
2026-09-15T10:42:13+00:00,3598,Luke Rhodes,IND,LB,2026,True,1,1.0,1.0,1.0,0.0,1.0,0.0,0.0,0.0,,
2026-09-15T10:42:13+00:00,5031,Oren Burks,CIN,LB,2026,True,1,1.0,1.0,1.0,0.0,1.0,0.0,0.0,0.0,,1
2026-09-15T10:42:13+00:00,6220,Cole Holcomb,PIT,LB,2026,True,1,1.0,1.0,1.0,0.0,1.0,0.0,0.0,0.0,,2
2026-09-15T10:42:13+00:00,6105,Joe Giles-Harris,CIN,LB,2026,True,1,1.0,1.0,1.0,0.0,1.0,0.0,0.0,0.0,,
2026-09-15T10:42:13+00:00,5960,T.J. Edwards,CHI,LB,2026,True,1,1.0,1.0,1.0,0.0,1.0,0.0,0.0,0.0,,1
2026-09-15T10:42:13+00:00,7023,Willie Gay,MIA,LB,2026,True,1,1.0,1.0,1.0,0.0,1.0,0.0,0.0,0.0,,2
2026-09-15T10:42:13+00:00,7807,Nick Niemann,GB,LB,2026,True,1,1.0,1.0,1.0,0.0,1.0,0.0,0.0,0.0,,3
2026-09-15T10:42:13+00:00,8710,Jack Cochrane,KC,LB,2026,True,1,1.0,1.0,1.0,0.0,1.0,0.0,0.0,0.0,,2
2026-09-15T10:42:13+00:00,8520,Daniel Hardy,CHI,LB,2026,True,1,1.0,1.0,1.0,0.0,1.0,0.0,0.0,0.0,,2
2026-09-15T10:42:13+00:00,11305,Claudin Cherelus,CAR,LB,2026,True,1,1.0,1.0,1.0,0.0,1.0,0.0,0.0,0.0,,2
2026-09-15T10:42:13+00:00,11348,Trevor Nowaske,DET,LB,2026,True,1,1.0,1.0,1.0,0.0,1.0,0.0,0.0,0.0,,2
2026-09-15T10:42:13+00:00,11350,Mohamoud Diabate,TEN,LB,2026,True,1,1.0,1.0,1.0,0.0,1.0,0.0,0.0,0.0,,
2026-09-15T10:42:13+00:00,11230,Patrick O'Connell,SEA,LB,2026,True,1,1.0,1.0,1.0,0.0,1.0,0.0,0.0,0.0,,2
2026-09-15T10:42:13+00:00,11336,Eku Leota,ARI,LB,2026,True,1,1.0,1.0,1.0,0.0,0.0,0.0,0.0,0.0,,2
2026-09-15T10:42:13+00:00,11847,James Williams,TEN,LB,2026,True,1,1.0,1.0,1.0,0.0,1.0,0.0,0.0,0.0,,1
2026-09-15T10:42:13+00:00,12672,Jeffrey Bassa,KC,LB,2026,True,1,1.0,1.0,1.0,0.0,1.0,0.0,0.0,0.0,,2
2026-09-15T10:42:13+00:00,13024,Jay Higgins,BAL,LB,2026,True,1,1.0,1.0,1.0,0.0,1.0,0.0,0.0,0.0,,2
2026-09-15T10:42:13+00:00,12781,Karene Reid,DEN,LB,2026,True,1,1.0,1.0,1.0,0.0,1.0,0.0,0.0,0.0,,2
2026-09-15T10:42:13+00:00,13490,Wade Woodaz,HOU,LB,2026,True,1,1.0,1.0,1.0,0.0,1.0,0.0,0.0,0.0,,2
2026-09-15T10:42:13+00:00,13174,Cooper McDonald,KC,LB,2026,True,1,1.0,1.0,0.85,0.0,1.0,0.0,0.0,0.0,Questionable,1
2026-09-15T10:42:13+00:00,6781,Isaiah Simmons,CAR,LB,2026,True,1,0.0,0.0,0.0,0.0,0.0,0.0,0.0,0.0,,
2026-09-15T10:42:13+00:00,11790,Nathaniel Watson,CLE,LB,2026,True,1,0.0,0.0,0.0,0.0,0.0,0.0,0.0,0.0,,
