snapshot_utc,sleeper_id,player,team,position,injury_ripple_points,confidence,reasons
2026-10-07T01:14:15+00:00,11576,Braelon Allen,NYJ,RB,1.55,HIGH,RB1 OUT/IR: backfield opportunity moves to RB2
2026-10-07T01:14:15+00:00,11577,Will Shipley,PHI,RB,1.55,HIGH,RB1 OUT/IR: backfield opportunity moves to RB2
2026-10-07T01:14:15+00:00,9754,Quentin Johnston,LAC,WR,1.5,HIGH,Opponent CB1 OUT/IR: secondary WR matchup improves | WR1 OUT/IR: target concentration rises for next WR
2026-10-07T01:14:15+00:00,9493,Puka Nacua,LAR,WR,1.4,MEDIUM,Opponent CB1 OUT/IR: projected WR1 coverage matchup improves (not confirmed shadow) | Top edge rusher OUT/IR: more time helps primary WR routes | TE1 OUT/IR: WR1 target share can rise
2026-10-07T01:14:15+00:00,11635,Ladd McConkey,LAC,WR,1.25,MEDIUM,Opponent CB1 OUT/IR: projected WR1 coverage matchup improves (not confirmed shadow) | TE1 OUT/IR: WR1 target share can rise
2026-10-07T01:14:15+00:00,13425,Jalon Daniels,TB,QB,1.2,HIGH,QB1 OUT/IR: QB2 becomes relevant
2026-10-07T01:14:15+00:00,2307,Marcus Mariota,WAS,QB,1.2,HIGH,QB1 OUT/IR: QB2 becomes relevant
2026-10-07T01:14:15+00:00,11256,Tyson Bagent,CHI,QB,1.2,HIGH,QB1 OUT/IR: QB2 becomes relevant
2026-10-07T01:14:15+00:00,9486,Dontayvion Wicks,PHI,WR,1.1,HIGH,WR1 OUT/IR: target concentration rises for next WR
2026-10-07T01:14:15+00:00,9756,Jordan Addison,MIN,WR,1.1,HIGH,WR1 OUT/IR: target concentration rises for next WR
2026-10-07T01:14:15+00:00,6801,Tee Higgins,CIN,WR,1.1,HIGH,WR1 OUT/IR: target concentration rises for next WR
2026-10-07T01:14:15+00:00,5844,T.J. Hockenson,MIN,TE,1.05,MEDIUM,WR1 OUT/IR: TE target share can rise | Starting linebacker OUT/IR: TE coverage improves
2026-10-07T01:14:15+00:00,4983,DJ Moore,BUF,WR,1.0,MEDIUM,Opponent CB1 OUT/IR: projected WR1 coverage matchup improves (not confirmed shadow)
2026-10-07T01:14:15+00:00,8134,Khalil Shakir,BUF,WR,0.9,HIGH,WR1 QUESTIONABLE/DNP: target concentration rises for next WR | Opponent CB1 OUT/IR: secondary WR matchup improves
2026-10-07T01:14:15+00:00,4314,Johnny Mundt,PHI,TE,0.85,HIGH,TE1 OUT/IR: TE2 route/target opportunity rises
2026-10-07T01:14:15+00:00,12493,Oronde Gadsden,LAC,TE,0.85,HIGH,TE1 OUT/IR: TE2 route/target opportunity rises
2026-10-07T01:14:15+00:00,3271,Tyler Higbee,LAR,TE,0.85,HIGH,TE1 OUT/IR: TE2 route/target opportunity rises
2026-10-07T01:14:15+00:00,9757,Kendre Miller,NO,RB,0.7,HIGH,RB1 QUESTIONABLE/DNP: backfield opportunity moves to RB2
2026-10-07T01:14:15+00:00,8132,Tyler Allgeier,ARI,RB,0.7,HIGH,RB1 QUESTIONABLE/DNP: backfield opportunity moves to RB2
2026-10-07T01:14:15+00:00,2449,Stefon Diggs,WAS,WR,0.65,HIGH,QB1 OUT/IR: pass-catcher efficiency risk with backup QB | WR1 OUT/IR: target concentration rises for next WR
2026-10-07T01:14:15+00:00,13301,Antonio Williams,WAS,WR,0.55,MEDIUM,WR1 OUT/IR: WR3 role/targets can expand
2026-10-07T01:14:15+00:00,13477,Colbie Young,CIN,WR,0.55,MEDIUM,WR1 OUT/IR: WR3 role/targets can expand
2026-10-07T01:14:15+00:00,7049,Jauan Jennings,MIN,WR,0.55,MEDIUM,WR1 OUT/IR: WR3 role/targets can expand
2026-10-07T01:14:15+00:00,13294,Makai Lemon,PHI,WR,0.55,MEDIUM,WR1 OUT/IR: WR3 role/targets can expand
2026-10-07T01:14:15+00:00,12509,Tre' Harris,LAC,WR,0.55,MEDIUM,WR1 OUT/IR: WR3 role/targets can expand
2026-10-07T01:14:15+00:00,7083,Tyler Huntley,BAL,QB,0.54,HIGH,QB1 QUESTIONABLE/DNP: QB2 becomes relevant
2026-10-07T01:14:15+00:00,8127,Charlie Kolar,LAC,TE,0.5,MEDIUM,WR1 OUT/IR: TE target share can rise
2026-10-07T01:14:15+00:00,5022,Dallas Goedert,PHI,TE,0.5,MEDIUM,WR1 OUT/IR: TE target share can rise
2026-10-07T01:14:15+00:00,8172,Greg Dulcich,MIA,TE,0.5,MEDIUM,Starting safety OUT/IR: TE middle/deep matchup improves
2026-10-07T01:14:15+00:00,8110,Jake Ferguson,DAL,TE,0.5,MEDIUM,Starting safety OUT/IR: TE middle/deep matchup improves
2026-10-07T01:14:15+00:00,4993,Mike Gesicki,CIN,TE,0.5,MEDIUM,WR1 OUT/IR: TE target share can rise
2026-10-07T01:14:15+00:00,11624,Xavier Worthy,KC,WR,0.5,HIGH,WR1 QUESTIONABLE/DNP: target concentration rises for next WR
2026-10-07T01:14:15+00:00,96,Aaron Rodgers,PIT,QB,0.45,MEDIUM,Top edge rusher OUT/IR: QB pressure environment improves
2026-10-07T01:14:15+00:00,11564,Drake Maye,NE,QB,0.45,MEDIUM,Top edge rusher OUT/IR: QB pressure environment improves
2026-10-07T01:14:15+00:00,11571,Isaiah Davis,NYJ,RB,0.45,MEDIUM,RB1 OUT/IR: secondary backfield opportunity
2026-10-07T01:14:15+00:00,1166,Kirk Cousins,LV,QB,0.45,MEDIUM,Top edge rusher OUT/IR: QB pressure environment improves
2026-10-07T01:14:15+00:00,421,Matthew Stafford,LAR,QB,0.45,MEDIUM,Top edge rusher OUT/IR: QB pressure environment improves
2026-10-07T01:14:15+00:00,9225,Tank Bigsby,PHI,RB,0.45,MEDIUM,RB1 OUT/IR: secondary backfield opportunity
2026-10-07T01:14:15+00:00,6786,CeeDee Lamb,DAL,WR,0.4,MEDIUM,Starting safety OUT/IR: downfield coverage improves
2026-10-07T01:14:15+00:00,2133,Davante Adams,LAR,WR,0.4,MEDIUM,Opponent CB1 OUT/IR: secondary WR matchup improves
2026-10-07T01:14:15+00:00,11610,Malik Washington,MIA,WR,0.4,MEDIUM,Starting safety OUT/IR: downfield coverage improves
2026-10-07T01:14:15+00:00,4199,Aaron Jones,MIN,RB,0.35,MEDIUM,Starting linebacker OUT/IR: RB run/checkdown environment improves
2026-10-07T01:14:15+00:00,3198,Derrick Henry,BAL,RB,0.35,MEDIUM,Starting linebacker OUT/IR: RB run/checkdown environment improves
2026-10-07T01:14:15+00:00,5012,Mark Andrews,BAL,TE,0.35,MEDIUM,Starting linebacker OUT/IR: TE coverage improves | QB1 QUESTIONABLE/DNP: pass-catcher efficiency risk with backup QB
2026-10-07T01:14:15+00:00,7525,DeVonta Smith,PHI,WR,0.25,MEDIUM,TE1 OUT/IR: WR1 target share can rise
2026-10-07T01:14:15+00:00,12505,Jalen Royals,KC,WR,0.25,MEDIUM,WR1 QUESTIONABLE/DNP: WR3 role/targets can expand
2026-10-07T01:14:15+00:00,11637,Keon Coleman,BUF,WR,0.25,MEDIUM,WR1 QUESTIONABLE/DNP: WR3 role/targets can expand
2026-10-07T01:14:15+00:00,10236,Dalton Kincaid,BUF,TE,0.23,MEDIUM,WR1 QUESTIONABLE/DNP: TE target share can rise
2026-10-07T01:14:15+00:00,8131,Isaiah Likely,NYG,TE,0.23,MEDIUM,Starting safety QUESTIONABLE/DNP: TE middle/deep matchup improves
2026-10-07T01:14:15+00:00,10859,Sam LaPorta,DET,TE,0.23,MEDIUM,Starting safety QUESTIONABLE/DNP: TE middle/deep matchup improves
2026-10-07T01:14:15+00:00,1466,Travis Kelce,KC,TE,0.23,MEDIUM,WR1 QUESTIONABLE/DNP: TE target share can rise
2026-10-07T01:14:15+00:00,8155,Breece Hall,NYJ,RB,0.2,MEDIUM,Starting interior DL QUESTIONABLE/DNP: rushing matchup improves
2026-10-07T01:14:15+00:00,8183,Brock Purdy,SF,QB,0.2,MEDIUM,Top edge rusher QUESTIONABLE/DNP: QB pressure environment improves
2026-10-07T01:14:15+00:00,13277,CJ Donaldson,NO,RB,0.2,MEDIUM,RB1 QUESTIONABLE/DNP: secondary backfield opportunity
2026-10-07T01:14:15+00:00,8122,Zonovan Knight,ARI,RB,0.2,MEDIUM,RB1 QUESTIONABLE/DNP: secondary backfield opportunity
2026-10-07T01:14:15+00:00,7547,Amon-Ra St. Brown,DET,WR,0.18,MEDIUM,Starting safety QUESTIONABLE/DNP: downfield coverage improves
2026-10-07T01:14:15+00:00,11632,Malik Nabers,NYG,WR,0.18,MEDIUM,Starting safety QUESTIONABLE/DNP: downfield coverage improves
2026-10-07T01:14:15+00:00,5846,DK Metcalf,PIT,WR,0.15,MEDIUM,Top edge rusher OUT/IR: more time helps primary WR routes
2026-10-07T01:14:15+00:00,8121,Romeo Doubs,NE,WR,0.15,MEDIUM,Top edge rusher OUT/IR: more time helps primary WR routes
2026-10-07T01:14:15+00:00,10213,Tre Tucker,LV,WR,0.15,MEDIUM,Top edge rusher OUT/IR: more time helps primary WR routes
2026-10-07T01:14:15+00:00,2216,Mike Evans,SF,WR,0.07,MEDIUM,Top edge rusher QUESTIONABLE/DNP: more time helps primary WR routes
2026-10-07T01:14:15+00:00,8210,Chig Okonkwo,WAS,TE,0.05,MEDIUM,QB1 OUT/IR: pass-catcher efficiency risk with backup QB | WR1 OUT/IR: TE target share can rise
2026-10-07T01:14:15+00:00,7571,Rashod Bateman,BAL,WR,-0.2,MEDIUM,QB1 QUESTIONABLE/DNP: pass-catcher efficiency risk with backup QB
2026-10-07T01:14:15+00:00,9997,Zay Flowers,BAL,WR,-0.2,MEDIUM,QB1 QUESTIONABLE/DNP: pass-catcher efficiency risk with backup QB
2026-10-07T01:14:15+00:00,8111,Cade Otton,TB,TE,-0.45,MEDIUM,QB1 OUT/IR: pass-catcher efficiency risk with backup QB
2026-10-07T01:14:15+00:00,4037,Chris Godwin,TB,WR,-0.45,MEDIUM,QB1 OUT/IR: pass-catcher efficiency risk with backup QB
2026-10-07T01:14:15+00:00,12517,Colston Loveland,CHI,TE,-0.45,MEDIUM,QB1 OUT/IR: pass-catcher efficiency risk with backup QB
2026-10-07T01:14:15+00:00,12514,Emeka Egbuka,TB,WR,-0.45,MEDIUM,QB1 OUT/IR: pass-catcher efficiency risk with backup QB
2026-10-07T01:14:15+00:00,12519,Luther Burden,CHI,WR,-0.45,MEDIUM,QB1 OUT/IR: pass-catcher efficiency risk with backup QB
2026-10-07T01:14:15+00:00,11620,Rome Odunze,CHI,WR,-0.45,MEDIUM,QB1 OUT/IR: pass-catcher efficiency risk with backup QB
2026-10-07T01:14:15+00:00,5927,Terry McLaurin,WAS,WR,-0.45,MEDIUM,QB1 OUT/IR: pass-catcher efficiency risk with backup QB
