league_id,roster_id,is_my_roster,player_id,player,position,nfl_team,keeper_eligible,keeper_round,keeper_cost_source,redraft_ecr,market_round,round_surplus,keeper_value_score,valuation_role
1359546418284494848,9,False,8183,Brock Purdy,QB,SF,True,15,draft round,37.5,4,11,27.8,secondary tiebreaker only
1359546418284494848,8,False,12501,Matthew Golden,WR,GB,True,14,draft round,64.0,6,8,24.2,secondary tiebreaker only
1359546418284494848,8,False,7523,Trevor Lawrence,QB,JAX,True,11,draft round,54.33,5,6,22.7,secondary tiebreaker only
1359546418284494848,7,False,7594,Chuba Hubbard,RB,CAR,True,12,draft round,62.67,6,6,22.2,secondary tiebreaker only
1359546418284494848,4,False,8167,Christian Watson,WR,GB,True,7,draft round,34.0,3,4,22.0,secondary tiebreaker only
1359546418284494848,11,False,2449,Stefon Diggs,WR,WAS,True,12,draft round,68.5,6,6,21.9,secondary tiebreaker only
1359546418284494848,10,False,5947,Jakobi Meyers,WR,JAX,True,15,draft round,87.5,8,7,21.8,secondary tiebreaker only
1359546418284494848,2,False,5872,Deebo Samuel,WR,SF,True,12,draft round,71.0,6,6,21.7,secondary tiebreaker only
1359546418284494848,2,False,8137,George Pickens,WR,DAL,True,5,draft round,23.33,2,3,21.6,secondary tiebreaker only
1359546418284494848,5,False,8144,Chris Olave,WR,NO,True,4,draft round,12.17,2,2,21.3,secondary tiebreaker only
1359546418284494848,8,False,9487,Parker Washington,WR,JAX,True,6,draft round,28.0,3,3,21.3,secondary tiebreaker only
1359546418284494848,11,False,9997,Zay Flowers,WR,BAL,True,4,draft round,18.5,2,2,20.9,secondary tiebreaker only
1359546418284494848,3,False,9488,Jaxon Smith-Njigba,WR,SEA,True,2,draft round,4.0,1,1,20.8,secondary tiebreaker only
1359546418284494848,12,False,8134,Khalil Shakir,WR,BUF,True,16,draft round,102.67,9,7,20.8,secondary tiebreaker only
1359546418284494848,1,True,8228,Jaylen Warren,RB,PIT,True,11,draft round,71.33,6,5,20.7,secondary tiebreaker only
1359546418284494848,10,False,12526,Tetairoa McMillan,WR,CAR,True,7,draft round,38.0,4,3,20.7,secondary tiebreaker only
1359546418284494848,11,False,6813,Jonathan Taylor,RB,IND,True,2,draft round,5.67,1,1,20.7,secondary tiebreaker only
1359546418284494848,2,False,9500,Josh Downs,WR,IND,True,9,draft round,58.17,5,4,20.5,secondary tiebreaker only
1359546418284494848,6,False,8138,James Cook,RB,BUF,True,3,draft round,12.67,2,1,20.2,secondary tiebreaker only
1359546418284494848,9,False,8142,Alec Pierce,WR,IND,True,17,draft round,115.83,10,7,20.1,secondary tiebreaker only
1359546418284494848,3,False,9221,Jahmyr Gibbs,RB,DET,True,1,draft round,1.0,1,0,19.9,secondary tiebreaker only
1359546418284494848,1,True,7564,Ja'Marr Chase,WR,CIN,True,1,draft round,4.0,1,0,19.8,secondary tiebreaker only
1359546418284494848,8,False,9509,Bijan Robinson,RB,ATL,True,1,draft round,3.0,1,0,19.8,secondary tiebreaker only
1359546418284494848,5,False,8151,Kenneth Walker,RB,KC,True,1,draft round,5.5,1,0,19.7,secondary tiebreaker only
1359546418284494848,4,False,4037,Chris Godwin,WR,TB,True,11,draft round,73.33,7,4,19.6,secondary tiebreaker only
1359546418284494848,12,False,7547,Amon-Ra St. Brown,WR,DET,True,1,draft round,7.0,1,0,19.6,secondary tiebreaker only
1359546418284494848,12,False,4199,Aaron Jones,RB,MIN,True,15,draft round,107.83,9,6,19.5,secondary tiebreaker only
1359546418284494848,4,False,9493,Puka Nacua,WR,LAR,True,1,draft round,9.67,1,0,19.4,secondary tiebreaker only
1359546418284494848,7,False,6786,CeeDee Lamb,WR,DAL,True,1,draft round,9.5,1,0,19.4,secondary tiebreaker only
1359546418284494848,9,False,4034,Christian McCaffrey,RB,SF,True,1,draft round,10.17,1,0,19.4,secondary tiebreaker only
1359546418284494848,10,False,3163,Jared Goff,QB,DET,True,11,draft round,76.5,7,4,19.4,secondary tiebreaker only
1359546418284494848,6,False,9224,Chase Brown,RB,CIN,True,1,draft round,12.0,1,0,19.3,secondary tiebreaker only
1359546418284494848,10,False,6794,Justin Jefferson,WR,MIN,True,1,draft round,12.17,2,-1,19.3,secondary tiebreaker only
1359546418284494848,1,True,11564,Drake Maye,QB,NE,True,14,known override,96.5,9,5,19.2,secondary tiebreaker only
1359546418284494848,4,False,6790,D'Andre Swift,RB,CHI,True,4,draft round,30.67,3,1,19.2,secondary tiebreaker only
1359546418284494848,11,False,12527,Ashton Jeanty,RB,LV,True,1,draft round,15.67,2,-1,19.1,secondary tiebreaker only
1359546418284494848,12,False,1466,Travis Kelce,TE,KC,True,14,draft round,97.83,9,5,19.1,secondary tiebreaker only
1359546418284494848,9,False,3198,Derrick Henry,RB,BAL,True,2,draft round,17.33,2,0,19.0,secondary tiebreaker only
1359546418284494848,1,True,8112,Drake London,WR,ATL,True,2,draft round,18.0,2,0,18.9,secondary tiebreaker only
1359546418284494848,2,False,4866,Saquon Barkley,RB,PHI,True,1,draft round,21.67,2,-1,18.7,secondary tiebreaker only
1359546418284494848,6,False,7525,DeVonta Smith,WR,PHI,True,2,draft round,23.67,2,0,18.6,secondary tiebreaker only
1359546418284494848,12,False,7569,Nico Collins,WR,HOU,True,2,draft round,22.5,2,0,18.6,secondary tiebreaker only
1359546418284494848,4,False,4984,Josh Allen,QB,BUF,True,3,draft round,25.0,3,0,18.5,secondary tiebreaker only
1359546418284494848,6,False,2133,Davante Adams,WR,LAR,True,5,draft round,41.67,4,1,18.5,secondary tiebreaker only
1359546418284494848,8,False,7588,Javonte Williams,RB,DAL,True,2,draft round,24.33,3,-1,18.5,secondary tiebreaker only
1359546418284494848,4,False,11563,Bo Nix,QB,DEN,True,15,draft round,110.0,10,5,18.4,secondary tiebreaker only
1359546418284494848,8,False,4983,DJ Moore,WR,BUF,True,5,draft round,42.83,4,1,18.4,secondary tiebreaker only
1359546418284494848,9,False,11646,Jalen Coker,WR,CAR,True,7,FA/default round,59.67,5,2,18.4,secondary tiebreaker only
1359546418284494848,12,False,4881,Lamar Jackson,QB,BAL,True,3,draft round,27.0,3,0,18.4,secondary tiebreaker only
1359546418284494848,1,True,13287,Jeremiyah Love,RB,ARI,True,3,draft round,30.0,3,0,18.2,secondary tiebreaker only
1359546418284494848,10,False,13298,KC Concepcion,WR,CLE,True,10,draft round,79.67,7,3,18.2,secondary tiebreaker only
1359546418284494848,3,False,8146,Garrett Wilson,WR,NYJ,True,3,draft round,32.5,3,0,18.1,secondary tiebreaker only
1359546418284494848,8,False,8130,Trey McBride,TE,ARI,True,3,draft round,31.0,3,0,18.1,secondary tiebreaker only
1359546418284494848,10,False,11604,Brock Bowers,TE,LV,True,2,draft round,31.0,3,-1,18.1,secondary tiebreaker only
1359546418284494848,2,False,11632,Malik Nabers,WR,NYG,True,2,draft round,32.67,3,-1,18.0,secondary tiebreaker only
1359546418284494848,9,False,7526,Jaylen Waddle,WR,DEN,True,3,draft round,33.17,3,0,18.0,secondary tiebreaker only
1359546418284494848,12,False,10236,Dalton Kincaid,TE,BUF,True,10,draft round,83.5,7,3,18.0,secondary tiebreaker only
1359546418284494848,5,False,12514,Emeka Egbuka,WR,TB,True,6,draft round,51.33,5,1,17.9,secondary tiebreaker only
1359546418284494848,5,False,12507,Omarion Hampton,RB,LAC,True,3,draft round,36.5,4,-1,17.8,secondary tiebreaker only
1359546418284494848,6,False,6904,Jalen Hurts,QB,PHI,True,6,draft round,53.17,5,1,17.8,secondary tiebreaker only
1359546418284494848,7,False,8150,Kyren Williams,RB,LAR,True,2,draft round,36.0,3,-1,17.8,secondary tiebreaker only
1359546418284494848,9,False,6801,Tee Higgins,WR,CIN,True,4,draft round,37.67,4,0,17.7,secondary tiebreaker only
1359546418284494848,11,False,12518,Tyler Warren,TE,IND,True,9,draft round,72.67,7,2,17.6,secondary tiebreaker only
1359546418284494848,12,False,9756,Jordan Addison,WR,MIN,True,11,draft round,89.67,8,3,17.6,secondary tiebreaker only
1359546418284494848,7,False,8155,Breece Hall,RB,NYJ,True,3,draft round,44.0,4,-1,17.4,secondary tiebreaker only
1359546418284494848,11,False,11635,Ladd McConkey,WR,LAC,True,3,draft round,43.67,4,-1,17.4,secondary tiebreaker only
1359546418284494848,4,False,10229,Rashee Rice,WR,KC,True,2,draft round,44.17,4,-2,17.3,secondary tiebreaker only
1359546418284494848,1,True,11584,Bucky Irving,RB,TB,True,3,draft round,46.17,4,-1,17.2,secondary tiebreaker only
1359546418284494848,11,False,6770,Joe Burrow,QB,CIN,True,5,draft round,48.33,5,0,17.1,secondary tiebreaker only
1359546418284494848,8,False,12519,Luther Burden,WR,CHI,True,4,draft round,51.67,5,-1,16.9,secondary tiebreaker only
1359546418284494848,3,False,12481,Cam Skattebo,RB,NYG,True,4,draft round,53.0,5,-1,16.8,secondary tiebreaker only
1359546418284494848,4,False,12490,Bhayshul Tuten,RB,JAX,True,5,draft round,53.67,5,0,16.8,secondary tiebreaker only
1359546418284494848,6,False,6819,Michael Pittman,WR,PIT,True,14,draft round,119.17,10,4,16.8,secondary tiebreaker only
1359546418284494848,9,False,2216,Mike Evans,WR,SF,True,5,draft round,53.17,5,0,16.8,secondary tiebreaker only
1359546418284494848,9,False,3294,Dak Prescott,QB,DAL,True,7,draft round,70.17,6,1,16.8,secondary tiebreaker only
1359546418284494848,7,False,5846,DK Metcalf,WR,PIT,True,7,draft round,71.83,6,1,16.7,secondary tiebreaker only
1359546418284494848,5,False,5859,A.J. Brown,WR,NE,True,2,draft round,56.33,5,-3,16.6,secondary tiebreaker only
1359546418284494848,7,False,5927,Terry McLaurin,WR,WAS,True,5,draft round,56.17,5,0,16.6,secondary tiebreaker only
1359546418284494848,10,False,5892,David Montgomery,RB,HOU,True,4,draft round,56.5,5,-1,16.6,secondary tiebreaker only
1359546418284494848,7,False,4046,Patrick Mahomes,QB,KC,True,6,draft round,60.83,6,0,16.4,secondary tiebreaker only
1359546418284494848,8,False,8148,Jameson Williams,WR,DET,True,4,draft round,60.67,6,-2,16.4,secondary tiebreaker only
1359546418284494848,2,False,12512,Quinshon Judkins,RB,CLE,True,4,draft round,66.5,6,-2,16.0,secondary tiebreaker only
1359546418284494848,6,False,8131,Isaiah Likely,TE,NYG,True,13,draft round,118.5,10,3,15.9,secondary tiebreaker only
1359546418284494848,11,False,11620,Rome Odunze,WR,CHI,True,6,draft round,67.83,6,0,15.9,secondary tiebreaker only
1359546418284494848,12,False,12529,TreVeyon Henderson,RB,NE,True,5,draft round,68.17,6,-1,15.9,secondary tiebreaker only
1359546418284494848,10,False,7543,Travis Etienne,RB,NO,True,3,draft round,71.17,6,-3,15.7,secondary tiebreaker only
1359546418284494848,1,True,13279,Carnell Tate,WR,TEN,True,6,draft round,74.17,7,-1,15.5,secondary tiebreaker only
1359546418284494848,3,False,10232,Michael Wilson,WR,ARI,True,7,draft round,75.67,7,0,15.5,secondary tiebreaker only
1359546418284494848,8,False,7611,Rhamondre Stevenson,RB,NE,True,7,draft round,76.67,7,0,15.4,secondary tiebreaker only
1359546418284494848,3,False,13286,Jadarian Price,RB,SEA,True,5,draft round,78.17,7,-2,15.3,secondary tiebreaker only
1359546418284494848,5,False,13346,Denzel Boston,WR,CLE,True,7,FA/default round,79.5,7,0,15.2,secondary tiebreaker only
1359546418284494848,6,False,5045,Courtland Sutton,WR,DEN,True,7,draft round,80.83,7,0,15.2,secondary tiebreaker only
1359546418284494848,7,False,5001,Dalton Schultz,TE,HOU,True,14,draft round,131.17,11,3,15.1,secondary tiebreaker only
1359546418284494848,11,False,13294,Makai Lemon,WR,PHI,True,10,draft round,99.33,9,1,15.0,secondary tiebreaker only
1359546418284494848,5,False,13281,Jordyn Tyson,WR,NO,True,12,draft round,117.5,10,2,14.9,secondary tiebreaker only
1359546418284494848,6,False,12517,Colston Loveland,TE,CHI,True,4,draft round,85.33,8,-4,14.9,secondary tiebreaker only
1359546418284494848,5,False,11560,Caleb Williams,QB,CHI,True,5,draft round,86.0,8,-3,14.8,secondary tiebreaker only
1359546418284494848,8,False,11586,Blake Corum,RB,LAR,True,10,draft round,103.83,9,1,14.8,secondary tiebreaker only
1359546418284494848,4,False,4217,George Kittle,TE,SF,True,8,draft round,90.33,8,0,14.6,secondary tiebreaker only
1359546418284494848,8,False,12545,Tyler Shough,QB,NO,True,7,FA/default round,90.5,8,-1,14.6,secondary tiebreaker only
1359546418284494848,11,False,6797,Justin Herbert,QB,LAC,True,11,draft round,108.67,10,1,14.5,secondary tiebreaker only
1359546418284494848,7,False,10859,Sam LaPorta,TE,DET,True,4,draft round,93.83,8,-4,14.4,secondary tiebreaker only
1359546418284494848,2,False,11631,Brian Thomas,WR,JAX,True,8,draft round,94.33,8,0,14.3,secondary tiebreaker only
1359546418284494848,2,False,12506,Harold Fannin,TE,CLE,True,7,draft round,95.67,8,-1,14.3,secondary tiebreaker only
1359546418284494848,7,False,12534,Kyle Monangai,RB,CHI,True,13,draft round,128.17,11,2,14.3,secondary tiebreaker only
1359546418284494848,3,False,421,Matthew Stafford,QB,LAR,True,6,draft round,98.0,9,-3,14.1,secondary tiebreaker only
1359546418284494848,1,True,9484,Tucker Kraft,TE,GB,True,5,draft round,99.67,9,-4,14.0,secondary tiebreaker only
1359546418284494848,5,False,6804,Jordan Love,QB,GB,True,7,FA/default round,103.0,9,-2,13.8,secondary tiebreaker only
1359546418284494848,12,False,11628,Marvin Harrison,WR,ARI,True,7,draft round,105.33,9,-2,13.7,secondary tiebreaker only
1359546418284494848,2,False,9228,Bryce Young,QB,CAR,True,7,FA/default round,107.0,9,-2,13.6,secondary tiebreaker only
1359546418284494848,6,False,9486,Dontayvion Wicks,WR,PHI,True,7,FA/default round,106.67,9,-2,13.6,secondary tiebreaker only
1359546418284494848,9,False,5022,Dallas Goedert,TE,PHI,True,12,draft round,124.67,11,1,13.5,secondary tiebreaker only
1359546418284494848,4,False,7002,Juwan Johnson,TE,NO,True,7,FA/default round,113.67,10,-3,13.2,secondary tiebreaker only
1359546418284494848,5,False,12533,Jacory Croskey-Merritt,RB,WAS,True,8,draft round,118.33,10,-2,12.9,secondary tiebreaker only
1359546418284494848,12,False,7553,Kyle Pitts,TE,ATL,True,6,draft round,124.0,11,-5,12.6,secondary tiebreaker only
1359546418284494848,2,False,11566,Jayden Daniels,QB,WAS,True,6,draft round,125.67,11,-5,12.5,secondary tiebreaker only
1359546418284494848,3,False,10213,Tre Tucker,WR,LV,True,7,FA/default round,124.67,11,-4,12.5,secondary tiebreaker only
1359546418284494848,3,False,5012,Mark Andrews,TE,BAL,True,11,draft round,128.17,11,0,12.3,secondary tiebreaker only
1359546418284494848,10,False,3214,Hunter Henry,TE,NE,True,14,draft round,144.17,13,1,12.3,secondary tiebreaker only
1359546418284494848,12,False,5967,Tony Pollard,RB,TEN,True,9,draft round,129.0,11,-2,12.3,secondary tiebreaker only
1359546418284494848,1,True,11834,Devaughn Vele,WR,NO,True,7,FA/default round,129.5,11,-4,12.2,secondary tiebreaker only
1359546418284494848,3,False,1479,Keenan Allen,WR,IND,True,7,FA/default round,129.17,11,-4,12.2,secondary tiebreaker only
1359546418284494848,1,True,4943,Sam Darnold,QB,SEA,True,7,FA/default round,131.0,11,-4,12.1,secondary tiebreaker only
1359546418284494848,9,False,8110,Jake Ferguson,TE,DAL,True,6,draft round,132.5,12,-6,12.1,secondary tiebreaker only
1359546418284494848,4,False,7021,Rico Dowdle,RB,PIT,True,7,draft round,134.33,12,-5,11.9,secondary tiebreaker only
1359546418284494848,7,False,6806,J.K. Dobbins,RB,DEN,True,10,draft round,136.0,12,-2,11.8,secondary tiebreaker only
1359546418284494848,11,False,12489,RJ Harvey,RB,DEN,True,7,draft round,137.17,12,-5,11.8,secondary tiebreaker only
1359546418284494848,5,False,12487,Terrance Ferguson,TE,LAR,True,7,FA/default round,143.67,12,-5,11.4,secondary tiebreaker only
1359546418284494848,5,False,13330,Kenyon Sadiq,TE,NYJ,True,7,FA/default round,144.33,13,-6,11.3,secondary tiebreaker only
1359546418284494848,3,False,8136,Rachaad White,RB,WAS,True,10,draft round,150.67,13,-3,11.0,secondary tiebreaker only
1359546418284494848,5,False,8408,Jordan Mason,RB,MIN,True,9,draft round,161.67,14,-5,10.3,secondary tiebreaker only
1359546418284494848,1,True,13345,Jonah Coleman,RB,DEN,True,7,FA/default round,163.33,14,-7,10.2,secondary tiebreaker only
1359546418284494848,2,False,13417,De'Zhaun Stribling,WR,SF,True,10,draft round,165.67,14,-4,10.1,secondary tiebreaker only
1359546418284494848,3,False,13414,Kaelon Black,RB,SF,True,7,FA/default round,165.67,14,-7,10.1,secondary tiebreaker only
1359546418284494848,9,False,7567,Kenny Gainwell,RB,TB,True,11,draft round,165.33,14,-3,10.1,secondary tiebreaker only
1359546418284494848,6,False,11581,MarShawn Lloyd,RB,GB,True,12,draft round,171.67,15,-3,9.7,secondary tiebreaker only
1359546418284494848,5,False,12474,Woody Marks,RB,HOU,True,13,draft round,174.67,15,-2,9.5,secondary tiebreaker only
1359546418284494848,2,False,9511,Keaton Mitchell,RB,LAC,True,7,FA/default round,184.33,16,-9,8.9,secondary tiebreaker only
1359546418284494848,1,True,3634,Kalif Raymond,WR,CHI,True,7,FA/default round,186.33,16,-9,8.8,secondary tiebreaker only
1359546418284494848,10,False,11576,Braelon Allen,RB,NYJ,True,7,FA/default round,187.33,16,-9,8.8,secondary tiebreaker only
1359546418284494848,4,False,8132,Tyler Allgeier,RB,ARI,True,12,draft round,188.67,16,-4,8.7,secondary tiebreaker only
1359546418284494848,3,False,12495,Ollie Gordon,RB,MIA,True,7,FA/default round,199.33,17,-10,8.0,secondary tiebreaker only
1359546418284494848,1,True,11643,Jaylen Wright,RB,MIA,True,7,FA/default round,204.83,17,-10,7.7,secondary tiebreaker only
1359546418284494848,4,False,4035,Alvin Kamara,RB,NO,True,7,FA/default round,207.0,17,-10,7.6,secondary tiebreaker only
1359546418284494848,7,False,13293,Ja'Kobi Lane,WR,BAL,True,16,draft round,211.33,17,-1,7.3,secondary tiebreaker only
1359546418284494848,11,False,9753,Zach Charbonnet,RB,SEA,True,15,draft round,217.33,17,-2,7.0,secondary tiebreaker only
1359546418284494848,6,False,11637,Keon Coleman,WR,BUF,True,7,FA/default round,239.83,17,-10,5.6,secondary tiebreaker only
1359546418284494848,2,False,11435,Emanuel Wilson,RB,SEA,True,7,FA/default round,247.33,17,-10,5.2,secondary tiebreaker only
1359546418284494848,8,False,9757,Kendre Miller,RB,NO,True,7,FA/default round,257.33,17,-10,4.6,secondary tiebreaker only
1359546418284494848,10,False,4177,Mack Hollins,WR,NE,True,7,FA/default round,262.5,17,-10,4.2,secondary tiebreaker only
1359546418284494848,3,False,9502,Tank Dell,WR,HOU,True,15,draft round,265.0,17,-2,4.1,secondary tiebreaker only
1359546418284494848,6,False,10218,Xavier Hutchinson,WR,HOU,True,7,FA/default round,291.67,17,-10,2.5,secondary tiebreaker only
1359546418284494848,1,True,3321,Tyreek Hill,WR,,True,7,FA/default round,350.0,17,-10,0.0,secondary tiebreaker only
1359546418284494848,7,False,167,Tom Brady,QB,,True,15,draft round,,,,0.0,secondary tiebreaker only
1359546418284494848,11,False,6828,AJ Dillon,RB,CAR,True,7,FA/default round,,,,0.0,secondary tiebreaker only
1359546418284494848,12,False,9226,De'Von Achane,RB,MIA,True,4,draft round,,,,0.0,secondary tiebreaker only
1359546418284494848,1,True,11739,Evan Williams,DB,GB,False,,not keeper eligible,,,,0.0,redraft-only; keeper ignored
1359546418284494848,1,True,13453,Jacob Rodriguez,LB,MIA,False,,not keeper eligible,17.0,,,0.0,redraft-only; keeper ignored
1359546418284494848,1,True,6650,Chase McLaughlin,K,TB,False,,not keeper eligible,225.0,,,0.0,redraft-only; keeper ignored
1359546418284494848,1,True,7726,Derrick Barnes,LB,DET,False,,not keeper eligible,,,,0.0,redraft-only; keeper ignored
1359546418284494848,2,False,11533,Brandon Aubrey,K,DAL,False,,not keeper eligible,187.0,,,0.0,redraft-only; keeper ignored
1359546418284494848,2,False,13371,Dillon Thieneman,DB,CHI,False,,not keeper eligible,,,,0.0,redraft-only; keeper ignored
1359546418284494848,2,False,5041,Fred Warner,LB,SF,False,,not keeper eligible,5.0,,,0.0,redraft-only; keeper ignored
1359546418284494848,2,False,5840,Josh Hines-Allen,DE,JAX,False,,not keeper eligible,10.0,,,0.0,redraft-only; keeper ignored
1359546418284494848,2,False,8329,Devin Lloyd,LB,CAR,False,,not keeper eligible,11.0,,,0.0,redraft-only; keeper ignored
1359546418284494848,3,False,11667,Dallas Turner,LB,MIN,False,,not keeper eligible,44.5,,,0.0,redraft-only; keeper ignored
1359546418284494848,3,False,4081,Budda Baker,DB,ARI,False,,not keeper eligible,76.0,,,0.0,redraft-only; keeper ignored
1359546418284494848,3,False,6949,Jordyn Brooks,LB,MIA,False,,not keeper eligible,1.0,,,0.0,redraft-only; keeper ignored
1359546418284494848,3,False,7839,Evan McPherson,K,CIN,False,,not keeper eligible,216.5,,,0.0,redraft-only; keeper ignored
1359546418284494848,4,False,11786,Cam Little,K,JAX,False,,not keeper eligible,197.5,,,0.0,redraft-only; keeper ignored
1359546418284494848,4,False,13376,Caleb Downs,DB,DAL,False,,not keeper eligible,,,,0.0,redraft-only; keeper ignored
1359546418284494848,4,False,5332,Foyesade Oluokun,LB,JAX,False,,not keeper eligible,14.0,,,0.0,redraft-only; keeper ignored
1359546418284494848,4,False,7627,Greg Rousseau,DE,BUF,False,,not keeper eligible,28.0,,,0.0,redraft-only; keeper ignored
1359546418284494848,5,False,10885,Lukas Van Ness,DL,GB,False,,not keeper eligible,44.0,,,0.0,redraft-only; keeper ignored
1359546418284494848,5,False,12530,Travis Hunter,DB,JAX,False,,not keeper eligible,244.67,,,0.0,redraft-only; keeper ignored
1359546418284494848,5,False,4227,Harrison Butker,K,KC,False,,not keeper eligible,239.33,,,0.0,redraft-only; keeper ignored
1359546418284494848,5,False,6217,Blake Cashman,LB,MIN,False,,not keeper eligible,15.0,,,0.0,redraft-only; keeper ignored
1359546418284494848,5,False,7666,Jevón Holland,DB,NYG,False,,not keeper eligible,,,,0.0,redraft-only; keeper ignored
1359546418284494848,6,False,13545,Trey Smack,K,GB,False,,not keeper eligible,,,,0.0,redraft-only; keeper ignored
1359546418284494848,6,False,4971,Derwin James,DB,LAC,False,,not keeper eligible,30.0,,,0.0,redraft-only; keeper ignored
1359546418284494848,6,False,5991,Maxx Crosby,DE,LV,False,,not keeper eligible,12.0,,,0.0,redraft-only; keeper ignored
1359546418284494848,6,False,8267,Nakobe Dean,LB,LV,False,,not keeper eligible,20.0,,,0.0,redraft-only; keeper ignored
1359546418284494848,7,False,11687,Edgerrin Cooper,LB,GB,False,,not keeper eligible,23.0,,,0.0,redraft-only; keeper ignored
1359546418284494848,7,False,5816,Nick Bosa,DE,SF,False,,not keeper eligible,28.5,,,0.0,redraft-only; keeper ignored
1359546418284494848,7,False,8259,Cameron Dicker,K,LAC,False,,not keeper eligible,197.8,,,0.0,redraft-only; keeper ignored
1359546418284494848,7,False,8339,Kyle Hamilton,DB,BAL,False,,not keeper eligible,26.0,,,0.0,redraft-only; keeper ignored
1359546418284494848,8,False,11792,Will Reichard,K,MIN,False,,not keeper eligible,251.4,,,0.0,redraft-only; keeper ignored
1359546418284494848,8,False,12591,Xavier Watts,DB,ATL,False,,not keeper eligible,,,,0.0,redraft-only; keeper ignored
1359546418284494848,8,False,6183,Andrew Van Ginkel,LB,MIN,False,,not keeper eligible,7.0,,,0.0,redraft-only; keeper ignored
1359546418284494848,8,False,7648,Nick Bolton,LB,KC,False,,not keeper eligible,9.0,,,0.0,redraft-only; keeper ignored
1359546418284494848,9,False,12578,Carson Schwesinger,LB,CLE,False,,not keeper eligible,2.0,,,0.0,redraft-only; keeper ignored
1359546418284494848,9,False,3451,Ka'imi Fairbairn,K,HOU,False,,not keeper eligible,193.0,,,0.0,redraft-only; keeper ignored
1359546418284494848,9,False,6125,Jeffery Simmons,DT,TEN,False,,not keeper eligible,14.0,,,0.0,redraft-only; keeper ignored
1359546418284494848,9,False,6815,Zack Baun,LB,PHI,False,,not keeper eligible,10.0,,,0.0,redraft-only; keeper ignored
1359546418284494848,9,False,7113,Alex Highsmith,LB,PIT,False,,not keeper eligible,18.0,,,0.0,redraft-only; keeper ignored
1359546418284494848,9,False,8330,Quentin Lake,DB,LAR,False,,not keeper eligible,18.0,,,0.0,redraft-only; keeper ignored
1359546418284494848,10,False,10892,Will Anderson,DL,HOU,False,,not keeper eligible,5.5,,,0.0,redraft-only; keeper ignored
1359546418284494848,10,False,11678,Cooper DeJean,DB,PHI,False,,not keeper eligible,,,,0.0,redraft-only; keeper ignored
1359546418284494848,10,False,13375,Sonny Styles,LB,WAS,False,,not keeper eligible,24.0,,,0.0,redraft-only; keeper ignored
1359546418284494848,10,False,2747,Jason Myers,K,SEA,False,,not keeper eligible,200.33,,,0.0,redraft-only; keeper ignored
1359546418284494848,10,False,3973,Myles Garrett,DE,LAR,False,,not keeper eligible,50.5,,,0.0,redraft-only; keeper ignored
1359546418284494848,10,False,8289,Aidan Hutchinson,DL,DET,False,,not keeper eligible,21.5,,,0.0,redraft-only; keeper ignored
1359546418284494848,10,False,8392,Nick Cross,DB,WAS,False,,not keeper eligible,37.0,,,0.0,redraft-only; keeper ignored
1359546418284494848,11,False,10917,Byron Young,LB,LAR,False,,not keeper eligible,50.5,,,0.0,redraft-only; keeper ignored
1359546418284494848,11,False,11705,Tykee Smith,DB,TB,False,,not keeper eligible,29.0,,,0.0,redraft-only; keeper ignored
1359546418284494848,11,False,1945,Chris Boswell,K,PIT,False,,not keeper eligible,260.5,,,0.0,redraft-only; keeper ignored
1359546418284494848,11,False,2393,Danielle Hunter,DE,HOU,False,,not keeper eligible,37.5,,,0.0,redraft-only; keeper ignored
1359546418284494848,11,False,4070,T.J. Watt,LB,PIT,False,,not keeper eligible,22.0,,,0.0,redraft-only; keeper ignored
1359546418284494848,12,False,12567,Malaki Starks,DB,BAL,False,,not keeper eligible,,,,0.0,redraft-only; keeper ignored
1359546418284494848,12,False,12711,Tyler Loop,K,BAL,False,,not keeper eligible,,,,0.0,redraft-only; keeper ignored
1359546418284494848,12,False,13377,Arvell Reese,LB,NYG,False,,not keeper eligible,29.5,,,0.0,redraft-only; keeper ignored
1359546418284494848,12,False,4960,Roquan Smith,LB,BAL,False,,not keeper eligible,3.0,,,0.0,redraft-only; keeper ignored
1359546418284494848,12,False,6083,Matt Gay,K,LV,False,,not keeper eligible,213.0,,,0.0,redraft-only; keeper ignored
