league_id,league,slot,action,starter_id,starter,starter_pos,starter_score,starter_return_points,starter_return_roles,starter_injury,starter_nfl_opponent,best_bench_id,best_bench,best_bench_pos,best_bench_score,best_bench_return_points,best_bench_return_roles,score_delta,score_source
1389740418316374016,10-Team Redraft — Big Tiger Takeover,QB,HOLD,1166,Kirk Cousins,QB,19.59,0.0,,,NE,9228,Bryce Young,QB,20.13,0.0,,0.54,Sleeper raw-stat projection × league scoring + current usage + injury ripple
1389740418316374016,10-Team Redraft — Big Tiger Takeover,RB,CHANGE,7588,Javonte Williams,RB,21.74,0.0,,,TB,8151,Kenneth Walker,RB,23.78,0.0,,2.04,Sleeper raw-stat projection × league scoring + current usage + OL health
1389740418316374016,10-Team Redraft — Big Tiger Takeover,RB,CHANGE,12512,Quinshon Judkins,RB,13.77,0.0,,,NYJ,8151,Kenneth Walker,RB,23.78,0.0,,10.01,Sleeper raw-stat projection × league scoring + current usage + game-time weather
1389740418316374016,10-Team Redraft — Big Tiger Takeover,WR,MONITOR,7564,Ja'Marr Chase,WR,23.25,0.0,,QUESTIONABLE,MIA,12526,Tetairoa McMillan,WR,22.92,0.0,,-0.33,Sleeper raw-stat projection × league scoring + current usage
1389740418316374016,10-Team Redraft — Big Tiger Takeover,WR,CHANGE,13346,Denzel Boston,WR,12.42,0.0,,,NYJ,12526,Tetairoa McMillan,WR,22.92,0.0,,10.5,Sleeper raw-stat projection × league scoring + current usage + game-time weather
1389740418316374016,10-Team Redraft — Big Tiger Takeover,TE,HOLD,5001,Dalton Schultz,TE,9.86,0.0,,,TEN,,,,,,,,Sleeper raw-stat projection × league scoring + current usage + OL health
1389740418316374016,10-Team Redraft — Big Tiger Takeover,FLEX,CHANGE,11577,Will Shipley,RB,13.12,0.0,,,JAX,8151,Kenneth Walker,RB,23.78,0.0,,10.66,Sleeper raw-stat projection × league scoring + OL health + injury ripple
1389740418316374016,10-Team Redraft — Big Tiger Takeover,FLEX,CHANGE,11576,Braelon Allen,RB,18.14,0.0,,,CLE,8151,Kenneth Walker,RB,23.78,0.0,,5.64,Sleeper raw-stat projection × league scoring + current usage + OL health + game-time weather + injury ripple
1389740418316374016,10-Team Redraft — Big Tiger Takeover,K,HOLD,11533,Brandon Aubrey,K,9.92,0.0,,,TB,,,,,,,,Sleeper raw-stat projection × league scoring
1389740418316374016,10-Team Redraft — Big Tiger Takeover,DEF,HOLD,CIN,Cincinnati Bengals,DEF,8.84,0.0,,,MIA,,,,,,,,Sleeper raw-stat projection × league scoring
1370453762442797056,18-Team Chopped — Surviving the Chamber,QB,HOLD,6770,Joe Burrow,QB,25.69,0.0,,,MIA,,,,,,,,Sleeper raw-stat projection × league scoring + current usage
1370453762442797056,18-Team Chopped — Surviving the Chamber,RB,HOLD,6813,Jonathan Taylor,RB,30.11,0.0,,,PIT,12529,TreVeyon Henderson,RB,15.92,0.0,,-14.19,Sleeper raw-stat projection × league scoring + current usage
1370453762442797056,18-Team Chopped — Surviving the Chamber,RB,HOLD,4199,Aaron Jones,RB,24.04,0.0,,,NO,12529,TreVeyon Henderson,RB,15.92,0.0,,-8.12,Sleeper raw-stat projection × league scoring + current usage + OL health
1370453762442797056,18-Team Chopped — Surviving the Chamber,WR,HOLD,11632,Malik Nabers,WR,16.43,0.0,,,WAS,11608,Isaiah Williams,WR,12.85,4.59,KR+PR,-3.58,Sleeper raw-stat projection × league scoring + current usage + OL health + game-time weather
1370453762442797056,18-Team Chopped — Surviving the Chamber,WR,HOLD,5846,DK Metcalf,WR,15.81,0.0,,,IND,11608,Isaiah Williams,WR,12.85,4.59,KR+PR,-2.96,Sleeper raw-stat projection × league scoring + current usage + OL health + injury ripple
1370453762442797056,18-Team Chopped — Surviving the Chamber,TE,HOLD,12518,Tyler Warren,TE,16.47,0.0,,,PIT,,,,,,,,Sleeper raw-stat projection × league scoring + current usage
1370453762442797056,18-Team Chopped — Surviving the Chamber,FLEX,HOLD,11577,Will Shipley,RB,23.2,5.55,KR,,JAX,12529,TreVeyon Henderson,RB,15.92,0.0,,-7.28,Sleeper raw-stat projection × league scoring + OL health + injury ripple + league return scoring
1370453762442797056,18-Team Chopped — Surviving the Chamber,FLEX,HOLD,12495,Ollie Gordon,RB,19.86,0.0,,,CIN,12529,TreVeyon Henderson,RB,15.92,0.0,,-3.94,Sleeper raw-stat projection × league scoring + current usage
1370453762442797056,18-Team Chopped — Surviving the Chamber,K,HOLD,6083,Matt Gay,K,9.18,0.0,,,NE,,,,,,,,Sleeper raw-stat projection × league scoring
1370218620990263296,12-Team Dynasty — One League to Rule Them All,QB,HOLD,6770,Joe Burrow,QB,23.39,0.0,,,MIA,2306,Jameis Winston,QB,16.67,0.0,,-6.72,Sleeper raw-stat projection × league scoring + current usage
1370218620990263296,12-Team Dynasty — One League to Rule Them All,RB,CHANGE,11584,Bucky Irving,RB,16.38,0.0,,,DAL,6790,D'Andre Swift,RB,19.22,0.0,,2.84,Sleeper raw-stat projection × league scoring + current usage
1370218620990263296,12-Team Dynasty — One League to Rule Them All,RB,HOLD,9224,Chase Brown,RB,19.23,0.0,,,MIA,6790,D'Andre Swift,RB,19.22,0.0,,-0.01,Sleeper raw-stat projection × league scoring + current usage
1370218620990263296,12-Team Dynasty — One League to Rule Them All,WR,HOLD,12519,Luther Burden,WR,12.65,0.0,,,GB,9500,Josh Downs,WR,12.24,0.0,,-0.41,Sleeper raw-stat projection × league scoring + current usage + injury ripple
1370218620990263296,12-Team Dynasty — One League to Rule Them All,WR,HOLD,12514,Emeka Egbuka,WR,13.48,0.0,,,DAL,9500,Josh Downs,WR,12.24,0.0,,-1.24,Sleeper raw-stat projection × league scoring + current usage + injury ripple
1370218620990263296,12-Team Dynasty — One League to Rule Them All,WR,HOLD,9487,Parker Washington,WR,15.57,0.0,,,PHI,9500,Josh Downs,WR,12.24,0.0,,-3.33,Sleeper raw-stat projection × league scoring + current usage
1370218620990263296,12-Team Dynasty — One League to Rule Them All,TE,LEAN CHANGE,5001,Dalton Schultz,TE,10.95,0.0,,,TEN,8110,Jake Ferguson,TE,12.84,0.0,,1.89,Sleeper raw-stat projection × league scoring + current usage + OL health
1370218620990263296,12-Team Dynasty — One League to Rule Them All,FLEX,CHANGE,11435,Emanuel Wilson,RB,14.44,0.0,,,SF,6790,D'Andre Swift,RB,19.22,0.0,,4.78,Sleeper raw-stat projection × league scoring + current usage
1370218620990263296,12-Team Dynasty — One League to Rule Them All,FLEX,CHANGE,12507,Omarion Hampton,RB,10.76,0.0,,,DEN,6790,D'Andre Swift,RB,19.22,0.0,,8.46,Sleeper raw-stat projection × league scoring + current usage
1370218620990263296,12-Team Dynasty — One League to Rule Them All,SUPER_FLEX,LEAN CHANGE,1166,Kirk Cousins,QB,17.88,0.0,,,NE,6790,D'Andre Swift,RB,19.22,0.0,,1.34,Sleeper raw-stat projection × league scoring + current usage + injury ripple
1366076769534251008,10-Team Dynasty — Dynasty V2,QB,HOLD,3294,Dak Prescott,QB,25.58,0.0,,,TB,4017,Deshaun Watson,QB,17.69,0.0,,-7.89,Sleeper raw-stat projection × league scoring + current usage + OL health
1366076769534251008,10-Team Dynasty — Dynasty V2,RB,HOLD,6790,D'Andre Swift,RB,19.79,0.0,,,GB,7594,Chuba Hubbard,RB,18.69,0.0,,-1.1,Sleeper raw-stat projection × league scoring + current usage + injury ripple
1366076769534251008,10-Team Dynasty — Dynasty V2,RB,CHANGE,11577,Will Shipley,RB,12.7,0.0,,,JAX,7594,Chuba Hubbard,RB,18.69,0.0,,5.99,Sleeper raw-stat projection × league scoring + OL health + injury ripple
1366076769534251008,10-Team Dynasty — Dynasty V2,WR,HOLD,7547,Amon-Ra St. Brown,WR,23.5,0.0,,,ARI,12526,Tetairoa McMillan,WR,22.9,0.0,,-0.6,Sleeper raw-stat projection × league scoring + current usage + game-time weather + injury ripple
1366076769534251008,10-Team Dynasty — Dynasty V2,WR,CHANGE,12519,Luther Burden,WR,13.12,0.0,,,GB,12526,Tetairoa McMillan,WR,22.9,0.0,,9.78,Sleeper raw-stat projection × league scoring + current usage + injury ripple
1366076769534251008,10-Team Dynasty — Dynasty V2,TE,CHANGE,7600,Pat Freiermuth,TE,11.21,0.0,,,IND,8110,Jake Ferguson,TE,13.21,0.0,,2.0,Sleeper raw-stat projection × league scoring + current usage + OL health
1366076769534251008,10-Team Dynasty — Dynasty V2,FLEX,CHANGE,8146,Garrett Wilson,WR,18.14,0.0,,,CLE,12526,Tetairoa McMillan,WR,22.9,0.0,,4.76,Sleeper raw-stat projection × league scoring + current usage + OL health + game-time weather
1366076769534251008,10-Team Dynasty — Dynasty V2,FLEX,CHANGE,9997,Zay Flowers,WR,15.29,0.0,,QUESTIONABLE,ATL,12526,Tetairoa McMillan,WR,22.9,0.0,,7.61,Sleeper raw-stat projection × league scoring + current usage + OL health + injury ripple
1366076769534251008,10-Team Dynasty — Dynasty V2,SUPER_FLEX,CHANGE,11566,Jayden Daniels,QB,19.55,0.0,,,NYG,12526,Tetairoa McMillan,WR,22.9,0.0,,3.35,Sleeper raw-stat projection × league scoring + current usage + game-time weather
1359546418284494848,12-Team 2-Keeper — League Is Rigged V2,QB,CHANGE,6804,Jordan Love,QB,24.85,0.0,,,CHI,11564,Drake Maye,QB,28.38,0.0,,3.53,Sleeper raw-stat projection × league scoring + current usage + OL health
1359546418284494848,12-Team 2-Keeper — League Is Rigged V2,RB,HOLD,8228,Jaylen Warren,RB,22.36,0.0,,,IND,11577,Will Shipley,RB,14.57,0.0,,-7.79,Sleeper raw-stat projection × league scoring + current usage + OL health + injury ripple
1359546418284494848,12-Team 2-Keeper — League Is Rigged V2,RB,HOLD,11584,Bucky Irving,RB,20.86,0.0,,,DAL,11577,Will Shipley,RB,14.57,0.0,,-6.29,Sleeper raw-stat projection × league scoring + current usage
1359546418284494848,12-Team 2-Keeper — League Is Rigged V2,WR,CHANGE,13279,Carnell Tate,WR,14.3,0.0,,QUESTIONABLE,HOU,7564,Ja'Marr Chase,WR,22.61,0.0,,8.31,Sleeper raw-stat projection × league scoring + current usage
1359546418284494848,12-Team 2-Keeper — League Is Rigged V2,WR,CHANGE,8112,Drake London,WR,19.73,0.0,,,BAL,7564,Ja'Marr Chase,WR,22.61,0.0,,2.88,Sleeper raw-stat projection × league scoring + current usage + OL health
1359546418284494848,12-Team 2-Keeper — League Is Rigged V2,TE,HOLD,9484,Tucker Kraft,TE,12.78,0.0,,,CHI,,,,,,,,Sleeper raw-stat projection × league scoring + current usage + OL health
1359546418284494848,12-Team 2-Keeper — League Is Rigged V2,FLEX,CHANGE,13287,Jeremiyah Love,RB,17.73,0.0,,,DET,7564,Ja'Marr Chase,WR,22.61,0.0,,4.88,Sleeper raw-stat projection × league scoring + current usage + game-time weather
1359546418284494848,12-Team 2-Keeper — League Is Rigged V2,K,HOLD,6650,Chase McLaughlin,K,6.37,0.0,,,DAL,,,,,,,,Sleeper raw-stat projection × league scoring
1359546418284494848,12-Team 2-Keeper — League Is Rigged V2,DL,HOLD,7726,Derrick Barnes,LB,15.0,0.0,,,ARI,,,,,,,,league-specific IDP scoring proxy
1359546418284494848,12-Team 2-Keeper — League Is Rigged V2,LB,HOLD,13453,Jacob Rodriguez,LB,20.25,0.0,,,CIN,,,,,,,,league-specific IDP scoring proxy
1359546418284494848,12-Team 2-Keeper — League Is Rigged V2,DB,HOLD,11739,Evan Williams,DB,19.75,0.0,,,CHI,,,,,,,,league-specific IDP scoring proxy
