player_id,full_name,position,nfl_team,injury_status,practice_participation,depth_chart_position,depth_chart_order,league_1389740418316374016,league_1370453762442797056,league_1370218620990263296,league_1366076769534251008,league_1359546418284494848,leagues_owned,exposure_pct,leagues_started,starter_exposure_pct,leagues_ir,leagues_taxi,opponent_leagues,owned_league_names,started_league_names,opponent_league_names,free_agent_league_names
6770,Joe Burrow,QB,CIN,,,QB,1,OPP,START,START,OWNED,OWNED,2,40.0,2,40.0,0,0,1,18-Team Chopped — Surviving the Chamber | 12-Team Dynasty — One League to Rule Them All,18-Team Chopped — Surviving the Chamber | 12-Team Dynasty — One League to Rule Them All,10-Team Redraft — Big Tiger Takeover,
11584,Bucky Irving,RB,TB,,,RB,1,OWNED,OWNED,START,OPP,START,2,40.0,2,40.0,0,0,1,12-Team Dynasty — One League to Rule Them All | 12-Team 2-Keeper — League Is Rigged V2,12-Team Dynasty — One League to Rule Them All | 12-Team 2-Keeper — League Is Rigged V2,10-Team Dynasty — Dynasty V2,
6790,D'Andre Swift,RB,CHI,,,RB,1,OWNED,OWNED,START,START,OWNED,2,40.0,2,40.0,0,0,0,12-Team Dynasty — One League to Rule Them All | 10-Team Dynasty — Dynasty V2,12-Team Dynasty — One League to Rule Them All | 10-Team Dynasty — Dynasty V2,,
5001,Dalton Schultz,TE,HOU,,,TE,1,START,OWNED,START,OWNED,OPP,2,40.0,2,40.0,0,0,1,10-Team Redraft — Big Tiger Takeover | 12-Team Dynasty — One League to Rule Them All,10-Team Redraft — Big Tiger Takeover | 12-Team Dynasty — One League to Rule Them All,12-Team 2-Keeper — League Is Rigged V2,
9484,Tucker Kraft,TE,GB,,,TE,1,OWNED,START,OWNED,OWNED,START,2,40.0,2,40.0,0,0,0,18-Team Chopped — Surviving the Chamber | 12-Team 2-Keeper — League Is Rigged V2,18-Team Chopped — Surviving the Chamber | 12-Team 2-Keeper — League Is Rigged V2,,
7564,Ja'Marr Chase,WR,CIN,,,LWR,1,START,OWNED,OWNED,OWNED,START,2,40.0,2,40.0,0,0,0,10-Team Redraft — Big Tiger Takeover | 12-Team 2-Keeper — League Is Rigged V2,10-Team Redraft — Big Tiger Takeover | 12-Team 2-Keeper — League Is Rigged V2,,
12526,Tetairoa McMillan,WR,CAR,,,LWR,1,START,OWNED,OWNED,START,OWNED,2,40.0,2,40.0,0,0,0,10-Team Redraft — Big Tiger Takeover | 10-Team Dynasty — Dynasty V2,10-Team Redraft — Big Tiger Takeover | 10-Team Dynasty — Dynasty V2,,
3634,Kalif Raymond,WR,CHI,,,SWR,3,START,OWNED,OWNED,OWNED,BENCH,2,40.0,1,20.0,0,0,0,10-Team Redraft — Big Tiger Takeover | 12-Team 2-Keeper — League Is Rigged V2,10-Team Redraft — Big Tiger Takeover,,
12519,Luther Burden,WR,CHI,,,RWR,1,OWNED,OWNED,START,BENCH,OWNED,2,40.0,1,20.0,0,0,0,12-Team Dynasty — One League to Rule Them All | 10-Team Dynasty — Dynasty V2,12-Team Dynasty — One League to Rule Them All,,
9757,Kendre Miller,RB,NO,,,RB,2,FA,OWNED,BENCH,BENCH,OWNED,2,40.0,0,0.0,0,0,0,12-Team Dynasty — One League to Rule Them All | 10-Team Dynasty — Dynasty V2,,,10-Team Redraft — Big Tiger Takeover
12472,Raheim Sanders,RB,CLE,,,RB,2,FA,BENCH,BENCH,OWNED,FA,2,40.0,0,0.0,0,0,0,18-Team Chopped — Surviving the Chamber | 12-Team Dynasty — One League to Rule Them All,,,10-Team Redraft — Big Tiger Takeover | 12-Team 2-Keeper — League Is Rigged V2
4147,Samaje Perine,RB,CIN,,,RB,2,FA,BENCH,BENCH,FA,FA,2,40.0,0,0.0,0,0,0,18-Team Chopped — Surviving the Chamber | 12-Team Dynasty — One League to Rule Them All,,,10-Team Redraft — Big Tiger Takeover | 10-Team Dynasty — Dynasty V2 | 12-Team 2-Keeper — League Is Rigged V2
9753,Zach Charbonnet,RB,SEA,PUP,,RB,4,BENCH,IR,OWNED,OWNED,OWNED,2,40.0,0,0.0,1,0,0,10-Team Redraft — Big Tiger Takeover | 18-Team Chopped — Surviving the Chamber,,,
8110,Jake Ferguson,TE,DAL,,,TE,1,FA,OWNED,BENCH,BENCH,OWNED,2,40.0,0,0.0,0,0,0,12-Team Dynasty — One League to Rule Them All | 10-Team Dynasty — Dynasty V2,,,10-Team Redraft — Big Tiger Takeover
13353,Chris Brazzell,WR,CAR,IR,,,10,FA,FA,TAXI,TAXI,FA,2,40.0,0,0.0,0,2,0,12-Team Dynasty — One League to Rule Them All | 10-Team Dynasty — Dynasty V2,,,10-Team Redraft — Big Tiger Takeover | 18-Team Chopped — Surviving the Chamber | 12-Team 2-Keeper — League Is Rigged V2
11834,Devaughn Vele,WR,NO,,,SWR,2,OWNED,OWNED,BENCH,OWNED,BENCH,2,40.0,0,0.0,0,0,0,12-Team Dynasty — One League to Rule Them All | 12-Team 2-Keeper — League Is Rigged V2,,,
11739,Evan Williams,DB,GB,,,FS,1,FA,FA,FA,FA,START,1,20.0,1,20.0,0,0,0,12-Team 2-Keeper — League Is Rigged V2,12-Team 2-Keeper — League Is Rigged V2,,10-Team Redraft — Big Tiger Takeover | 18-Team Chopped — Surviving the Chamber | 12-Team Dynasty — One League to Rule Them All | 10-Team Dynasty — Dynasty V2
PIT,Pittsburgh Steelers,DEF,PIT,,,,,START,FA,FA,FA,FA,1,20.0,1,20.0,0,0,0,10-Team Redraft — Big Tiger Takeover,10-Team Redraft — Big Tiger Takeover,,18-Team Chopped — Surviving the Chamber | 12-Team Dynasty — One League to Rule Them All | 10-Team Dynasty — Dynasty V2 | 12-Team 2-Keeper — League Is Rigged V2
11533,Brandon Aubrey,K,DAL,,,K,1,START,OWNED,FA,FA,OWNED,1,20.0,1,20.0,0,0,0,10-Team Redraft — Big Tiger Takeover,10-Team Redraft — Big Tiger Takeover,,12-Team Dynasty — One League to Rule Them All | 10-Team Dynasty — Dynasty V2
6650,Chase McLaughlin,K,TB,,,K,1,FA,OWNED,FA,FA,START,1,20.0,1,20.0,0,0,0,12-Team 2-Keeper — League Is Rigged V2,12-Team 2-Keeper — League Is Rigged V2,,10-Team Redraft — Big Tiger Takeover | 12-Team Dynasty — One League to Rule Them All | 10-Team Dynasty — Dynasty V2
6083,Matt Gay,K,LV,,,K,1,FA,START,FA,FA,OWNED,1,20.0,1,20.0,0,0,0,18-Team Chopped — Surviving the Chamber,18-Team Chopped — Surviving the Chamber,,10-Team Redraft — Big Tiger Takeover | 12-Team Dynasty — One League to Rule Them All | 10-Team Dynasty — Dynasty V2
7726,Derrick Barnes,LB,DET,,,ROLB,1,FA,FA,FA,FA,START,1,20.0,1,20.0,0,0,0,12-Team 2-Keeper — League Is Rigged V2,12-Team 2-Keeper — League Is Rigged V2,,10-Team Redraft — Big Tiger Takeover | 18-Team Chopped — Surviving the Chamber | 12-Team Dynasty — One League to Rule Them All | 10-Team Dynasty — Dynasty V2
13453,Jacob Rodriguez,LB,MIA,,,MLB,1,FA,FA,FA,FA,START,1,20.0,1,20.0,0,0,0,12-Team 2-Keeper — League Is Rigged V2,12-Team 2-Keeper — League Is Rigged V2,,10-Team Redraft — Big Tiger Takeover | 18-Team Chopped — Surviving the Chamber | 12-Team Dynasty — One League to Rule Them All | 10-Team Dynasty — Dynasty V2
9228,Bryce Young,QB,CAR,,,QB,1,START,OWNED,OWNED,OWNED,OWNED,1,20.0,1,20.0,0,0,0,10-Team Redraft — Big Tiger Takeover,10-Team Redraft — Big Tiger Takeover,,
3294,Dak Prescott,QB,DAL,,,QB,1,OWNED,OWNED,OWNED,START,OWNED,1,20.0,1,20.0,0,0,0,10-Team Dynasty — Dynasty V2,10-Team Dynasty — Dynasty V2,,
1166,Kirk Cousins,QB,LV,,,QB,1,FA,OWNED,START,OWNED,FA,1,20.0,1,20.0,0,0,0,12-Team Dynasty — One League to Rule Them All,12-Team Dynasty — One League to Rule Them All,,10-Team Redraft — Big Tiger Takeover | 12-Team 2-Keeper — League Is Rigged V2
2307,Marcus Mariota,QB,WAS,,,QB,1,FA,OWNED,OWNED,START,FA,1,20.0,1,20.0,0,0,0,10-Team Dynasty — Dynasty V2,10-Team Dynasty — Dynasty V2,,10-Team Redraft — Big Tiger Takeover | 12-Team 2-Keeper — League Is Rigged V2
4943,Sam Darnold,QB,SEA,,,QB,1,FA,OWNED,OWNED,OWNED,START,1,20.0,1,20.0,0,0,0,12-Team 2-Keeper — League Is Rigged V2,12-Team 2-Keeper — League Is Rigged V2,,10-Team Redraft — Big Tiger Takeover
4199,Aaron Jones,RB,MIN,,,RB,1,OWNED,START,OPP,OWNED,OWNED,1,20.0,1,20.0,0,0,1,18-Team Chopped — Surviving the Chamber,18-Team Chopped — Surviving the Chamber,12-Team Dynasty — One League to Rule Them All,
11576,Braelon Allen,RB,NYJ,,,RB,1,START,OWNED,OWNED,OWNED,OWNED,1,20.0,1,20.0,0,0,0,10-Team Redraft — Big Tiger Takeover,10-Team Redraft — Big Tiger Takeover,,
9224,Chase Brown,RB,CIN,,,RB,1,OPP,OWNED,START,OWNED,OWNED,1,20.0,1,20.0,0,0,1,12-Team Dynasty — One League to Rule Them All,12-Team Dynasty — One League to Rule Them All,10-Team Redraft — Big Tiger Takeover,
7594,Chuba Hubbard,RB,CAR,,,RB,1,OWNED,OWNED,OWNED,START,OPP,1,20.0,1,20.0,0,0,1,10-Team Dynasty — Dynasty V2,10-Team Dynasty — Dynasty V2,12-Team 2-Keeper — League Is Rigged V2,
7588,Javonte Williams,RB,DAL,,,RB,1,START,OWNED,OPP,OWNED,OWNED,1,20.0,1,20.0,0,0,1,10-Team Redraft — Big Tiger Takeover,10-Team Redraft — Big Tiger Takeover,12-Team Dynasty — One League to Rule Them All,
8228,Jaylen Warren,RB,PIT,,,RB,1,OPP,OWNED,OWNED,OWNED,START,1,20.0,1,20.0,0,0,1,12-Team 2-Keeper — League Is Rigged V2,12-Team 2-Keeper — League Is Rigged V2,10-Team Redraft — Big Tiger Takeover,
13287,Jeremiyah Love,RB,ARI,,,RB,1,OWNED,OWNED,OWNED,OWNED,START,1,20.0,1,20.0,0,0,0,12-Team 2-Keeper — League Is Rigged V2,12-Team 2-Keeper — League Is Rigged V2,,
6813,Jonathan Taylor,RB,IND,,,RB,1,OWNED,START,OWNED,OWNED,OWNED,1,20.0,1,20.0,0,0,0,18-Team Chopped — Surviving the Chamber,18-Team Chopped — Surviving the Chamber,,
8151,Kenneth Walker,RB,KC,,,RB,1,START,OWNED,OWNED,OWNED,OWNED,1,20.0,1,20.0,0,0,0,10-Team Redraft — Big Tiger Takeover,10-Team Redraft — Big Tiger Takeover,,
12495,Ollie Gordon,RB,MIA,,,RB,2,OWNED,START,OWNED,OWNED,OWNED,1,20.0,1,20.0,0,0,0,18-Team Chopped — Surviving the Chamber,18-Team Chopped — Surviving the Chamber,,
12529,TreVeyon Henderson,RB,NE,,,RB,2,OWNED,START,OWNED,OWNED,OWNED,1,20.0,1,20.0,0,0,0,18-Team Chopped — Surviving the Chamber,18-Team Chopped — Surviving the Chamber,,
7600,Pat Freiermuth,TE,PIT,,,TE,1,FA,OWNED,OWNED,START,FA,1,20.0,1,20.0,0,0,0,10-Team Dynasty — Dynasty V2,10-Team Dynasty — Dynasty V2,,10-Team Redraft — Big Tiger Takeover | 12-Team 2-Keeper — League Is Rigged V2
7547,Amon-Ra St. Brown,WR,DET,,,SWR,1,OWNED,OWNED,OWNED,START,OWNED,1,20.0,1,20.0,0,0,0,10-Team Dynasty — Dynasty V2,10-Team Dynasty — Dynasty V2,,
8112,Drake London,WR,ATL,,,LWR,1,OWNED,OWNED,OWNED,OWNED,START,1,20.0,1,20.0,0,0,0,12-Team 2-Keeper — League Is Rigged V2,12-Team 2-Keeper — League Is Rigged V2,,
12514,Emeka Egbuka,WR,TB,,,LWR,1,OWNED,OWNED,START,OWNED,OWNED,1,20.0,1,20.0,0,0,0,12-Team Dynasty — One League to Rule Them All,12-Team Dynasty — One League to Rule Them All,,
8146,Garrett Wilson,WR,NYJ,,,LWR,1,OWNED,OWNED,OWNED,START,OWNED,1,20.0,1,20.0,0,0,0,10-Team Dynasty — Dynasty V2,10-Team Dynasty — Dynasty V2,,
11608,Isaiah Williams,WR,NYJ,,,SWR,2,FA,START,OWNED,FA,FA,1,20.0,1,20.0,0,0,0,18-Team Chopped — Surviving the Chamber,18-Team Chopped — Surviving the Chamber,,10-Team Redraft — Big Tiger Takeover | 10-Team Dynasty — Dynasty V2 | 12-Team 2-Keeper — League Is Rigged V2
9500,Josh Downs,WR,IND,,,SWR,1,OWNED,OWNED,START,OWNED,OWNED,1,20.0,1,20.0,0,0,0,12-Team Dynasty — One League to Rule Them All,12-Team Dynasty — One League to Rule Them All,,
11632,Malik Nabers,WR,NYG,,,LWR,1,OWNED,START,OPP,OPP,OWNED,1,20.0,1,20.0,0,0,2,18-Team Chopped — Surviving the Chamber,18-Team Chopped — Surviving the Chamber,12-Team Dynasty — One League to Rule Them All | 10-Team Dynasty — Dynasty V2,
9487,Parker Washington,WR,JAX,,,SWR,1,OWNED,OWNED,START,OPP,OWNED,1,20.0,1,20.0,0,0,1,12-Team Dynasty — One League to Rule Them All,12-Team Dynasty — One League to Rule Them All,10-Team Dynasty — Dynasty V2,
9997,Zay Flowers,WR,BAL,Questionable,,SWR,1,OWNED,OWNED,OWNED,START,OWNED,1,20.0,1,20.0,0,0,0,10-Team Dynasty — Dynasty V2,10-Team Dynasty — Dynasty V2,,
13272,Carson Beck,QB,ARI,,,QB,3,FA,FA,OWNED,TAXI,FA,1,20.0,0,0.0,0,1,0,10-Team Dynasty — Dynasty V2,,,10-Team Redraft — Big Tiger Takeover | 18-Team Chopped — Surviving the Chamber | 12-Team 2-Keeper — League Is Rigged V2
4017,Deshaun Watson,QB,CLE,,,QB,1,FA,FA,OWNED,BENCH,FA,1,20.0,0,0.0,0,0,0,10-Team Dynasty — Dynasty V2,,,10-Team Redraft — Big Tiger Takeover | 18-Team Chopped — Surviving the Chamber | 12-Team 2-Keeper — League Is Rigged V2
11564,Drake Maye,QB,NE,,,QB,1,OWNED,OWNED,OWNED,OWNED,BENCH,1,20.0,0,0.0,0,0,0,12-Team 2-Keeper — League Is Rigged V2,,,
1373,Geno Smith,QB,NYJ,,,QB,1,FA,FA,BENCH,OWNED,FA,1,20.0,0,0.0,0,0,0,12-Team Dynasty — One League to Rule Them All,,,10-Team Redraft — Big Tiger Takeover | 18-Team Chopped — Surviving the Chamber | 12-Team 2-Keeper — League Is Rigged V2
2306,Jameis Winston,QB,NYG,,,QB,1,FA,FA,BENCH,OPP,FA,1,20.0,0,0.0,0,0,1,12-Team Dynasty — One League to Rule Them All,,10-Team Dynasty — Dynasty V2,10-Team Redraft — Big Tiger Takeover | 18-Team Chopped — Surviving the Chamber | 12-Team 2-Keeper — League Is Rigged V2
11566,Jayden Daniels,QB,WAS,Out,,QB,2,FA,OWNED,OWNED,BENCH,OWNED,1,20.0,0,0.0,0,0,0,10-Team Dynasty — Dynasty V2,,,10-Team Redraft — Big Tiger Takeover
6797,Justin Herbert,QB,LAC,,,QB,1,BENCH,OWNED,OWNED,OWNED,OWNED,1,20.0,0,0.0,0,0,0,10-Team Redraft — Big Tiger Takeover,,,
12494,Kyle McCord,QB,MIA,,,QB,3,FA,FA,BENCH,FA,FA,1,20.0,0,0.0,0,0,0,12-Team Dynasty — One League to Rule Them All,,,10-Team Redraft — Big Tiger Takeover | 18-Team Chopped — Surviving the Chamber | 10-Team Dynasty — Dynasty V2 | 12-Team 2-Keeper — League Is Rigged V2
7527,Mac Jones,QB,SF,,,QB,2,FA,FA,OWNED,BENCH,FA,1,20.0,0,0.0,0,0,0,10-Team Dynasty — Dynasty V2,,,10-Team Redraft — Big Tiger Takeover | 18-Team Chopped — Surviving the Chamber | 12-Team 2-Keeper — League Is Rigged V2
4035,Alvin Kamara,RB,NO,,,RB,1,OWNED,OWNED,BENCH,OWNED,OWNED,1,20.0,0,0.0,0,0,0,12-Team Dynasty — One League to Rule Them All,,,
10219,Chris Rodriguez,RB,JAX,,,RB,2,FA,OWNED,OWNED,BENCH,FA,1,20.0,0,0.0,0,0,0,10-Team Dynasty — Dynasty V2,,,10-Team Redraft — Big Tiger Takeover | 12-Team 2-Keeper — League Is Rigged V2
9226,De'Von Achane,RB,MIA,IR,,RB,4,OWNED,OWNED,OWNED,IR,OWNED,1,20.0,0,0.0,1,0,0,10-Team Dynasty — Dynasty V2,,,
11435,Emanuel Wilson,RB,SEA,,,RB,1,OWNED,OWNED,BENCH,OWNED,OWNED,1,20.0,0,0.0,0,0,0,12-Team Dynasty — One League to Rule Them All,,,
13337,Emmett Johnson,RB,KC,,,RB,2,FA,OWNED,OWNED,TAXI,FA,1,20.0,0,0.0,0,1,0,10-Team Dynasty — Dynasty V2,,,10-Team Redraft — Big Tiger Takeover | 12-Team 2-Keeper — League Is Rigged V2
11571,Isaiah Davis,RB,NYJ,,,RB,2,FA,FA,OWNED,BENCH,FA,1,20.0,0,0.0,0,0,0,10-Team Dynasty — Dynasty V2,,,10-Team Redraft — Big Tiger Takeover | 18-Team Chopped — Surviving the Chamber | 12-Team 2-Keeper — League Is Rigged V2
8205,Isiah Pacheco,RB,DET,IR,,RB,4,FA,OWNED,IR,OWNED,FA,1,20.0,0,0.0,1,0,0,12-Team Dynasty — One League to Rule Them All,,,10-Team Redraft — Big Tiger Takeover | 12-Team 2-Keeper — League Is Rigged V2
12533,Jacory Croskey-Merritt,RB,WAS,,,RB,1,BENCH,OWNED,OWNED,OWNED,OWNED,1,20.0,0,0.0,0,0,0,10-Team Redraft — Big Tiger Takeover,,,
11643,Jaylen Wright,RB,MIA,,,RB,1,FA,OWNED,OWNED,OPP,BENCH,1,20.0,0,0.0,0,0,1,12-Team 2-Keeper — League Is Rigged V2,,10-Team Dynasty — Dynasty V2,10-Team Redraft — Big Tiger Takeover
13345,Jonah Coleman,RB,DEN,IR,,RB,6,OWNED,FA,OWNED,OWNED,IR,1,20.0,0,0.0,1,0,0,12-Team 2-Keeper — League Is Rigged V2,,,18-Team Chopped — Surviving the Chamber
11583,Jonathon Brooks,RB,CAR,IR,,RB,3,FA,FA,OWNED,IR,FA,1,20.0,0,0.0,1,0,0,10-Team Dynasty — Dynasty V2,,,10-Team Redraft — Big Tiger Takeover | 18-Team Chopped — Surviving the Chamber | 12-Team 2-Keeper — League Is Rigged V2
5995,Justice Hill,RB,BAL,,,RB,2,FA,FA,BENCH,FA,FA,1,20.0,0,0.0,0,0,0,12-Team Dynasty — One League to Rule Them All,,,10-Team Redraft — Big Tiger Takeover | 18-Team Chopped — Surviving the Chamber | 10-Team Dynasty — Dynasty V2 | 12-Team 2-Keeper — League Is Rigged V2
12544,LeQuint Allen,RB,JAX,,,RB,4,FA,FA,TAXI,FA,FA,1,20.0,0,0.0,0,1,0,12-Team Dynasty — One League to Rule Them All,,,10-Team Redraft — Big Tiger Takeover | 18-Team Chopped — Surviving the Chamber | 10-Team Dynasty — Dynasty V2 | 12-Team 2-Keeper — League Is Rigged V2
8800,Malik Davis,RB,DAL,IR,,RB,5,FA,IR,OWNED,OWNED,FA,1,20.0,0,0.0,1,0,0,18-Team Chopped — Surviving the Chamber,,,10-Team Redraft — Big Tiger Takeover | 12-Team 2-Keeper — League Is Rigged V2
11581,MarShawn Lloyd,RB,GB,,,RB,1,FA,OWNED,OWNED,BENCH,OWNED,1,20.0,0,0.0,0,0,0,10-Team Dynasty — Dynasty V2,,,10-Team Redraft — Big Tiger Takeover
13288,Nicholas Singleton,RB,TEN,,,RB,3,FA,OWNED,OWNED,BENCH,FA,1,20.0,0,0.0,0,0,0,10-Team Dynasty — Dynasty V2,,,10-Team Redraft — Big Tiger Takeover | 12-Team 2-Keeper — League Is Rigged V2
12507,Omarion Hampton,RB,LAC,,,RB,1,OWNED,OWNED,BENCH,OWNED,OWNED,1,20.0,0,0.0,0,0,0,12-Team Dynasty — One League to Rule Them All,,,
12512,Quinshon Judkins,RB,CLE,,,RB,1,BENCH,OWNED,OWNED,OWNED,OWNED,1,20.0,0,0.0,0,0,0,10-Team Redraft — Big Tiger Takeover,,,
9225,Tank Bigsby,RB,PHI,,,RB,2,FA,BENCH,OWNED,OPP,FA,1,20.0,0,0.0,0,0,1,18-Team Chopped — Surviving the Chamber,,10-Team Dynasty — Dynasty V2,10-Team Redraft — Big Tiger Takeover | 12-Team 2-Keeper — League Is Rigged V2
12474,Woody Marks,RB,HOU,,,RB,2,FA,OWNED,OPP,BENCH,OWNED,1,20.0,0,0.0,0,0,1,10-Team Dynasty — Dynasty V2,,12-Team Dynasty — One League to Rule Them All,10-Team Redraft — Big Tiger Takeover
11603,AJ Barner,TE,SEA,,,TE,1,FA,OWNED,BENCH,OWNED,FA,1,20.0,0,0.0,0,0,0,12-Team Dynasty — One League to Rule Them All,,,10-Team Redraft — Big Tiger Takeover | 12-Team 2-Keeper — League Is Rigged V2
6826,Cole Kmet,TE,CHI,,,TE,2,FA,OWNED,BENCH,OPP,FA,1,20.0,0,0.0,0,0,1,12-Team Dynasty — One League to Rule Them All,,10-Team Dynasty — Dynasty V2,10-Team Redraft — Big Tiger Takeover | 12-Team 2-Keeper — League Is Rigged V2
2505,Darren Waller,TE,CAR,,,TE,1,OWNED,OWNED,OWNED,BENCH,FA,1,20.0,0,0.0,0,0,0,10-Team Dynasty — Dynasty V2,,,12-Team 2-Keeper — League Is Rigged V2
13421,Eli Raridon,TE,NE,Questionable,,TE,2,FA,FA,OWNED,TAXI,FA,1,20.0,0,0.0,0,1,0,10-Team Dynasty — Dynasty V2,,,10-Team Redraft — Big Tiger Takeover | 18-Team Chopped — Surviving the Chamber | 12-Team 2-Keeper — League Is Rigged V2
13349,Eli Stowers,TE,PHI,IR,,TE,7,FA,FA,OWNED,TAXI,FA,1,20.0,0,0.0,0,1,0,10-Team Dynasty — Dynasty V2,,,10-Team Redraft — Big Tiger Takeover | 18-Team Chopped — Surviving the Chamber | 12-Team 2-Keeper — League Is Rigged V2
13282,Jack Endries,TE,CIN,,,TE,5,FA,FA,OWNED,TAXI,FA,1,20.0,0,0.0,0,1,0,10-Team Dynasty — Dynasty V2,,,10-Team Redraft — Big Tiger Takeover | 18-Team Chopped — Surviving the Chamber | 12-Team 2-Keeper — League Is Rigged V2
13342,John Michael Gyllenborg,TE,KC,IR,,TE,6,FA,FA,TAXI,FA,FA,1,20.0,0,0.0,0,1,0,12-Team Dynasty — One League to Rule Them All,,,10-Team Redraft — Big Tiger Takeover | 18-Team Chopped — Surviving the Chamber | 10-Team Dynasty — Dynasty V2 | 12-Team 2-Keeper — League Is Rigged V2
9481,Luke Musgrave,TE,GB,PUP,,TE,4,FA,FA,IR,FA,FA,1,20.0,0,0.0,1,0,0,12-Team Dynasty — One League to Rule Them All,,,10-Team Redraft — Big Tiger Takeover | 18-Team Chopped — Surviving the Chamber | 10-Team Dynasty — Dynasty V2 | 12-Team 2-Keeper — League Is Rigged V2
8142,Alec Pierce,WR,IND,IR,,LWR,10,IR,OWNED,OWNED,OWNED,OWNED,1,20.0,0,0.0,1,0,0,10-Team Redraft — Big Tiger Takeover,,,
13279,Carnell Tate,WR,TEN,,,LWR,1,OWNED,OWNED,OWNED,OWNED,BENCH,1,20.0,0,0.0,0,0,0,12-Team 2-Keeper — League Is Rigged V2,,,
4950,Christian Kirk,WR,SF,IR,,SWR,7,FA,OWNED,IR,OWNED,FA,1,20.0,0,0.0,1,0,0,12-Team Dynasty — One League to Rule Them All,,,10-Team Redraft — Big Tiger Takeover | 12-Team 2-Keeper — League Is Rigged V2
5045,Courtland Sutton,WR,DEN,,,LWR,2,OWNED,OWNED,BENCH,OWNED,OWNED,1,20.0,0,0.0,0,0,0,12-Team Dynasty — One League to Rule Them All,,,
5846,DK Metcalf,WR,PIT,,,LWR,1,OWNED,BENCH,OWNED,OWNED,OPP,1,20.0,0,0.0,0,0,1,18-Team Chopped — Surviving the Chamber,,12-Team 2-Keeper — League Is Rigged V2,
13346,Denzel Boston,WR,CLE,,,LWR,1,BENCH,OWNED,OWNED,OWNED,OWNED,1,20.0,0,0.0,0,0,0,10-Team Redraft — Big Tiger Takeover,,,
10222,Jayden Reed,WR,GB,IR,,,6,FA,FA,OWNED,BENCH,FA,1,20.0,0,0.0,0,0,0,10-Team Dynasty — Dynasty V2,,,10-Team Redraft — Big Tiger Takeover | 18-Team Chopped — Surviving the Chamber | 12-Team 2-Keeper — League Is Rigged V2
11610,Malik Washington,WR,MIA,,,SWR,1,FA,OWNED,OWNED,BENCH,FA,1,20.0,0,0.0,0,0,0,10-Team Dynasty — Dynasty V2,,,10-Team Redraft — Big Tiger Takeover | 12-Team 2-Keeper — League Is Rigged V2
11628,Marvin Harrison,WR,ARI,,,LWR,2,OWNED,BENCH,OWNED,OWNED,OWNED,1,20.0,0,0.0,0,0,0,18-Team Chopped — Surviving the Chamber,,,
13075,Myles Price,WR,MIN,,,SWR,4,FA,BENCH,FA,FA,FA,1,20.0,0,0.0,0,0,0,18-Team Chopped — Surviving the Chamber,,,10-Team Redraft — Big Tiger Takeover | 12-Team Dynasty — One League to Rule Them All | 10-Team Dynasty — Dynasty V2 | 12-Team 2-Keeper — League Is Rigged V2
13276,Omar Cooper,WR,NYJ,IR,,SWR,10,FA,FA,TAXI,OWNED,FA,1,20.0,0,0.0,0,1,0,12-Team Dynasty — One League to Rule Them All,,,10-Team Redraft — Big Tiger Takeover | 18-Team Chopped — Surviving the Chamber | 12-Team 2-Keeper — League Is Rigged V2
12492,Pat Bryant,WR,DEN,,,SWR,3,FA,OWNED,OPP,BENCH,FA,1,20.0,0,0.0,0,0,1,10-Team Dynasty — Dynasty V2,,12-Team Dynasty — One League to Rule Them All,10-Team Redraft — Big Tiger Takeover | 12-Team 2-Keeper — League Is Rigged V2
7571,Rashod Bateman,WR,BAL,,,LWR,2,FA,OWNED,OWNED,BENCH,FA,1,20.0,0,0.0,0,0,0,10-Team Dynasty — Dynasty V2,,,10-Team Redraft — Big Tiger Takeover | 12-Team 2-Keeper — League Is Rigged V2
9502,Tank Dell,WR,HOU,IR,,SWR,6,FA,FA,IR,OWNED,OWNED,1,20.0,0,0.0,1,0,0,12-Team Dynasty — One League to Rule Them All,,,10-Team Redraft — Big Tiger Takeover | 18-Team Chopped — Surviving the Chamber
12497,Tory Horton,WR,SEA,,,RWR,4,FA,FA,TAXI,OWNED,FA,1,20.0,0,0.0,0,1,0,12-Team Dynasty — One League to Rule Them All,,,10-Team Redraft — Big Tiger Takeover | 18-Team Chopped — Surviving the Chamber | 12-Team 2-Keeper — League Is Rigged V2
3321,Tyreek Hill,WR,,,,,,OWNED,FA,OWNED,OWNED,BENCH,1,20.0,0,0.0,0,0,0,12-Team 2-Keeper — League Is Rigged V2,,,18-Team Chopped — Surviving the Chamber
