nfl_team,roster_slots_across_leagues,starting_slots_across_leagues,unique_players_owned,players_owned,players_started
CIN,10,5,7,Chase Brown | Cincinnati Bengals | Dohnte Meyers | Ja'Marr Chase | Jack Endries | Joe Burrow | Samaje Perine,Chase Brown | Cincinnati Bengals | Ja'Marr Chase | Joe Burrow
TB,4,4,3,Bucky Irving | Chase McLaughlin | Emeka Egbuka,Bucky Irving | Chase McLaughlin | Emeka Egbuka
CHI,7,3,4,Cole Kmet | D'Andre Swift | Kalif Raymond | Luther Burden,D'Andre Swift | Luther Burden
GB,6,3,6,Evan Williams | Jayden Reed | Jordan Love | Luke Musgrave | MarShawn Lloyd | Tucker Kraft,Evan Williams | Jordan Love | Tucker Kraft
DAL,5,3,4,Brandon Aubrey | Dak Prescott | Jake Ferguson | Javonte Williams,Brandon Aubrey | Dak Prescott | Javonte Williams
PHI,5,3,2,Eli Stowers | Will Shipley,Will Shipley
LV,3,3,2,Kirk Cousins | Matt Gay,Kirk Cousins | Matt Gay
PIT,3,3,3,DK Metcalf | Jaylen Warren | Pat Freiermuth,DK Metcalf | Jaylen Warren | Pat Freiermuth
MIA,5,2,5,De'Von Achane | Jacob Rodriguez | Kyle McCord | Malik Washington | Ollie Gordon,Jacob Rodriguez | Ollie Gordon
NYJ,5,2,5,Braelon Allen | Garrett Wilson | Geno Smith | Isaiah Williams | Omar Cooper,Braelon Allen | Garrett Wilson
CLE,4,2,4,Denzel Boston | Deshaun Watson | Quinshon Judkins | Raheim Sanders,Denzel Boston | Quinshon Judkins
HOU,4,2,3,Dalton Schultz | Tank Dell | Woody Marks,Dalton Schultz
IND,4,2,4,Alec Pierce | Jonathan Taylor | Josh Downs | Tyler Warren,Jonathan Taylor | Tyler Warren
DET,3,2,3,Amon-Ra St. Brown | Derrick Barnes | Isiah Pacheco,Amon-Ra St. Brown | Derrick Barnes
SEA,5,1,4,AJ Barner | Emanuel Wilson | Tory Horton | Zach Charbonnet,Emanuel Wilson
ARI,3,1,3,Carson Beck | Jeremiyah Love | Marvin Harrison,Jeremiyah Love
BAL,3,1,3,Justice Hill | Rashod Bateman | Zay Flowers,Zay Flowers
JAX,3,1,3,Chris Rodriguez | LeQuint Allen | Parker Washington,Parker Washington
MIN,2,1,2,Aaron Jones | Myles Price,Aaron Jones
NYG,2,1,2,Jameis Winston | Malik Nabers,Malik Nabers
TEN,2,1,2,Carnell Tate | Nicholas Singleton,Carnell Tate
WAS,2,1,2,Jayden Daniels | Marcus Mariota,Jayden Daniels
ATL,1,1,1,Drake London,Drake London
LAC,1,1,1,Omarion Hampton,Omarion Hampton
CAR,9,0,7,Bryce Young | Chris Brazzell | Chuba Hubbard | Darren Waller | Jalen Coker | Jonathon Brooks | Tetairoa McMillan,
NO,5,0,3,Alvin Kamara | Devaughn Vele | Kendre Miller,
DEN,3,0,3,Courtland Sutton | Jonah Coleman | Pat Bryant,
KC,3,0,3,Emmett Johnson | John Michael Gyllenborg | Kenneth Walker,
NE,3,0,3,Drake Maye | Eli Raridon | TreVeyon Henderson,
SF,2,0,2,Christian Kirk | Mac Jones,
FA/UNK,1,0,1,Tyreek Hill,
