snapshot_utc,source_dt,team,ol_health_score,ol_grade,healthy_starters,at_risk_starters,unavailable_starters,pass_game_adjustment,run_game_adjustment,lt,lg,c,rg,rt,concerns,official_injury_report_available
2026-09-30T01:08:17+00:00,2026-09-29T13:59:18Z,CLE,63.1,DEGRADED,2,2,1,-0.71,-0.76,Spencer Fano,Zion Johnson,Elgton Jenkins,Teven Jenkins,Tytus Howard,C Elgton Jenkins (AT RISK) | RG Teven Jenkins (UNAVAILABLE) | RT Tytus Howard (AT RISK),True
2026-09-30T01:08:17+00:00,2026-09-29T13:59:18Z,GB,73.1,DEGRADED,3,1,1,-0.36,-0.65,Jordan Morgan,Aaron Banks,Sean Rhyan,Jacob Monk,Anthony Belton,LG Aaron Banks (UNAVAILABLE) | RG Jacob Monk (AT RISK),True
2026-09-30T01:08:17+00:00,2026-09-29T13:59:18Z,ATL,73.3,DEGRADED,2,3,0,-0.58,-0.51,Jake Matthews,Matthew Bergeron,Ryan Neuzil,Chris Lindstrom,Jawaan Taylor,LT Jake Matthews (AT RISK) | C Ryan Neuzil (AT RISK) | RG Chris Lindstrom (AT RISK),True
2026-09-30T01:08:17+00:00,2026-09-29T13:59:18Z,NE,75.9,MINOR CONCERN,3,1,1,-0.45,-0.51,Will Campbell,Alijah Vera-Tucker,Jared Wilson,Greg Van Roten,Morgan Moses,RG Greg Van Roten (UNAVAILABLE) | RT Morgan Moses (LIMITED),True
2026-09-30T01:08:17+00:00,2026-09-29T13:59:18Z,BAL,77.8,MINOR CONCERN,4,0,1,-0.78,-0.24,Ronnie Stanley,John Simpson,Olaivavega Ioane,Emery Jones,Roger Rosengarten,LT Ronnie Stanley (UNAVAILABLE),True
2026-09-30T01:08:17+00:00,2026-09-29T13:59:18Z,KC,77.8,MINOR CONCERN,4,0,1,-0.78,-0.24,Josh Simmons,Kingsley Suamataia,Creed Humphrey,Trey Smith,Kahlil Benson,LT Josh Simmons (UNAVAILABLE),True
2026-09-30T01:08:17+00:00,2026-09-29T13:59:18Z,NYJ,81.5,MINOR CONCERN,4,0,1,-0.25,-0.45,Olu Fashanu,Dylan Parham,Josh Myers,Joe Tippmann,Armand Membou,LG Dylan Parham (UNAVAILABLE),True
2026-09-30T01:08:17+00:00,2026-09-29T13:59:18Z,TEN,81.5,MINOR CONCERN,4,0,1,-0.25,-0.45,Dan Moore,Peter Skoronski,Austin Schlottmann,Fernando Carmona,JC Latham,RG Fernando Carmona (UNAVAILABLE),True
2026-09-30T01:08:17+00:00,2026-09-29T13:59:18Z,CHI,90.0,HEALTHY,4,1,0,-0.35,-0.11,Braxton Jones,Joe Thuney,Garrett Bradbury,Jonah Jackson,Darnell Wright,LT Braxton Jones (AT RISK),True
2026-09-30T01:08:17+00:00,2026-09-29T13:59:18Z,HOU,90.0,HEALTHY,4,1,0,-0.35,-0.11,Aireontae Ersery,Keylan Rutledge,Evan Brown,Wyatt Teller,Trent Brown,RT Trent Brown (AT RISK),True
2026-09-30T01:08:17+00:00,2026-09-29T13:59:18Z,JAX,90.0,HEALTHY,4,1,0,-0.35,-0.11,Anton Harrison,Emmanuel Pregnon,Robert Hainsey,Ezra Cleveland,Cole Van Lanen,LT Anton Harrison (AT RISK),True
2026-09-30T01:08:17+00:00,2026-09-29T13:59:18Z,MIN,90.0,HEALTHY,4,1,0,-0.35,-0.11,Christian Darrisaw,Donovan Jackson,Blake Brandel,Will Fries,Brian O'Neill,LT Christian Darrisaw (AT RISK),True
2026-09-30T01:08:17+00:00,2026-09-29T13:59:18Z,PIT,90.0,HEALTHY,4,1,0,-0.35,-0.11,Troy Fautanu,Mason McCormick,Zach Frazier,Brock Hoffman,Max Iheanachor,LT Troy Fautanu (AT RISK),True
2026-09-30T01:08:17+00:00,2026-09-29T13:59:18Z,SF,90.0,HEALTHY,4,1,0,-0.35,-0.11,Trent Williams,Connor Colby,Jake Brendel,Dominick Puni,Colton McKivitz,LT Trent Williams (AT RISK),True
2026-09-30T01:08:17+00:00,2026-09-29T13:59:18Z,ARI,91.7,HEALTHY,4,1,0,-0.11,-0.2,Paris Johnson,Isaac Seumalo,Hjalte Froholdt,Isaiah Adams,Elijah Wilkinson,RG Isaiah Adams (AT RISK),True
2026-09-30T01:08:17+00:00,2026-09-29T13:59:18Z,CAR,91.7,HEALTHY,4,1,0,-0.11,-0.2,Rasheed Walker,Damien Lewis,Luke Fortner,Robert Hunt,Monroe Freeling,LG Damien Lewis (AT RISK),True
2026-09-30T01:08:17+00:00,2026-09-29T13:59:18Z,LV,91.7,HEALTHY,4,1,0,-0.11,-0.2,Kolton Miller,Spencer Burford,Tyler Linderbaum,Jackson Powers-Johnson,DJ Glaze,RG Jackson Powers-Johnson (AT RISK),True
2026-09-30T01:08:17+00:00,2026-09-29T13:59:18Z,NYG,94.4,HEALTHY,4,1,0,-0.2,-0.06,Andrew Thomas,Jon Runyan,John Michael Schmitz,Francis Mauigoa,Jermaine Eluemunor,LT Andrew Thomas (LIMITED),True
2026-09-30T01:08:17+00:00,2026-09-29T13:59:18Z,BUF,100.0,HEALTHY,5,0,0,-0.0,-0.0,Dion Dawkins,Alec Anderson,Connor McGovern,O'Cyrus Torrence,Spencer Brown,none,True
2026-09-30T01:08:17+00:00,2026-09-29T13:59:18Z,CIN,100.0,HEALTHY,5,0,0,-0.0,-0.0,Orlando Brown,Dylan Fairchild,Ted Karras,Dalton Risner,Amarius Mims,none,True
2026-09-30T01:08:17+00:00,2026-09-29T13:59:18Z,DAL,100.0,HEALTHY,5,0,0,-0.0,-0.0,Tyler Guyton,T.J. Bass,Cooper Beebe,Tyler Booker,Terence Steele,none,True
2026-09-30T01:08:17+00:00,2026-09-29T13:59:18Z,DEN,100.0,HEALTHY,5,0,0,-0.0,-0.0,Garett Bolles,Ben Powers,Luke Wattenberg,Quinn Meinerz,Mike McGlinchey,none,True
2026-09-30T01:08:17+00:00,2026-09-29T13:59:18Z,DET,100.0,HEALTHY,5,0,0,-0.0,-0.0,Penei Sewell,Christian Mahogany,Juice Scruggs,Tate Ratledge,Blake Miller,none,True
2026-09-30T01:08:17+00:00,2026-09-29T13:59:18Z,IND,100.0,HEALTHY,5,0,0,-0.0,-0.0,Bernhard Raimann,Quenton Nelson,Tanor Bortolini,Matt Goncalves,Jalen Travis,none,True
2026-09-30T01:08:17+00:00,2026-09-29T13:59:18Z,LAC,100.0,HEALTHY,5,0,0,-0.0,-0.0,Rashawn Slater,Trevor Penning,Jake Slaughter,Cole Strange,Joe Alt,none,True
2026-09-30T01:08:17+00:00,2026-09-29T13:59:18Z,LAR,100.0,HEALTHY,5,0,0,-0.0,-0.0,Alaric Jackson,Steve Avila,Coleman Shelton,Kevin Dotson,Warren McClendon,none,True
2026-09-30T01:08:17+00:00,2026-09-29T13:59:18Z,MIA,100.0,HEALTHY,5,0,0,-0.0,-0.0,Patrick Paul,Kadyn Proctor,Aaron Brewer,Jonah Savaiinaea,Austin Jackson,none,True
2026-09-30T01:08:17+00:00,2026-09-29T13:59:18Z,NO,100.0,HEALTHY,5,0,0,-0.0,-0.0,Asim Richards,David Edwards,Erik McCoy,Cesar Ruiz,Taliese Fuaga,none,True
2026-09-30T01:08:17+00:00,2026-09-29T13:59:18Z,PHI,100.0,HEALTHY,5,0,0,-0.0,-0.0,Jordan Mailata,Cam Jurgens,Drew Kendall,Tyler Steen,Lane Johnson,none,True
2026-09-30T01:08:17+00:00,2026-09-29T13:59:18Z,SEA,100.0,HEALTHY,5,0,0,-0.0,-0.0,Charles Cross,Grey Zabel,Jalen Sundell,Christian Haynes,Abraham Lucas,none,True
2026-09-30T01:08:17+00:00,2026-09-29T13:59:18Z,TB,100.0,HEALTHY,5,0,0,-0.0,-0.0,Tristan Wirfs,Ben Bredeson,Graham Barton,Cody Mauch,Luke Goedeke,none,True
2026-09-30T01:08:17+00:00,2026-09-29T13:59:18Z,WAS,100.0,HEALTHY,5,0,0,-0.0,-0.0,Brandon Coleman,Chris Paul,Lucas Patrick,Nick Allegretti,Josh Conerly,none,True
