player_id,full_name,position,nfl_team,opponent_leagues,injury_status
11620,Rome Odunze,WR,CHI,2,
4217,George Kittle,TE,SF,2,
11632,Malik Nabers,WR,NYG,2,
12501,Matthew Golden,WR,GB,2,
8161,Malik Willis,QB,MIA,2,
9509,Bijan Robinson,RB,ATL,2,
12534,Kyle Monangai,RB,CHI,2,
11586,Blake Corum,RB,LAR,1,
12185,Spencer Shrader,K,IND,1,
13330,Kenyon Sadiq,TE,NYJ,1,Questionable
1466,Travis Kelce,TE,KC,1,
421,Matthew Stafford,QB,LAR,1,
4983,DJ Moore,WR,BUF,1,
6770,Joe Burrow,QB,CIN,1,
6801,Tee Higgins,WR,CIN,1,
8137,George Pickens,WR,DAL,1,
8228,Jaylen Warren,RB,PIT,1,
9221,Jahmyr Gibbs,RB,DET,1,
9224,Chase Brown,RB,CIN,1,
NE,New England Patriots,DEF,NE,1,
10213,Tre Tucker,WR,LV,1,
10229,Rashee Rice,WR,KC,1,
11563,Bo Nix,QB,DEN,1,
12455,Brashard Smith,RB,KC,1,
12471,DJ Giddens,RB,IND,1,
12474,Woody Marks,RB,HOU,1,
12476,Devin Neal,RB,MIN,1,
12492,Pat Bryant,WR,DEN,1,
12530,Travis Hunter,DB,JAX,1,
12545,Tyler Shough,QB,NO,1,
13477,Colbie Young,WR,CIN,1,Out
1479,Keenan Allen,WR,IND,1,Out
3271,Tyler Higbee,TE,LAR,1,
4199,Aaron Jones,RB,MIN,1,
4993,Mike Gesicki,TE,CIN,1,
6803,Brandon Aiyuk,WR,SF,1,DNR
7588,Javonte Williams,RB,DAL,1,
7828,Noah Gray,TE,KC,1,
8111,Cade Otton,TE,TB,1,
8121,Romeo Doubs,WR,NE,1,
8138,James Cook,RB,BUF,1,
8144,Chris Olave,WR,NO,1,
8154,Brian Robinson,RB,ATL,1,
8180,Jalen Nailor,WR,LV,1,
8698,Jake Tonges,TE,SF,1,IR
11584,Bucky Irving,RB,TB,1,
11589,Trey Benson,RB,ARI,1,IR
11600,Ja'Tavion Sanders,TE,CAR,1,
11631,Brian Thomas,WR,JAX,1,
11643,Jaylen Wright,RB,MIA,1,
12500,Quinn Ewers,QB,JAX,1,
12508,Jaxson Dart,QB,NYG,1,IR
12510,Jalen Milroe,QB,SEA,1,
12522,Cam Ward,QB,TEN,1,
12547,Kyle Williams,WR,NE,1,
13333,Deion Burks,WR,IND,1,
13348,J'Mari Taylor,RB,JAX,1,
13403,Jam Miller,RB,,1,
2306,Jameis Winston,QB,NYG,1,
5012,Mark Andrews,TE,BAL,1,
6783,Jerry Jeudy,WR,CLE,1,
6826,Cole Kmet,TE,CHI,1,
7569,Nico Collins,WR,HOU,1,
8131,Isaiah Likely,TE,NYG,1,
8134,Khalil Shakir,WR,BUF,1,
8210,Chig Okonkwo,TE,WAS,1,
9225,Tank Bigsby,RB,PHI,1,
9487,Parker Washington,WR,JAX,1,
9758,C.J. Stroud,QB,HOU,1,
10859,Sam LaPorta,TE,DET,1,
11687,Edgerrin Cooper,LB,GB,1,Questionable
13293,Ja'Kobi Lane,WR,BAL,1,IR
167,Tom Brady,QB,,1,
4046,Patrick Mahomes,QB,KC,1,
5001,Dalton Schultz,TE,HOU,1,
5816,Nick Bosa,DE,SF,1,Out
5846,DK Metcalf,WR,PIT,1,
5927,Terry McLaurin,WR,WAS,1,Doubtful
6786,CeeDee Lamb,WR,DAL,1,
6806,J.K. Dobbins,RB,DEN,1,
7594,Chuba Hubbard,RB,CAR,1,
8150,Kyren Williams,RB,LAR,1,
8155,Breece Hall,RB,NYJ,1,Out
8259,Cameron Dicker,K,LAC,1,
8339,Kyle Hamilton,DB,BAL,1,
