snapshot_utc,league_id,user_id,display_name,team_name,is_owner,avatar
2026-08-31T17:37:18+00:00,1389740418316374016,594991759398850560,JPizzleTheMac,Mac Daddys,False,320f9195b391718105e27b8cc9d40277
2026-08-31T17:37:18+00:00,1389740418316374016,779583277362245632,Blatzzy,Pinkman,True,b319fdf8b7b5b0359d3c78622ba4d70c
2026-08-31T17:37:18+00:00,1389740418316374016,996104610009952256,bfmirr,The Herban Legends,False,b3338675f635c2c1f42b469621d38ec6
2026-08-31T17:37:18+00:00,1389740418316374016,996120449870385152,Voltinus,Purdy Cooked,False,15d7cf259bc30eab8f6120f45f652fb6
2026-08-31T17:37:18+00:00,1389740418316374016,996120627872493568,Felici42,Team feliciano,False,b319fdf8b7b5b0359d3c78622ba4d70c
2026-08-31T17:37:18+00:00,1389740418316374016,996128808304558080,Yurtty,Hurts Locker,False,89318c950a38413ef13648acf0638f78
2026-08-31T17:37:18+00:00,1389740418316374016,996322180944277504,BennDerova,My Step-Burrow Is Brown,False,15d7cf259bc30eab8f6120f45f652fb6
2026-08-31T17:37:18+00:00,1389740418316374016,997245852273930240,Aberm01,Felic loves jared,False,8eb8f8bf999945d523f2c4033f70473e
2026-08-31T17:37:18+00:00,1389740418316374016,1008988929109843968,DavidsFortune,Downs Kids,False,b3338675f635c2c1f42b469621d38ec6
2026-08-31T17:37:18+00:00,1389740418316374016,1262108133212311552,pumorris,Sutton My Face,False,7d07c3b0c36e848942f20dc7f9c1ab9a
2026-08-31T17:37:18+00:00,1370453762442797056,609154836893601792,Stutterboyzzzz,,False,
2026-08-31T17:37:18+00:00,1370453762442797056,739882929580335104,michaelbtaylor10,W,False,94518e49023ec036226fc92648792141
2026-08-31T17:37:18+00:00,1370453762442797056,770802446909222912,zthompson1533,,False,73a0b1b438b4ab4e42214a2aa28bc35b
2026-08-31T17:37:18+00:00,1370453762442797056,779583277362245632,Blatzzy,Masta’s,True,b319fdf8b7b5b0359d3c78622ba4d70c
2026-08-31T17:37:18+00:00,1370453762442797056,779583497248550912,manson1,Step burrow ,False,6b73e4fbf51742568178c095ccbd366a
2026-08-31T17:37:18+00:00,1370453762442797056,860386640982589440,taybasco,Beat me if gay,False,fce08e431ff4d785441b2f2772609044
2026-08-31T17:37:18+00:00,1370453762442797056,861663770647339008,jblatz,,False,b319fdf8b7b5b0359d3c78622ba4d70c
2026-08-31T17:37:18+00:00,1370453762442797056,996120627872493568,Felici42,,False,b319fdf8b7b5b0359d3c78622ba4d70c
2026-08-31T17:37:18+00:00,1370453762442797056,997317930117337088,burmanseth,Stefon Diggsin iybt,False,b319fdf8b7b5b0359d3c78622ba4d70c
2026-08-31T17:37:18+00:00,1370453762442797056,997348618057125888,JoeShiestysSock,,False,f9b5e4c70a134201cfd11ab88e628113
2026-08-31T17:37:18+00:00,1370453762442797056,1126612181929336832,cburt31,Survivor,False,f0edbf4278f53f9425db175073df6584
2026-08-31T17:37:18+00:00,1370453762442797056,1127380007921328128,ArogersAchilles,TeamSkatteboHeadbutt,False,e7af4deab0289b4f5505646424895246
2026-08-31T17:37:18+00:00,1370453762442797056,1128436496693874688,Saxis,Joe Burr-itos,False,e7af4deab0289b4f5505646424895246
2026-08-31T17:37:18+00:00,1370453762442797056,1135263834127753216,ReturnOfTheGhost,,False,b55d3d7f1c3a9eb505a4e9e8e3d38250
2026-08-31T17:37:18+00:00,1370453762442797056,1262823409977393152,2kyle,,False,c16f86edb4f6ee356af48e9edca95c68
2026-08-31T17:37:18+00:00,1370453762442797056,1264073315803217920,joshwat,,False,7572250c2fb084c434fed0e82229e183
2026-08-31T17:37:18+00:00,1370453762442797056,1265369037945184256,jared3942,,False,d55d1f7075eda01948318de4af616075
2026-08-31T17:37:18+00:00,1370453762442797056,1266474061580480512,tylercatlett1,,False,51385ba57cd089261f6de9ce483b8716
2026-08-31T17:37:18+00:00,1370218620990263296,214141231750443008,TmillerTMG,The J-Squad,False,58a6f64a56193aec96cd5c24db496768
2026-08-31T17:37:18+00:00,1370218620990263296,458310882858889216,RoboJVB,,False,
2026-08-31T17:37:18+00:00,1370218620990263296,725564023889817600,Shaboomaboom,,False,
2026-08-31T17:37:18+00:00,1370218620990263296,779583277362245632,Blatzzy,Nazgûl Nation,True,b319fdf8b7b5b0359d3c78622ba4d70c
2026-08-31T17:37:18+00:00,1370218620990263296,895461742359175168,sabatz,Sabatz,False,bf7329c6b9bb6b660ceeacd8246f5883
2026-08-31T17:37:18+00:00,1370218620990263296,978483609717858304,extraguacam,Sauron’s Commisioner,False,041b71dba0af1a1b0568217fe5b713fb
2026-08-31T17:37:18+00:00,1370218620990263296,998103180779155456,scarberryt,,False,d945568a93af5aa9ccbbc0ed7d0ae89a
2026-08-31T17:37:18+00:00,1370218620990263296,1087855749369339904,Jimb083,,False,2eefa36a36ef9515eb92c98955fc9823
2026-08-31T17:37:18+00:00,1370218620990263296,1225654710162182144,Spoonfed7,,False,7572250c2fb084c434fed0e82229e183
2026-08-31T17:37:18+00:00,1370218620990263296,1241249556683821056,sneekyn33ks,,False,d22e52781a5d7a94bcbf2aa70e748382
2026-08-31T17:37:18+00:00,1370218620990263296,1241276722213564416,Brandopoly,,False,d22e52781a5d7a94bcbf2aa70e748382
2026-08-31T17:37:18+00:00,1370218620990263296,1369507540269809664,AltoidGG,Average at Best,False,c26ebe78cf1155a40b55ff994726316d
2026-08-31T17:37:18+00:00,1366076769534251008,609154836893601792,Stutterboyzzzz,,False,
2026-08-31T17:37:18+00:00,1366076769534251008,770802446909222912,zthompson1533,,False,73a0b1b438b4ab4e42214a2aa28bc35b
2026-08-31T17:37:18+00:00,1366076769534251008,779583277362245632,Blatzzy,Route 66ers,True,b319fdf8b7b5b0359d3c78622ba4d70c
2026-08-31T17:37:18+00:00,1366076769534251008,779583497248550912,manson1,Manson,False,6b73e4fbf51742568178c095ccbd366a
2026-08-31T17:37:18+00:00,1366076769534251008,854202549119594496,GOOBERTON,,False,55885da7c90ce2e22e4d58d78ffff4f1
2026-08-31T17:37:18+00:00,1366076769534251008,861663770647339008,jblatz,,False,b319fdf8b7b5b0359d3c78622ba4d70c
2026-08-31T17:37:18+00:00,1366076769534251008,996120627872493568,Felici42,,False,b319fdf8b7b5b0359d3c78622ba4d70c
2026-08-31T17:37:18+00:00,1366076769534251008,1126612181929336832,cburt31,,False,f0edbf4278f53f9425db175073df6584
2026-08-31T17:37:18+00:00,1366076769534251008,1127380007921328128,ArogersAchilles,,False,e7af4deab0289b4f5505646424895246
2026-08-31T17:37:18+00:00,1366076769534251008,1128535741111402496,TheANT2,,False,ca248a632cd211a5c2085339da807645
2026-08-31T17:37:18+00:00,1359546418284494848,609154836893601792,Stutterboyzzzz,,False,
2026-08-31T17:37:18+00:00,1359546418284494848,770802446909222912,zthompson1533,,False,73a0b1b438b4ab4e42214a2aa28bc35b
2026-08-31T17:37:18+00:00,1359546418284494848,779583277362245632,Blatzzy,Lagrange 66ers,True,b319fdf8b7b5b0359d3c78622ba4d70c
2026-08-31T17:37:18+00:00,1359546418284494848,779583497248550912,manson1,Njigbas in paris,False,6b73e4fbf51742568178c095ccbd366a
2026-08-31T17:37:18+00:00,1359546418284494848,854202549119594496,GOOBERTON,,False,55885da7c90ce2e22e4d58d78ffff4f1
2026-08-31T17:37:18+00:00,1359546418284494848,860386640982589440,taybasco,League is rigged,False,fce08e431ff4d785441b2f2772609044
2026-08-31T17:37:18+00:00,1359546418284494848,861663770647339008,jblatz,,False,b319fdf8b7b5b0359d3c78622ba4d70c
2026-08-31T17:37:18+00:00,1359546418284494848,872239354578415616,liamblatz,,False,82aec8e811b839b8ec25d7b458afd57b
2026-08-31T17:37:18+00:00,1359546418284494848,1128436496693874688,Saxis,,False,e7af4deab0289b4f5505646424895246
2026-08-31T17:37:18+00:00,1359546418284494848,1129803532904914944,alenhart85,,False,4f4090e5e9c3941414db40a871e3e909
2026-08-31T17:37:18+00:00,1359546418284494848,1262823409977393152,2kyle,,False,c16f86edb4f6ee356af48e9edca95c68
2026-08-31T17:37:18+00:00,1359546418284494848,1266474061580480512,tylercatlett1,,False,51385ba57cd089261f6de9ce483b8716
