league_id,league,roster_id,team,is_my_roster,power_score,power_percentile,league_power_rank,season_power_confidence,raw_power_z,effective_power_z,injury_flags,depth_bonus,current_wins,current_losses,expected_wins,projected_seed,most_likely_seed,finish_range_low,finish_range_high,playoff_odds,schedule_strength,schedule_difficulty_percentile,schedule_label,schedule_coverage_pct
1389740418316374016,10-Team Redraft — Big Tiger Takeover,1,The Herban Legends,False,156.08,25.0,8,0.75,-0.999,-0.749,0,3.78,2.0,1.0,5.78,7.2,7,6,9,31.2,167.34,65.0,AVERAGE,100.0
1389740418316374016,10-Team Redraft — Big Tiger Takeover,2,Purdy Cooked,False,156.41,35.0,7,0.75,-0.968,-0.726,0,2.63,0.0,3.0,3.61,9.0,10,8,10,4.4,168.74,85.0,HARD,100.0
1389740418316374016,10-Team Redraft — Big Tiger Takeover,3,Jesus is God Amen!,False,173.14,55.0,5,0.75,0.603,0.453,0,4.73,3.0,0.0,9.69,2.7,1,1,4,98.4,165.32,15.0,EASY,100.0
1389740418316374016,10-Team Redraft — Big Tiger Takeover,4,Third Reich & Long,True,171.72,45.0,6,0.75,0.47,0.353,0,5.38,1.0,2.0,7.24,5.3,6,4,7,77.6,166.64,45.0,AVERAGE,100.0
1389740418316374016,10-Team Redraft — Big Tiger Takeover,5,Sutton My Face,False,153.14,15.0,9,0.75,-1.275,-0.956,0,5.51,2.0,1.0,5.34,7.8,8,7,9,18.8,167.68,75.0,HARD,100.0
1389740418316374016,10-Team Redraft — Big Tiger Takeover,6,My Step-Burrow Is Brown,False,176.5,85.0,2,0.75,0.919,0.689,1,5.9,1.0,2.0,8.06,3.8,4,2,5,92.7,166.18,35.0,AVERAGE,100.0
1389740418316374016,10-Team Redraft — Big Tiger Takeover,7,Hurts Locker,False,173.64,65.0,4,0.75,0.65,0.488,1,5.92,0.0,3.0,6.73,5.6,5,4,7,70.7,165.73,25.0,EASY,100.0
1389740418316374016,10-Team Redraft — Big Tiger Takeover,8,I got a fag qb,False,150.9,5.0,10,0.75,-1.485,-1.114,0,2.02,2.0,1.0,4.75,8.6,10,8,10,8.9,169.43,95.0,HARD,100.0
1389740418316374016,10-Team Redraft — Big Tiger Takeover,9,Downs Kids,False,174.37,75.0,3,0.75,0.719,0.539,1,4.7,2.0,1.0,9.13,2.9,2,1,4,98.0,163.35,5.0,EASY,100.0
1389740418316374016,10-Team Redraft — Big Tiger Takeover,10,Mac Daddys,False,181.25,95.0,1,0.75,1.365,1.024,0,5.61,2.0,1.0,9.66,2.1,1,1,3,99.1,166.74,55.0,AVERAGE,100.0
1370218620990263296,12-Team Dynasty — One League to Rule Them All,1,Sauron’s Commisioner,False,135.43,4.2,12,0.75,-1.856,-1.392,1,1.98,0.0,3.0,2.4,11.6,12,11,12,0.1,168.26,95.8,HARD,100.0
1370218620990263296,12-Team Dynasty — One League to Rule Them All,2,ASSton Martin ,False,165.84,54.2,6,0.75,0.019,0.015,1,3.5,1.0,2.0,6.56,6.9,6,5,9,44.4,165.5,45.8,AVERAGE,100.0
1370218620990263296,12-Team Dynasty — One League to Rule Them All,3,Nazgûl Nation,True,175.48,70.8,4,0.75,0.614,0.46,0,5.8,2.0,1.0,8.62,4.3,4,3,5,91.2,164.62,29.2,EASY,100.0
1370218620990263296,12-Team Dynasty — One League to Rule Them All,4,RoboJVB,False,159.28,37.5,8,0.75,-0.385,-0.289,2,2.87,2.0,1.0,6.77,7.0,8,5,9,39.4,166.09,62.5,AVERAGE,100.0
1370218620990263296,12-Team Dynasty — One League to Rule Them All,5,Average at Best,False,154.07,29.2,9,0.75,-0.706,-0.53,0,1.81,2.0,1.0,6.17,7.9,9,6,9,23.0,166.57,70.8,HARD,100.0
1370218620990263296,12-Team Dynasty — One League to Rule Them All,6,scarberryt,False,147.72,12.5,11,0.75,-1.098,-0.823,0,4.97,0.0,3.0,3.56,10.7,11,10,12,0.9,167.14,87.5,HARD,100.0
1370218620990263296,12-Team Dynasty — One League to Rule Them All,7,sneekyn33ks,False,184.48,79.2,3,0.75,1.169,0.877,1,3.64,3.0,0.0,10.58,2.4,2,1,3,99.4,163.8,20.8,EASY,100.0
1370218620990263296,12-Team Dynasty — One League to Rule Them All,8,Shaboomaboom,False,189.09,95.8,1,0.75,1.453,1.09,0,4.82,3.0,0.0,10.99,1.7,1,1,2,99.7,163.38,4.2,EASY,100.0
1370218620990263296,12-Team Dynasty — One League to Rule Them All,9,Spoonfed7,False,163.0,45.8,7,0.75,-0.156,-0.117,0,4.46,1.0,2.0,6.19,7.5,8,6,9,30.5,165.76,54.2,AVERAGE,100.0
1370218620990263296,12-Team Dynasty — One League to Rule Them All,10,JimmyJames2027,False,172.38,62.5,5,0.75,0.423,0.317,0,5.66,1.0,2.0,7.32,5.9,5,4,7,66.9,164.9,37.5,AVERAGE,100.0
1370218620990263296,12-Team Dynasty — One League to Rule Them All,11,The J-Squad,False,151.6,20.8,10,0.75,-0.859,-0.644,0,4.85,1.0,2.0,4.94,9.4,10,8,11,6.2,166.79,79.2,HARD,100.0
1370218620990263296,12-Team Dynasty — One League to Rule Them All,12,Sonic & Knuckles,False,187.94,87.5,2,0.75,1.382,1.037,0,3.64,2.0,1.0,9.91,2.8,2,2,4,98.3,163.49,12.5,EASY,100.0
1366076769534251008,10-Team Dynasty — Dynasty V2,1,Route 66ers,True,174.16,65.0,4,0.75,0.426,0.319,1,5.46,3.0,0.0,9.58,2.7,1,1,4,96.6,169.05,5.0,EASY,100.0
1366076769534251008,10-Team Dynasty — Dynasty V2,2,cburt31,False,162.82,15.0,9,0.75,-1.094,-0.82,0,4.95,1.0,2.0,4.29,8.7,9,9,9,3.0,172.71,85.0,HARD,100.0
1366076769534251008,10-Team Dynasty — Dynasty V2,3,Jesus is God Amen!,False,171.67,35.0,7,0.75,0.092,0.069,0,5.49,2.0,1.0,7.43,5.6,8,4,8,60.8,171.5,75.0,HARD,100.0
1366076769534251008,10-Team Dynasty — Dynasty V2,4,ArogersAchilles,False,171.27,25.0,8,0.75,0.039,0.029,1,5.33,2.0,1.0,7.72,5.5,8,4,7,62.3,169.77,15.0,EASY,100.0
1366076769534251008,10-Team Dynasty — Dynasty V2,5,jblatz,False,173.36,45.0,6,0.75,0.319,0.239,0,7.41,1.0,2.0,7.13,5.8,8,4,8,57.3,170.3,35.0,AVERAGE,100.0
1366076769534251008,10-Team Dynasty — Dynasty V2,6,zthompson1533,False,176.67,85.0,2,0.75,0.762,0.572,1,5.76,1.0,2.0,7.62,4.6,4,3,7,78.6,171.26,65.0,AVERAGE,100.0
1366076769534251008,10-Team Dynasty — Dynasty V2,7,Manson,False,173.97,55.0,5,0.75,0.4,0.3,0,4.71,1.0,2.0,7.08,5.7,7,4,8,60.3,171.22,55.0,AVERAGE,100.0
1366076769534251008,10-Team Dynasty — Dynasty V2,8,Stutterboyzzzz,False,174.23,75.0,3,0.75,0.435,0.326,0,5.47,2.0,1.0,8.15,4.1,3,2,6,83.9,171.02,45.0,AVERAGE,100.0
1366076769534251008,10-Team Dynasty — Dynasty V2,9,TheANT2,False,152.25,5.0,10,0.75,-2.51,-1.883,0,4.86,0.0,3.0,1.52,9.9,10,10,10,0.0,173.0,95.0,HARD,100.0
1366076769534251008,10-Team Dynasty — Dynasty V2,10,GOOBERTON,False,179.42,95.0,1,0.75,1.131,0.848,1,5.19,2.0,1.0,9.49,2.3,1,1,3,97.1,169.99,25.0,EASY,100.0
1359546418284494848,12-Team 2-Keeper — League Is Rigged V2,1,Third Reich & Long,True,195.13,70.8,4,0.75,0.699,0.524,0,5.83,1.0,2.0,7.73,5.4,6,3,7,69.7,187.45,29.2,EASY,100.0
1359546418284494848,12-Team 2-Keeper — League Is Rigged V2,2,Stutterboyzzzz,False,186.06,37.5,8,0.75,-0.202,-0.151,0,3.82,0.0,3.0,5.09,9.1,10,8,10,6.7,188.28,62.5,AVERAGE,100.0
1359546418284494848,12-Team 2-Keeper — League Is Rigged V2,3,Njigbas in paris,False,193.19,62.5,5,0.75,0.506,0.38,0,2.77,2.0,1.0,8.4,4.7,4,3,7,79.5,187.63,37.5,AVERAGE,100.0
1359546418284494848,12-Team 2-Keeper — League Is Rigged V2,4,jblatz,False,198.81,87.5,2,0.75,1.064,0.798,0,6.37,3.0,0.0,10.37,2.0,1,1,3,98.3,187.12,12.5,EASY,100.0
1359546418284494848,12-Team 2-Keeper — League Is Rigged V2,5,zthompson1533,False,192.27,54.2,6,0.75,0.415,0.311,1,2.35,2.0,1.0,8.21,5.1,5,3,7,72.8,187.71,45.8,AVERAGE,100.0
1359546418284494848,12-Team 2-Keeper — League Is Rigged V2,6,Daejon love #1 fan,False,180.83,29.2,9,0.75,-0.721,-0.541,1,3.64,2.0,1.0,6.2,8.1,8,7,10,17.2,188.75,70.8,HARD,100.0
1359546418284494848,12-Team 2-Keeper — League Is Rigged V2,7,GOOBERTON,False,168.75,4.2,12,0.75,-1.92,-1.44,2,2.84,1.0,2.0,3.3,11.2,12,11,12,0.1,189.85,95.8,HARD,100.0
1359546418284494848,12-Team 2-Keeper — League Is Rigged V2,8,2kyle,False,195.38,79.2,3,0.75,0.724,0.543,0,6.83,2.0,1.0,8.79,3.8,3,2,5,88.8,187.43,20.8,EASY,100.0
1359546418284494848,12-Team 2-Keeper — League Is Rigged V2,9,liamblatz,False,203.38,95.8,1,0.75,1.518,1.138,2,5.08,1.0,2.0,9.1,3.1,2,1,5,93.5,186.7,4.2,EASY,100.0
1359546418284494848,12-Team 2-Keeper — League Is Rigged V2,10,Brock Bottom,False,174.32,12.5,11,0.75,-1.367,-1.025,0,2.04,0.0,3.0,3.11,11.1,12,11,12,0.1,189.34,87.5,HARD,100.0
1359546418284494848,12-Team 2-Keeper — League Is Rigged V2,11,Joe-Burritos,False,190.67,45.8,7,0.75,0.256,0.192,2,5.31,2.0,1.0,7.92,5.6,7,4,7,62.3,187.86,54.2,AVERAGE,100.0
1359546418284494848,12-Team 2-Keeper — League Is Rigged V2,12,League is rigged,False,178.31,20.8,10,0.75,-0.971,-0.728,0,4.25,2.0,1.0,5.77,8.7,10,7,10,10.8,188.98,79.2,HARD,100.0
