season,week,league_id,league,roster_id,team,is_my_roster,our_projection,sleeper_projection,delta_our_minus_sleeper,sleeper_covered_starters,total_starters,sleeper_coverage_pct,sleeper_projection_is_partial,league_context_points,idp_points,usage_points,ol_points,weather_points,injury_ripple_points,return_points
2026,5,1359546418284494848,League Is Rigged V2,1,Third Reich & Long,True,193.98,157.58,36.4,11,11,100.0,False,4.1,0.0,8.92,-0.77,-0.29,0.35,0.0
2026,5,1359546418284494848,League Is Rigged V2,10,Brock Bottom,False,160.0,143.26,,10,11,90.9,True,1.2,-8.6,5.11,-0.69,-1.69,1.55,0.0
2026,5,1359546418284494848,League Is Rigged V2,11,Joe-Burritos,False,163.37,146.04,,10,11,90.9,True,2.3,-12.7,6.9,-0.18,-0.35,0.05,0.0
2026,5,1359546418284494848,League Is Rigged V2,12,League is rigged,False,180.81,163.46,17.35,11,11,100.0,False,3.0,2.98,6.87,-1.11,-1.2,1.78,0.0
2026,5,1359546418284494848,League Is Rigged V2,2,Stutterboyzzzz,False,155.79,149.23,6.56,11,11,100.0,False,1.6,-10.45,7.03,-0.22,-1.12,0.5,0.0
2026,5,1359546418284494848,League Is Rigged V2,3,Njigbas in paris,False,203.39,182.21,21.18,11,11,100.0,False,5.8,-15.0,8.52,-0.54,-1.84,0.03,0.0
2026,5,1359546418284494848,League Is Rigged V2,4,jblatz,False,194.84,179.38,15.46,11,11,100.0,False,5.2,1.55,5.52,-0.29,0.0,0.65,0.0
2026,5,1359546418284494848,League Is Rigged V2,5,zthompson1533,False,161.71,136.84,24.87,11,11,100.0,False,2.4,-10.05,6.5,-0.78,-1.55,0.46,0.0
2026,5,1359546418284494848,League Is Rigged V2,6,Daejon love #1 fan,False,169.76,150.67,19.09,11,11,100.0,False,3.6,-10.25,6.91,-0.47,0.0,0.23,0.0
2026,5,1359546418284494848,League Is Rigged V2,7,GOOBERTON,False,173.16,162.52,10.64,11,11,100.0,False,5.2,-18.3,7.51,-0.42,-1.31,1.05,0.0
2026,5,1359546418284494848,League Is Rigged V2,8,2kyle,False,196.41,167.89,,10,11,90.9,True,3.4,5.62,8.12,-0.76,-0.96,-0.2,0.0
2026,5,1359546418284494848,League Is Rigged V2,9,liamblatz,False,176.81,158.74,18.07,11,11,100.0,False,2.3,-11.71,6.91,-0.53,0.0,1.39,0.0
2026,5,1366076769534251008,Dynasty V2,1,Route 66ers,True,158.88,148.21,10.67,9,9,100.0,False,5.1,0.0,7.02,-1.05,-1.9,1.5,0.0
2026,5,1366076769534251008,Dynasty V2,10,GOOBERTON,False,147.97,135.23,12.74,9,9,100.0,False,2.2,0.0,10.15,-1.02,-1.34,2.75,0.0
2026,5,1366076769534251008,Dynasty V2,2,cburt31,False,141.98,132.21,9.77,9,9,100.0,False,2.7,0.0,6.95,-0.77,0.0,0.89,0.0
2026,5,1366076769534251008,Dynasty V2,3,Jesus is God Amen!,False,154.87,146.6,8.27,9,9,100.0,False,1.8,0.0,8.51,-1.41,-0.63,0.0,0.0
2026,5,1366076769534251008,Dynasty V2,4,ArogersAchilles,False,169.63,157.52,12.11,9,9,100.0,False,7.0,0.0,8.52,-0.5,-3.41,0.5,0.0
2026,5,1366076769534251008,Dynasty V2,5,jblatz,False,163.73,152.19,11.54,9,9,100.0,False,3.9,0.0,8.77,-0.32,-1.49,0.68,0.0
2026,5,1366076769534251008,Dynasty V2,6,zthompson1533,False,153.89,141.51,12.38,9,9,100.0,False,4.6,0.0,8.53,-0.84,-0.14,0.23,0.0
2026,5,1366076769534251008,Dynasty V2,7,Manson,False,169.01,154.61,14.4,9,9,100.0,False,5.1,0.0,10.96,-0.91,-1.2,0.45,0.0
2026,5,1366076769534251008,Dynasty V2,8,Stutterboyzzzz,False,169.4,155.25,14.15,9,9,100.0,False,5.7,0.0,8.94,-1.09,-0.14,0.74,0.0
2026,5,1366076769534251008,Dynasty V2,9,TheANT2,False,103.41,98.61,,8,9,88.9,True,-0.1,0.0,6.09,-0.64,-1.48,0.5,0.0
2026,5,1370218620990263296,One League to Rule Them All,1,Sauron’s Commisioner,False,128.27,122.95,5.32,10,10,100.0,False,1.4,0.0,5.25,-0.82,-1.41,0.9,0.0
2026,5,1370218620990263296,One League to Rule Them All,10,JimmyJames2027,False,155.58,141.75,13.83,10,10,100.0,False,3.8,0.0,11.37,-0.73,-0.84,0.23,0.0
2026,5,1370218620990263296,One League to Rule Them All,11,The J-Squad,False,160.22,147.31,12.91,10,10,100.0,False,5.0,0.0,8.8,-1.56,-0.35,1.02,0.0
2026,5,1370218620990263296,One League to Rule Them All,12,Sonic & Knuckles,False,164.75,152.45,12.3,10,10,100.0,False,3.3,0.0,8.93,-0.74,-0.29,1.1,0.0
2026,5,1370218620990263296,One League to Rule Them All,2,ASSton Martin ,False,140.48,132.54,7.94,10,10,100.0,False,3.6,0.0,5.31,-1.76,-1.25,2.04,0.0
2026,5,1370218620990263296,One League to Rule Them All,3,Nazgûl Nation,True,154.73,140.18,14.55,10,10,100.0,False,4.5,0.0,9.74,-0.24,0.0,0.55,0.0
2026,5,1370218620990263296,One League to Rule Them All,4,RoboJVB,False,140.88,127.52,13.36,10,10,100.0,False,3.8,0.0,7.52,-0.68,-0.49,3.21,0.0
2026,5,1370218620990263296,One League to Rule Them All,5,Average at Best,False,131.3,121.47,,9,10,90.0,True,1.0,0.0,8.53,-1.47,-0.28,2.05,0.0
2026,5,1370218620990263296,One League to Rule Them All,6,scarberryt,False,138.84,133.41,5.43,10,10,100.0,False,-1.1,0.0,6.75,-1.78,-1.62,3.18,0.0
2026,5,1370218620990263296,One League to Rule Them All,7,sneekyn33ks,False,162.53,152.41,10.12,10,10,100.0,False,3.7,0.0,10.81,-0.91,-3.36,-0.12,0.0
2026,5,1370218620990263296,One League to Rule Them All,8,Shaboomaboom,False,179.79,165.51,14.28,10,10,100.0,False,4.4,0.0,11.36,-1.13,-0.35,0.0,0.0
2026,5,1370218620990263296,One League to Rule Them All,9,Spoonfed7,False,141.85,129.96,11.89,10,10,100.0,False,1.4,0.0,10.13,-0.24,-1.34,1.94,0.0
2026,5,1370453762442797056,Surviving the Chamber,1,Third Reich & Long,True,180.79,160.88,19.91,9,9,100.0,False,4.5,0.0,9.32,-0.81,-0.35,1.7,5.55
2026,5,1370453762442797056,Surviving the Chamber,10,joshwat,False,0.0,0.0,,0,9,0.0,True,0.0,0.0,0.0,0.0,0.0,0.0,0.0
2026,5,1370453762442797056,Surviving the Chamber,11,JoeShiestysSock,False,120.91,106.32,,7,9,77.8,True,1.5,0.0,7.31,-0.49,-0.35,0.68,7.05
2026,5,1370453762442797056,Surviving the Chamber,12,Stefon Diggsin iybt,False,160.95,150.5,10.45,9,9,100.0,False,4.5,0.0,6.91,-1.22,-0.28,0.54,0.07
2026,5,1370453762442797056,Surviving the Chamber,13,Beat me if gay,False,154.3,143.87,10.43,9,9,100.0,False,3.4,0.0,8.12,-1.17,-1.55,1.63,0.0
2026,5,1370453762442797056,Surviving the Chamber,14,jared3942,False,0.0,0.0,,0,9,0.0,True,0.0,0.0,0.0,0.0,0.0,0.0,0.0
2026,5,1370453762442797056,Surviving the Chamber,15,TeamSkatteboHeadbutt,False,166.79,142.55,24.24,9,9,100.0,False,1.3,0.0,3.25,-1.31,-2.84,0.18,26.34
2026,5,1370453762442797056,Surviving the Chamber,16,ReturnOfTheGhost,False,146.91,135.16,11.75,9,9,100.0,False,1.6,0.0,7.72,-0.18,-1.2,0.28,4.65
2026,5,1370453762442797056,Surviving the Chamber,17,Jesus is God Amen!,False,107.09,99.19,,7,9,77.8,True,0.4,0.0,7.31,-0.34,-0.29,0.88,0.0
2026,5,1370453762442797056,Surviving the Chamber,18,tylercatlett1,False,0.0,0.0,,0,9,0.0,True,0.0,0.0,0.0,0.0,0.0,0.0,0.0
2026,5,1370453762442797056,Surviving the Chamber,2,Fruit cake williams & co,False,154.74,143.01,11.73,9,9,100.0,False,2.1,0.0,7.15,-0.43,-0.14,-0.2,3.25
2026,5,1370453762442797056,Surviving the Chamber,3,Survivor,False,150.55,145.47,5.08,9,9,100.0,False,0.7,0.0,4.87,-1.04,0.0,0.55,0.0
2026,5,1370453762442797056,Surviving the Chamber,4,chop slop,False,155.16,144.96,10.2,9,9,100.0,False,4.1,0.0,7.3,-0.49,-0.35,0.03,0.12
2026,5,1370453762442797056,Surviving the Chamber,5,jblatz,False,0.0,0.0,,0,9,0.0,True,0.0,0.0,0.0,0.0,0.0,0.0,0.0
2026,5,1370453762442797056,Surviving the Chamber,6,zthompson1533,False,133.32,127.6,5.72,9,9,100.0,False,2.2,0.0,6.51,-0.31,-3.5,1.05,0.04
2026,5,1370453762442797056,Surviving the Chamber,7,W,False,146.22,137.13,9.09,9,9,100.0,False,2.2,0.0,6.74,-0.43,-0.28,0.45,2.13
2026,5,1370453762442797056,Surviving the Chamber,8,Joe Burr-itos,False,149.96,141.78,8.18,9,9,100.0,False,2.8,0.0,7.29,-1.04,-0.42,-0.45,0.0
2026,5,1370453762442797056,Surviving the Chamber,9,Stutterboyzzzz,False,158.45,146.88,11.57,9,9,100.0,False,5.7,0.0,7.11,-1.25,-1.45,1.55,0.05
2026,5,1389740418316374016,Big Tiger Takeover,1,The Herban Legends,False,143.1,136.45,6.65,10,10,100.0,False,2.9,0.0,6.49,-0.55,-2.44,0.25,0.0
2026,5,1389740418316374016,Big Tiger Takeover,10,Mac Daddys,False,168.63,157.22,11.41,10,10,100.0,False,0.8,0.0,9.74,-0.28,-0.29,1.8,0.0
2026,5,1389740418316374016,Big Tiger Takeover,2,Purdy Cooked,False,146.73,136.22,10.51,10,10,100.0,False,4.0,0.0,8.13,0.0,-1.2,0.0,0.0
2026,5,1389740418316374016,Big Tiger Takeover,3,Jesus is God Amen!,False,173.06,163.66,9.4,10,10,100.0,False,5.2,0.0,8.52,-1.05,-3.1,0.19,0.0
2026,5,1389740418316374016,Big Tiger Takeover,4,Third Reich & Long,True,150.65,138.55,12.1,10,10,100.0,False,4.0,0.0,6.51,-1.08,-0.63,3.3,0.0
2026,5,1389740418316374016,Big Tiger Takeover,5,Sutton My Face,False,141.96,130.72,11.24,10,10,100.0,False,3.3,0.0,8.54,-1.1,-0.14,0.64,0.0
2026,5,1389740418316374016,Big Tiger Takeover,6,My Step-Burrow Is Brown,False,153.83,144.54,9.29,10,10,100.0,False,4.0,0.0,6.48,-0.87,-0.28,0.2,0.0
2026,5,1389740418316374016,Big Tiger Takeover,7,Hurts Locker,False,136.28,126.71,,9,10,90.0,True,3.5,0.0,6.35,-0.76,0.0,0.18,0.0
2026,5,1389740418316374016,Big Tiger Takeover,8,I got a fag qb,False,157.93,145.13,12.8,10,10,100.0,False,5.1,0.0,9.33,-0.88,-1.64,1.13,0.0
2026,5,1389740418316374016,Big Tiger Takeover,9,Downs Kids,False,163.67,147.95,15.72,10,10,100.0,False,5.7,0.0,11.34,-0.65,-0.96,0.65,0.0
