snapshot_utc,source_dt,sleeper_id,gsis_id,player,position,nfl_team,kr_rank,pr_rank,return_roles,offensive_depth_position,offensive_depth_rank,dual_role_offense_return,baseline_games,baseline_kr_yards,baseline_pr_yards,projected_kr_yards_per_game,projected_pr_yards_per_game,projected_return_td_per_game,projection_source,confidence,redraft_ecr,my_leagues,my_starting_leagues,free_agent_leagues,offensive_role_source,injury_status,practice_participation
2026-10-10T17:34:37+00:00,2026-10-10T13:32:40Z,11610,00-0039880,Malik Washington,WR,MIA,1,1,KR+PR,SWR,1,True,17,965.0,260.0,56.8,15.3,0.0,2025 weekly player stats,HIGH,150.0,10-Team Dynasty — Dynasty V2,,,Sleeper depth chart,,
2026-10-10T17:34:37+00:00,2026-10-10T13:32:40Z,8168,00-0038090,Skyy Moore,WR,GB,1,1,KR+PR,SWR,3,True,17,907.0,291.0,53.4,17.1,0.0,2025 weekly player stats,HIGH,,,,,Sleeper depth chart,,
2026-10-10T17:34:37+00:00,2026-10-10T13:32:40Z,12536,00-0040138,Jaylin Noel,WR,HOU,1,1,KR+PR,SWR,3,True,17,799.0,335.0,47.0,19.7,0.0,2025 weekly player stats,HIGH,170.5,,,,Sleeper depth chart,,
2026-10-10T17:34:37+00:00,2026-10-10T13:32:40Z,11577,00-0039746,Will Shipley,RB,PHI,1,,KR,RB,1,True,14,777.0,0.0,55.5,0.0,0.0,2025 weekly player stats,HIGH,215.6,10-Team Dynasty — Dynasty V2 | 10-Team Redraft — Big Tiger Takeover | 12-Team 2-Keeper — League Is Rigged V2 | 18-Team Chopped — Surviving the Chamber,10-Team Dynasty — Dynasty V2 | 10-Team Redraft — Big Tiger Takeover | 18-Team Chopped — Surviving the Chamber,,Sleeper depth chart,,
2026-10-10T17:34:37+00:00,2026-10-10T13:32:40Z,11570,00-0039796,Rasheen Ali,RB,BAL,1,,KR,RB,3,True,15,763.0,0.0,50.9,0.0,0.0,2025 weekly player stats,HIGH,,,,,Sleeper depth chart,,
2026-10-10T17:34:37+00:00,2026-10-10T13:32:40Z,11608,00-0039451,Isaiah Williams,WR,NYJ,2,1,KR+PR,SWR,2,True,15,837.0,396.0,19.5,26.4,0.0,2025 weekly player stats,HIGH,,18-Team Chopped — Surviving the Chamber,,,Sleeper depth chart,,
2026-10-10T17:34:37+00:00,2026-10-10T13:32:40Z,8676,00-0037545,Rashid Shaheed,WR,SEA,1,1,KR+PR,RWR,2,True,18,447.0,339.0,24.8,18.8,0.0,2025 weekly player stats,HIGH,140.5,,,,Sleeper depth chart,,
2026-10-10T17:34:37+00:00,2026-10-10T13:32:40Z,13264,00-0040785,Dohnte Meyers,WR,CIN,1,1,KR+PR,SWR,3,True,0,0.0,0.0,22.0,7.0,0.0,role-based fallback,MEDIUM,209.0,12-Team 2-Keeper — League Is Rigged V2 | 18-Team Chopped — Surviving the Chamber,,,Sleeper depth chart,,
2026-10-10T17:34:37+00:00,2026-10-10T13:32:40Z,5872,00-0035719,Deebo Samuel Sr.,WR,SF,1,,KR,SWR,2,True,16,452.0,0.0,28.2,0.0,0.0,2025 weekly player stats,HIGH,74.33,,,,Sleeper depth chart,,
2026-10-10T17:34:37+00:00,2026-10-10T13:32:40Z,3634,00-0032464,Kalif Raymond,WR,CHI,1,1,KR+PR,SWR,3,True,15,161.0,241.0,10.7,16.1,0.0,2025 weekly player stats,HIGH,153.67,10-Team Redraft — Big Tiger Takeover | 12-Team 2-Keeper — League Is Rigged V2,,,Sleeper depth chart,,
2026-10-10T17:34:37+00:00,2026-10-10T13:32:40Z,8154,00-0037746,Brian Robinson,RB,ATL,1,,KR,RB,2,True,17,378.0,0.0,22.2,0.0,0.0,2025 weekly player stats,HIGH,205.67,,,,Sleeper depth chart,,
2026-10-10T17:34:37+00:00,2026-10-10T13:32:40Z,9487,00-0038606,Parker Washington,WR,JAX,,1,PR,SWR,1,True,16,75.0,341.0,0.0,21.3,0.0,2025 weekly player stats,HIGH,28.33,12-Team Dynasty — One League to Rule Them All,12-Team Dynasty — One League to Rule Them All,,Sleeper depth chart,,
2026-10-10T17:34:37+00:00,2026-10-10T13:32:40Z,11616,00-0039365,Jacob Cowing,WR,SF,2,1,KR+PR,RWR,3,True,0,0.0,0.0,2.8,7.0,0.0,role-based fallback,MEDIUM,,,,,Sleeper depth chart,,
2026-10-10T17:34:37+00:00,2026-10-10T13:32:40Z,13298,00-0041547,KC Concepcion,WR,CLE,,1,PR,SWR,2,True,0,0.0,0.0,0.0,7.0,0.0,role-based fallback,MEDIUM,77.83,,,,Sleeper depth chart,,
2026-10-10T17:34:37+00:00,2026-10-10T13:32:40Z,13329,00-0040894,Malik Benson,WR,LV,,1,PR,SWR,3,True,0,0.0,0.0,0.0,7.0,0.0,role-based fallback,MEDIUM,313.0,,,,Sleeper depth chart,,
2026-10-10T17:34:37+00:00,2026-10-10T13:32:40Z,8150,00-0037840,Kyren Williams,RB,LAR,,1,PR,RB,1,True,17,0.0,8.0,0.0,0.5,0.0,2025 weekly player stats,HIGH,27.5,,,,Sleeper depth chart,,
2026-10-10T17:34:37+00:00,2026-10-10T13:32:40Z,11237,00-0038896,Jacob Saylors,RB,DET,2,,KR,RB,3,True,11,897.0,0.0,28.5,0.0,0.0,2025 weekly player stats,MEDIUM,323.5,,,,Sleeper depth chart,,
2026-10-10T17:34:37+00:00,2026-10-10T13:32:40Z,9757,00-0038551,Kendre Miller,RB,NO,2,,KR,RB,2,True,7,393.0,0.0,19.6,0.0,0.0,2025 weekly player stats,MEDIUM,254.83,10-Team Dynasty — Dynasty V2 | 12-Team Dynasty — One League to Rule Them All,,,Sleeper depth chart,,
2026-10-10T17:34:37+00:00,2026-10-10T13:32:40Z,11575,00-0039875,Ray Davis,RB,BUF,2,3,KR+PR,RB,3,True,17,943.0,0.0,19.4,0.0,0.0,2025 weekly player stats,MEDIUM,239.5,,,,Sleeper depth chart,,
2026-10-10T17:34:37+00:00,2026-10-10T13:32:40Z,9506,00-0038951,Sean Tucker,RB,TB,2,,KR,RB,3,True,17,597.0,0.0,12.3,0.0,0.0,2025 weekly player stats,MEDIUM,279.5,,,,Sleeper depth chart,,
2026-10-10T17:34:37+00:00,2026-10-10T13:32:40Z,12455,00-0040078,Brashard Smith,RB,KC,2,2,KR+PR,RB,3,True,17,481.0,68.0,9.9,1.4,0.0,2025 weekly player stats,MEDIUM,332.25,,,,Sleeper depth chart,,
2026-10-10T17:34:37+00:00,2026-10-10T13:32:40Z,4147,00-0033526,Samaje Perine,RB,CIN,2,,KR,RB,2,True,15,430.0,0.0,10.0,0.0,0.0,2025 weekly player stats,MEDIUM,263.83,12-Team Dynasty — One League to Rule Them All,,,Sleeper depth chart,,
2026-10-10T17:34:37+00:00,2026-10-10T13:32:40Z,8208,00-0037085,Tyler Badie,RB,DEN,2,,KR,RB,3,True,16,452.0,0.0,9.9,0.0,0.0,2025 weekly player stats,MEDIUM,,,,,Sleeper depth chart,,
2026-10-10T17:34:37+00:00,2026-10-10T13:32:40Z,12048,00-0039299,George Holani,RB,SEA,3,,KR,RB,2,True,10,387.0,0.0,5.8,0.0,0.0,2025 weekly player stats,MEDIUM,272.0,,,,Sleeper depth chart,Questionable,
2026-10-10T17:34:37+00:00,2026-10-10T13:32:40Z,12544,00-0040238,LeQuint Allen Jr.,RB,JAX,4,,KR,RB,3,True,16,617.0,0.0,5.8,0.0,0.0,2025 weekly player stats,MEDIUM,314.0,12-Team Dynasty — One League to Rule Them All,,,Sleeper depth chart,,
2026-10-10T17:34:37+00:00,2026-10-10T13:32:40Z,7567,00-0036919,Kenny Gainwell,RB,TB,3,,KR,RB,2,True,17,633.0,0.0,5.6,0.0,0.0,2025 weekly player stats,MEDIUM,170.0,,,,Sleeper depth chart,,
2026-10-10T17:34:37+00:00,2026-10-10T13:32:40Z,12490,00-0040719,Bhayshul Tuten,RB,JAX,3,,KR,RB,1,True,15,539.0,0.0,5.4,0.0,0.0,2025 weekly player stats,MEDIUM,51.33,,,,Sleeper depth chart,,
2026-10-10T17:34:37+00:00,2026-10-10T13:32:40Z,6271,00-0035208,Olamide Zaccheaus,WR,ATL,2,2,KR+PR,SWR,3,True,14,0.0,0.0,2.8,0.7,0.0,role-based fallback,LOW,340.33,,,,Sleeper depth chart,,
2026-10-10T17:34:37+00:00,2026-10-10T13:32:40Z,12543,00-0040208,Tahj Brooks,RB,CIN,3,,KR,RB,3,True,12,258.0,0.0,3.2,0.0,0.0,2025 weekly player stats,MEDIUM,360.0,,,,Sleeper depth chart,,
2026-10-10T17:34:37+00:00,2026-10-10T13:32:40Z,8147,00-0037614,John Metchie III,WR,CAR,2,2,KR+PR,LWR,3,True,13,120.0,0.0,3.2,0.0,0.0,2025 weekly player stats,MEDIUM,,,,,Sleeper depth chart,,
2026-10-10T17:34:37+00:00,2026-10-10T13:32:40Z,12489,00-0040730,RJ Harvey,RB,DEN,3,,KR,RB,2,True,17,353.0,0.0,3.1,0.0,0.0,2025 weekly player stats,MEDIUM,119.33,,,,Sleeper depth chart,,
2026-10-10T17:34:37+00:00,2026-10-10T13:32:40Z,11571,00-0039798,Isaiah Davis,RB,NYJ,3,,KR,RB,2,True,16,323.0,0.0,3.0,0.0,0.0,2025 weekly player stats,MEDIUM,303.83,,,,Sleeper depth chart,,
2026-10-10T17:34:37+00:00,2026-10-10T13:32:40Z,11643,00-0039874,Jaylen Wright,RB,MIA,2,,KR,RB,2,True,9,0.0,0.0,2.8,0.0,0.0,role-based fallback,LOW,225.17,,,,Sleeper depth chart,Questionable,
2026-10-10T17:34:37+00:00,2026-10-10T13:32:40Z,5995,00-0034975,Justice Hill,RB,BAL,3,,KR,RB,2,True,10,188.0,0.0,2.8,0.0,0.0,2025 weekly player stats,MEDIUM,281.0,12-Team Dynasty — One League to Rule Them All,,,Sleeper depth chart,,
2026-10-10T17:34:37+00:00,2026-10-10T13:32:40Z,4663,00-0033699,Austin Ekeler,RB,WAS,2,,KR,RB,3,True,2,0.0,0.0,2.8,0.0,0.0,role-based fallback,LOW,282.67,,,,Sleeper depth chart,,
2026-10-10T17:34:37+00:00,2026-10-10T13:32:40Z,13347,00-0041104,Demond Claiborne,RB,MIN,2,,KR,RB,2,True,0,0.0,0.0,2.8,0.0,0.0,role-based fallback,LOW,289.33,,,,Sleeper depth chart,,
2026-10-10T17:34:37+00:00,2026-10-10T13:32:40Z,6130,00-0035250,Devin Singletary,RB,NYG,4,,KR,RB,3,True,17,313.0,0.0,2.8,0.0,0.0,2025 weekly player stats,MEDIUM,294.8,,,,Sleeper depth chart,,
2026-10-10T17:34:37+00:00,2026-10-10T13:32:40Z,13315,00-0041415,Dean Connors,RB,LAR,2,,KR,RB,3,True,0,0.0,0.0,2.8,0.0,0.0,role-based fallback,LOW,,,,,Sleeper depth chart,,
2026-10-10T17:34:37+00:00,2026-10-10T13:32:40Z,7594,00-0036555,Chuba Hubbard,RB,CAR,3,4,KR+PR,RB,1,True,15,233.0,0.0,2.3,0.0,0.0,2025 weekly player stats,MEDIUM,50.5,10-Team Dynasty — Dynasty V2,,,Sleeper depth chart,,
2026-10-10T17:34:37+00:00,2026-10-10T13:32:40Z,6039,00-0035537,Ty Johnson,RB,BUF,3,,KR,RB,2,True,17,240.0,0.0,2.1,0.0,0.0,2025 weekly player stats,MEDIUM,323.6,,,,Sleeper depth chart,,
2026-10-10T17:34:37+00:00,2026-10-10T13:32:40Z,12491,00-0040556,Corey Kiner,RB,NE,2,,KR,RB,3,True,4,22.0,0.0,1.9,0.0,0.0,2025 weekly player stats,MEDIUM,,,,,Sleeper depth chart,,
2026-10-10T17:34:37+00:00,2026-10-10T13:32:40Z,9500,00-0038997,Josh Downs,WR,IND,,2,PR,SWR,1,True,16,0.0,68.0,0.0,1.5,0.0,2025 weekly player stats,MEDIUM,63.83,12-Team Dynasty — One League to Rule Them All,,,Sleeper depth chart,,
2026-10-10T17:34:37+00:00,2026-10-10T13:32:40Z,8134,00-0037261,Khalil Shakir,WR,BUF,,4,PR,SWR,2,True,16,0.0,124.0,0.0,1.2,0.0,2025 weekly player stats,MEDIUM,98.67,,,,Sleeper depth chart,,
2026-10-10T17:34:37+00:00,2026-10-10T13:32:40Z,8121,00-0037816,Romeo Doubs,WR,NE,,4,PR,RWR,1,True,16,0.0,94.0,0.0,0.9,0.0,2025 weekly player stats,MEDIUM,87.67,,,,Sleeper depth chart,,
2026-10-10T17:34:37+00:00,2026-10-10T13:32:40Z,10232,00-0038559,Michael Wilson,WR,ARI,,2,PR,RWR,1,True,17,0.0,0.0,0.0,0.7,0.0,role-based fallback,LOW,60.17,,,,Sleeper depth chart,,
2026-10-10T17:34:37+00:00,2026-10-10T13:32:40Z,13294,00-0040867,Makai Lemon,WR,PHI,,2,PR,SWR,2,True,0,0.0,0.0,0.0,0.7,0.0,role-based fallback,LOW,95.33,,,,Sleeper depth chart,,
2026-10-10T17:34:37+00:00,2026-10-10T13:32:40Z,9501,00-0038621,DeMario Douglas,WR,NE,,2,PR,SWR,2,True,16,0.0,0.0,0.0,0.7,0.0,role-based fallback,LOW,250.0,,,,Sleeper depth chart,,
2026-10-10T17:34:37+00:00,2026-10-10T13:32:40Z,13338,00-0041529,Kevin Coleman Jr.,WR,MIA,,2,PR,SWR,3,True,0,0.0,0.0,0.0,0.7,0.0,role-based fallback,LOW,266.2,,,,Sleeper depth chart,,
2026-10-10T17:34:37+00:00,2026-10-10T13:32:40Z,11729,00-0039364,Sione Vaki,RB,DET,3,,KR,RB,2,True,8,39.0,0.0,0.7,0.0,0.0,2025 weekly player stats,MEDIUM,318.5,,,,Sleeper depth chart,,
2026-10-10T17:34:37+00:00,2026-10-10T13:32:40Z,11630,00-0039739,Roman Wilson,WR,PIT,3,2,KR+PR,SWR,2,True,9,0.0,0.0,0.0,0.7,0.0,role-based fallback,LOW,,,,,Sleeper depth chart,,
2026-10-10T17:34:37+00:00,2026-10-10T13:32:40Z,8119,00-0037741,Jahan Dotson,WR,ATL,,3,PR,RWR,2,True,15,0.0,48.0,0.0,0.5,0.0,2025 weekly player stats,MEDIUM,275.6,,,,Sleeper depth chart,,
2026-10-10T17:34:37+00:00,2026-10-10T13:32:40Z,13287,00-0041027,Jeremiyah Love,RB,ARI,3,,KR,RB,1,True,0,0.0,0.0,0.0,0.0,0.0,role-based fallback,LOW,31.67,12-Team 2-Keeper — League Is Rigged V2,12-Team 2-Keeper — League Is Rigged V2,,Sleeper depth chart,,
2026-10-10T17:34:37+00:00,2026-10-10T13:32:40Z,13346,00-0041037,Denzel Boston,WR,CLE,,3,PR,LWR,1,True,0,0.0,0.0,0.0,0.0,0.0,role-based fallback,LOW,71.83,10-Team Redraft — Big Tiger Takeover,10-Team Redraft — Big Tiger Takeover,,Sleeper depth chart,,
2026-10-10T17:34:37+00:00,2026-10-10T13:32:40Z,11624,00-0039894,Xavier Worthy,WR,KC,3,,KR,RWR,2,True,14,0.0,0.0,0.0,0.0,0.0,2025 weekly player stats,MEDIUM,97.83,,,,Sleeper depth chart,,
2026-10-10T17:34:37+00:00,2026-10-10T13:32:40Z,7021,00-0036139,Rico Dowdle,RB,PIT,,3,PR,RB,2,True,17,197.0,0.0,0.0,0.0,0.0,2025 weekly player stats,MEDIUM,153.67,,,,Sleeper depth chart,Questionable,
2026-10-10T17:34:37+00:00,2026-10-10T13:32:40Z,12474,00-0040583,Woody Marks,RB,HOU,4,,KR,RB,2,True,16,0.0,0.0,0.0,0.0,0.0,role-based fallback,LOW,164.5,10-Team Dynasty — Dynasty V2,,,Sleeper depth chart,,
2026-10-10T17:34:37+00:00,2026-10-10T13:32:40Z,13337,00-0041013,Emmett Johnson,RB,KC,4,,KR,RB,2,True,0,0.0,0.0,0.0,0.0,0.0,role-based fallback,LOW,166.17,10-Team Dynasty — Dynasty V2,,,Sleeper depth chart,,
2026-10-10T17:34:37+00:00,2026-10-10T13:32:40Z,12542,00-0040563,Efton Chism III,WR,NE,,3,PR,SWR,3,True,8,383.0,0.0,0.0,0.0,0.0,2025 weekly player stats,MEDIUM,221.0,,,,Sleeper depth chart,,
2026-10-10T17:34:37+00:00,2026-10-10T13:32:40Z,10218,00-0038618,Xavier Hutchinson,WR,HOU,5,,KR,LWR,2,True,16,0.0,0.0,0.0,0.0,0.0,role-based fallback,LOW,280.6,,,,Sleeper depth chart,,
2026-10-10T17:34:37+00:00,2026-10-10T13:32:40Z,13424,00-0041125,Seth McGowan,RB,IND,3,,KR,RB,2,True,0,0.0,0.0,0.0,0.0,0.0,role-based fallback,LOW,282.5,,,,Sleeper depth chart,,
2026-10-10T17:34:37+00:00,2026-10-10T13:32:40Z,12471,00-0040179,DJ Giddens,RB,IND,5,,KR,RB,3,True,5,0.0,0.0,0.0,0.0,0.0,role-based fallback,LOW,320.8,,,,Sleeper depth chart,,
2026-10-10T17:34:37+00:00,2026-10-10T13:32:40Z,8135,00-0037742,Treylon Burks,WR,WAS,,2,PR,RWR,3,True,8,22.0,0.0,0.0,0.0,0.0,2025 weekly player stats,MEDIUM,352.0,,,,Sleeper depth chart,,
2026-10-10T17:34:37+00:00,2026-10-10T13:32:40Z,8116,00-0038098,Pierre Strong,RB,GB,3,,KR,RB,3,True,0,0.0,0.0,0.0,0.0,0.0,role-based fallback,LOW,,,,,Sleeper depth chart,,
2026-10-10T17:34:37+00:00,2026-10-10T13:32:40Z,8917,00-0037801,KaVontae Turpin,WR,DAL,1,1,KR+PR,,,False,15,1814.0,55.0,120.9,3.7,0.0,2025 weekly player stats,HIGH,,,,,none detected,,
2026-10-10T17:34:37+00:00,2026-10-10T13:32:40Z,12540,00-0040705,Chimere Dike,WR,TEN,1,1,KR+PR,,,False,17,1588.0,398.0,93.4,23.4,0.0,2025 weekly player stats,HIGH,281.4,,,,none detected,,
2026-10-10T17:34:37+00:00,2026-10-10T13:32:40Z,13075,00-0040506,Myles Price,WR,MIN,1,1,KR+PR,,,False,16,1479.0,298.0,92.4,18.6,0.0,2025 weekly player stats,HIGH,,18-Team Chopped — Surviving the Chamber,,,none detected,,
2026-10-10T17:34:37+00:00,2026-10-10T13:32:40Z,10228,00-0038576,Charlie Jones,WR,NYG,1,1,KR+PR,,,False,14,1084.0,115.0,77.4,8.2,0.0,2025 weekly player stats,HIGH,,,,,none detected,,
2026-10-10T17:34:37+00:00,2026-10-10T13:32:40Z,5970,00-0035500,Greg Dortch,WR,BUF,1,1,KR+PR,,,False,12,811.0,185.0,67.6,15.4,0.0,2025 weekly player stats,HIGH,,,,,none detected,,
2026-10-10T17:34:37+00:00,2026-10-10T13:32:40Z,6588,00-0035544,Tom Kennedy,WR,DET,1,1,KR+PR,,,False,6,447.0,50.0,74.5,8.3,0.0,2025 weekly player stats,HIGH,,,,,none detected,,
2026-10-10T17:34:37+00:00,2026-10-10T13:32:40Z,6847,00-0036331,Devin Duvernay,WR,ARI,1,1,KR+PR,,,False,17,1069.0,231.0,62.9,13.6,0.0,2025 weekly player stats,HIGH,,,,,none detected,,
2026-10-10T17:34:37+00:00,2026-10-10T13:32:40Z,9494,00-0038976,Marvin Mims Jr.,WR,DEN,1,1,KR+PR,,,False,15,658.0,452.0,43.9,30.1,0.0,2025 weekly player stats,HIGH,286.6,,,,none detected,,
2026-10-10T17:34:37+00:00,2026-10-10T13:32:40Z,11762,00-0039816,Anthony Gould,WR,IND,1,1,KR+PR,,,False,11,647.0,131.0,58.8,11.9,0.0,2025 weekly player stats,HIGH,,,,,none detected,,
2026-10-10T17:34:37+00:00,2026-10-10T13:32:40Z,11320,00-0038519,Nikko Remigio,WR,KC,1,1,KR+PR,,,False,14,741.0,191.0,52.9,13.6,0.0,2025 weekly player stats,HIGH,,,,,none detected,,
2026-10-10T17:34:37+00:00,2026-10-10T13:32:40Z,7720,00-0036842,Kene Nwangwu,RB,NYJ,1,,KR,,,False,10,604.0,0.0,60.4,0.0,0.0,2025 weekly player stats,HIGH,,,,,none detected,,
2026-10-10T17:34:37+00:00,2026-10-10T13:32:40Z,11994,00-0039589,Kameron Johnson,WR,TB,1,1,KR+PR,,,False,17,685.0,291.0,40.3,17.1,0.0,2025 weekly player stats,HIGH,,,,,none detected,,
2026-10-10T17:34:37+00:00,2026-10-10T13:32:40Z,11574,00-0039407,Dylan Laube,RB,LV,1,2,KR+PR,,,False,17,855.0,0.0,50.3,0.0,0.0,2025 weekly player stats,HIGH,,,,,none detected,,
2026-10-10T17:34:37+00:00,2026-10-10T13:32:40Z,2359,00-0032104,Ameer Abdullah,RB,JAX,1,,KR,,,False,13,563.0,0.0,43.3,0.0,0.0,2025 weekly player stats,HIGH,,,,,none detected,,
2026-10-10T17:34:37+00:00,2026-10-10T13:32:40Z,11617,00-0039920,Malachi Corley,WR,CLE,1,,KR,,,False,12,492.0,0.0,41.0,0.0,0.0,2025 weekly player stats,HIGH,,,,,none detected,,
2026-10-10T17:34:37+00:00,2026-10-10T13:32:40Z,13533,00-0041099,Barion Brown,WR,NO,1,1,KR+PR,,,False,0,0.0,0.0,22.0,7.0,0.0,role-based fallback,MEDIUM,313.5,,,,none detected,Questionable,
2026-10-10T17:34:37+00:00,2026-10-10T13:32:40Z,13491,00-0041397,Kaden Wetjen,WR,PIT,1,1,KR+PR,,,False,0,0.0,0.0,22.0,7.0,0.0,role-based fallback,MEDIUM,,,,,none detected,,
2026-10-10T17:34:37+00:00,2026-10-10T13:32:40Z,11623,00-0039751,Jordan Whittington,WR,LAR,1,,KR,,,False,15,434.0,0.0,28.9,0.0,0.0,2025 weekly player stats,HIGH,,,,,none detected,,
2026-10-10T17:34:37+00:00,2026-10-10T13:32:40Z,8414,00-0037132,Britain Covey,WR,PHI,2,1,KR+PR,,,False,6,125.0,124.0,7.3,20.7,0.0,2025 weekly player stats,HIGH,,,,,none detected,,
2026-10-10T17:34:37+00:00,2026-10-10T13:32:40Z,8359,00-0037253,Marcus Jones,DB,NE,,1,PR,,,False,17,0.0,363.0,0.0,21.4,0.0,2025 weekly player stats,HIGH,,,,,none detected,,
2026-10-10T17:34:37+00:00,2026-10-10T13:32:40Z,12547,00-0040131,Kyle Williams,WR,NE,1,,KR,,,False,14,290.0,0.0,20.7,0.0,0.0,2025 weekly player stats,HIGH,263.0,,,,none detected,,
2026-10-10T17:34:37+00:00,2026-10-10T13:32:40Z,12699,00-0040075,LaJohntay Wester,WR,BAL,2,1,KR+PR,,,False,14,246.0,198.0,6.2,14.1,0.0,2025 weekly player stats,HIGH,,,,,none detected,,
2026-10-10T17:34:37+00:00,2026-10-10T13:32:40Z,11650,00-0039355,Luke McCaffrey,WR,WAS,3,1,KR+PR,,,False,9,769.0,0.0,12.8,0.0,0.0,2025 weekly player stats,HIGH,,,,,none detected,,
2026-10-10T17:34:37+00:00,2026-10-10T13:32:40Z,7587,00-0036626,Dyami Brown,WR,WAS,1,,KR,,,False,11,106.0,0.0,9.6,0.0,0.0,2025 weekly player stats,HIGH,,,,,none detected,,
2026-10-10T17:34:37+00:00,2026-10-10T13:32:40Z,13320,00-0041044,Zachariah Branch,WR,ATL,3,1,KR+PR,,,False,0,0.0,0.0,0.0,7.0,0.0,role-based fallback,MEDIUM,264.33,,,,none detected,,
2026-10-10T17:34:37+00:00,2026-10-10T13:32:40Z,4274,00-0033589,David Moore,WR,CAR,1,1,KR+PR,,,False,3,0.0,0.0,0.0,0.0,0.0,2025 weekly player stats,HIGH,,,,,none detected,,
2026-10-10T17:34:37+00:00,2026-10-10T13:32:40Z,6427,00-0035021,Ashton Dulin,WR,IND,2,3,KR+PR,,,False,12,516.0,0.0,15.0,0.0,0.0,2025 weekly player stats,MEDIUM,,,,,none detected,Out,
2026-10-10T17:34:37+00:00,2026-10-10T13:32:40Z,8527,00-0037093,Dareke Young,WR,LV,2,,KR,,,False,8,322.0,0.0,14.1,0.0,0.0,2025 weekly player stats,MEDIUM,,,,,none detected,,
2026-10-10T17:34:37+00:00,2026-10-10T13:32:40Z,8204,00-0037091,Bo Melton,WR,GB,2,,KR,,,False,13,467.0,0.0,12.6,0.0,0.0,2025 weekly player stats,MEDIUM,,,,,none detected,,
2026-10-10T17:34:37+00:00,2026-10-10T13:32:40Z,8195,00-0037557,Ronnie Rivers,RB,LAR,3,,KR,,,False,6,418.0,0.0,10.5,0.0,0.0,2025 weekly player stats,MEDIUM,,,,,none detected,IR,
2026-10-10T17:34:37+00:00,2026-10-10T13:32:40Z,12497,00-0040648,Tory Horton,WR,SEA,,2,PR,,,False,8,0.0,238.0,0.0,10.4,0.0,2025 weekly player stats,MEDIUM,245.33,12-Team Dynasty — One League to Rule Them All,,,none detected,,
2026-10-10T17:34:37+00:00,2026-10-10T13:32:40Z,5328,00-0034278,Tremon Smith,DB,HOU,2,2,KR+PR,,,False,15,435.0,0.0,10.1,0.0,0.0,2025 weekly player stats,MEDIUM,,,,,none detected,,
2026-10-10T17:34:37+00:00,2026-10-10T13:32:40Z,12482,00-0040009,Savion Williams,WR,GB,4,,KR,,,False,12,717.0,0.0,9.0,0.0,0.0,2025 weekly player stats,MEDIUM,341.0,,,,none detected,IR,
2026-10-10T17:34:37+00:00,2026-10-10T13:32:40Z,12469,00-0040162,Dylan Sampson,RB,CLE,2,,KR,,,False,15,360.0,0.0,8.4,0.0,0.0,2025 weekly player stats,MEDIUM,277.4,,,,none detected,IR,
2026-10-10T17:34:37+00:00,2026-10-10T13:32:40Z,12531,00-0040644,Trevor Etienne,RB,CAR,4,5,KR+PR,,,False,17,733.0,163.0,6.5,1.4,0.0,2025 weekly player stats,MEDIUM,323.0,,,,none detected,IR,
2026-10-10T17:34:37+00:00,2026-10-10T13:32:40Z,11895,00-0039623,Mason Tipton,WR,NO,3,3,KR+PR,,,False,8,378.0,0.0,7.1,0.0,0.0,2025 weekly player stats,MEDIUM,,,,,none detected,PUP,
2026-10-10T17:34:37+00:00,2026-10-10T13:32:40Z,10878,00-0039000,Deonte Banks,DB,NYG,3,,KR,,,False,14,622.0,0.0,6.7,0.0,0.0,2025 weekly player stats,MEDIUM,,,,,none detected,,
2026-10-10T17:34:37+00:00,2026-10-10T13:32:40Z,8714,00-0037129,Josh Blackwell,DB,CHI,3,3,KR+PR,,,False,13,455.0,0.0,5.2,0.0,0.0,2025 weekly player stats,MEDIUM,,,,,none detected,,
2026-10-10T17:34:37+00:00,2026-10-10T13:32:40Z,8230,00-0037276,Ty Chandler,RB,NO,4,,KR,,,False,3,84.0,0.0,4.2,0.0,0.0,2025 weekly player stats,MEDIUM,,,,,none detected,IR,
2026-10-10T17:34:37+00:00,2026-10-10T13:32:40Z,5121,00-0034419,Braxton Berrios,WR,NYG,5,4,KR+PR,,,False,4,81.0,25.0,3.0,0.9,0.0,2025 weekly player stats,MEDIUM,,,,,none detected,IR,
2026-10-10T17:34:37+00:00,2026-10-10T13:32:40Z,12641,00-0040164,Jaylin Lane,WR,WAS,4,3,KR+PR,,,False,15,56.0,314.0,0.6,3.1,0.0,2025 weekly player stats,MEDIUM,,,,,none detected,IR,
2026-10-10T17:34:37+00:00,2026-10-10T13:32:40Z,13411,00-0041051,Zavion Thomas,WR,CHI,2,2,KR+PR,,,False,0,0.0,0.0,2.8,0.7,0.0,role-based fallback,LOW,305.0,,,,none detected,,
2026-10-10T17:34:37+00:00,2026-10-10T13:32:40Z,13554,00-0041106,C.J. Williams,WR,JAX,2,2,KR+PR,,,False,0,0.0,0.0,2.8,0.7,0.0,role-based fallback,LOW,,,,,none detected,,
2026-10-10T17:34:37+00:00,2026-10-10T13:32:40Z,11655,00-0039384,Tyrone Tracy Jr.,RB,NYG,2,,KR,,,False,15,132.0,0.0,3.1,0.0,0.0,2025 weekly player stats,MEDIUM,281.17,,,,none detected,,
2026-10-10T17:34:37+00:00,2026-10-10T13:32:40Z,13286,00-0041512,Jadarian Price,RB,SEA,2,,KR,,,False,0,0.0,0.0,2.8,0.0,0.0,role-based fallback,LOW,137.67,,,,none detected,IR,
2026-10-10T17:34:37+00:00,2026-10-10T13:32:40Z,13423,00-0041490,Eli Heidenreich,RB,PIT,2,,KR,,,False,0,0.0,0.0,2.8,0.0,0.0,role-based fallback,LOW,309.25,,,,none detected,,
2026-10-10T17:34:37+00:00,2026-10-10T13:32:40Z,8800,00-0037563,Malik Davis,RB,DAL,2,,KR,,,False,10,0.0,0.0,2.8,0.0,0.0,role-based fallback,LOW,,,,,none detected,IR,
2026-10-10T17:34:37+00:00,2026-10-10T13:32:40Z,11693,00-0039807,Max Melton,DB,ARI,2,,KR,,,False,9,0.0,0.0,2.8,0.0,0.0,role-based fallback,LOW,,,,,none detected,,
2026-10-10T17:34:37+00:00,2026-10-10T13:32:40Z,12496,00-0040154,Tai Felton,WR,MIN,3,2,KR+PR,,,False,12,178.0,0.0,2.2,0.0,0.0,2025 weekly player stats,MEDIUM,,,,,none detected,,
2026-10-10T17:34:37+00:00,2026-10-10T13:32:40Z,9225,00-0038555,Tank Bigsby,RB,PHI,3,,KR,,,False,15,207.0,0.0,2.1,0.0,0.0,2025 weekly player stats,MEDIUM,249.0,,,,none detected,IR,
2026-10-10T17:34:37+00:00,2026-10-10T13:32:40Z,11651,00-0039363,Isaac Guerendo,RB,SF,3,,KR,,,False,7,100.0,0.0,2.1,0.0,0.0,2025 weekly player stats,MEDIUM,,,,,none detected,PUP,
2026-10-10T17:34:37+00:00,2026-10-10T13:32:40Z,6699,00-0035645,Gunner Olszewski,WR,NYG,,5,PR,,,False,16,682.0,216.0,0.0,2.0,0.0,2025 weekly player stats,MEDIUM,,,,,none detected,IR,
2026-10-10T17:34:37+00:00,2026-10-10T13:32:40Z,8254,00-0037594,Julius Chestnut,RB,TEN,2,,KR,,,False,16,81.0,0.0,1.8,0.0,0.0,2025 weekly player stats,MEDIUM,,,,,none detected,,
2026-10-10T17:34:37+00:00,2026-10-10T13:32:40Z,8125,00-0037837,Calvin Austin III,WR,NYG,,3,PR,,,False,14,0.0,101.0,0.0,1.1,0.0,2025 weekly player stats,MEDIUM,,,,,none detected,IR,
2026-10-10T17:34:37+00:00,2026-10-10T13:32:40Z,13268,00-0040876,Elijah Sarratt,WR,BAL,,2,PR,,,False,0,0.0,0.0,0.0,0.7,0.0,role-based fallback,LOW,274.0,,,,none detected,,
2026-10-10T17:34:37+00:00,2026-10-10T13:32:40Z,12485,00-0040237,Tez Johnson,WR,TB,,2,PR,,,False,15,0.0,0.0,0.0,0.7,0.0,role-based fallback,LOW,322.0,,,,none detected,,
2026-10-10T17:34:37+00:00,2026-10-10T13:32:40Z,12196,00-0039725,Jayden Price,DB,NO,,2,PR,,,False,0,0.0,0.0,0.0,0.7,0.0,role-based fallback,LOW,,,,,none detected,,
2026-10-10T17:34:37+00:00,2026-10-10T13:32:40Z,12634,00-0040172,Jordan Watkins,WR,SF,,2,PR,,,False,2,0.0,0.0,0.0,0.7,0.0,role-based fallback,LOW,,,,,none detected,,
2026-10-10T17:34:37+00:00,2026-10-10T13:32:40Z,11765,00-0039371,Kris Abrams-Draine,DB,DEN,,2,PR,,,False,11,0.0,0.0,0.0,0.7,0.0,role-based fallback,LOW,,,,,none detected,,
2026-10-10T17:34:37+00:00,2026-10-10T13:32:40Z,12730,00-0040020,Micah Robinson,DB,TEN,,2,PR,,,False,6,0.0,0.0,0.0,0.7,0.0,role-based fallback,LOW,,,,,none detected,,
2026-10-10T17:34:37+00:00,2026-10-10T13:32:40Z,8250,00-0037524,Tay Martin,WR,DET,,2,PR,,,False,2,0.0,0.0,0.0,0.7,0.0,role-based fallback,LOW,,,,,none detected,,
2026-10-10T17:34:37+00:00,2026-10-10T13:32:40Z,12539,00-0040582,Arian Smith,WR,NYJ,4,,KR,,,False,13,49.0,0.0,0.6,0.0,0.0,2025 weekly player stats,MEDIUM,,,,,none detected,IR,
2026-10-10T17:34:37+00:00,2026-10-10T13:32:40Z,12503,00-0040782,Isaiah Bond,WR,CLE,,2,PR,,,False,15,0.0,9.0,0.0,0.2,0.0,2025 weekly player stats,MEDIUM,330.5,,,,none detected,,
2026-10-10T17:34:37+00:00,2026-10-10T13:32:40Z,7666,00-0036998,Jevon Holland,DB,NYG,,2,PR,,,False,13,0.0,7.0,0.0,0.2,0.0,2025 weekly player stats,MEDIUM,,,,,none detected,,
2026-10-10T17:34:37+00:00,2026-10-10T13:32:40Z,11646,00-0039491,Jalen Coker,WR,CAR,,3,PR,,,False,11,0.0,0.0,0.0,0.0,0.0,role-based fallback,LOW,57.17,18-Team Chopped — Surviving the Chamber,,,none detected,Out,
2026-10-10T17:34:37+00:00,2026-10-10T13:32:40Z,10930,00-0038552,Riley Moss,DB,DEN,,3,PR,,,False,17,0.0,0.0,0.0,0.0,0.0,role-based fallback,LOW,78.0,,,,none detected,Out,
2026-10-10T17:34:37+00:00,2026-10-10T13:32:40Z,13345,00-0041496,Jonah Coleman,RB,DEN,4,,KR,,,False,0,0.0,0.0,0.0,0.0,0.0,role-based fallback,LOW,179.67,12-Team 2-Keeper — League Is Rigged V2,,,none detected,IR,
2026-10-10T17:34:37+00:00,2026-10-10T13:32:40Z,9502,00-0038977,Tank Dell,WR,HOU,,3,PR,,,False,0,0.0,0.0,0.0,0.0,0.0,role-based fallback,LOW,262.0,12-Team Dynasty — One League to Rule Them All,,,none detected,IR,
2026-10-10T17:34:37+00:00,2026-10-10T13:32:40Z,8188,00-0038104,Tyquan Thornton,WR,KC,,3,PR,,,False,12,475.0,0.0,0.0,0.0,0.0,2025 weekly player stats,MEDIUM,269.33,,,,none detected,Out,
2026-10-10T17:34:37+00:00,2026-10-10T13:32:40Z,11626,00-0039342,Xavier Legette,WR,CAR,5,6,KR+PR,,,False,15,0.0,0.0,0.0,0.0,0.0,role-based fallback,LOW,299.6,,,,none detected,IR,
2026-10-10T17:34:37+00:00,2026-10-10T13:32:40Z,13302,00-0040888,Adam Randall,RB,BAL,4,,KR,,,False,0,0.0,0.0,0.0,0.0,0.0,role-based fallback,LOW,326.6,,,,none detected,IR,
2026-10-10T17:34:37+00:00,2026-10-10T13:32:40Z,11959,00-0039650,Bryce Oliver,WR,HOU,3,,KR,,,False,2,0.0,0.0,0.0,0.0,0.0,role-based fallback,LOW,,,,,none detected,,
2026-10-10T17:34:37+00:00,2026-10-10T13:32:40Z,13828,00-0041316,Channing Canada,DB,NE,3,,KR,,,False,0,0.0,0.0,0.0,0.0,0.0,role-based fallback,LOW,,,,,none detected,Out,
2026-10-10T17:34:37+00:00,2026-10-10T13:32:40Z,8104,00-0037034,Dee Alford,DB,BUF,,2,PR,,,False,15,21.0,0.0,0.0,0.0,0.0,2025 weekly player stats,MEDIUM,,,,,none detected,Questionable,
2026-10-10T17:34:37+00:00,2026-10-10T13:32:40Z,13333,00-0041132,Deion Burks,WR,IND,4,,KR,,,False,0,0.0,0.0,0.0,0.0,0.0,role-based fallback,LOW,,,,,none detected,,
2026-10-10T17:34:37+00:00,2026-10-10T13:32:40Z,12734,00-0040232,Donte Kent,DB,PIT,4,4,KR+PR,,,False,0,0.0,0.0,0.0,0.0,0.0,role-based fallback,LOW,,,,,none detected,PUP,
2026-10-10T17:34:37+00:00,2026-10-10T13:32:40Z,7596,00-0036980,Elijah Moore,WR,PHI,,3,PR,,,False,9,0.0,0.0,0.0,0.0,0.0,role-based fallback,LOW,,,,,none detected,,
2026-10-10T17:34:37+00:00,2026-10-10T13:32:40Z,10225,00-0039062,Jonathan Mingo,WR,DAL,,3,PR,,,False,5,0.0,0.0,0.0,0.0,0.0,role-based fallback,LOW,,,,,none detected,,
2026-10-10T17:34:37+00:00,2026-10-10T13:32:40Z,13394,00-0041100,Josh Cameron,WR,JAX,5,3,KR+PR,,,False,0,0.0,0.0,0.0,0.0,0.0,role-based fallback,LOW,,,,,none detected,,
2026-10-10T17:34:37+00:00,2026-10-10T13:32:40Z,11638,00-0039916,Ricky Pearsall,WR,SF,,3,PR,,,False,9,0.0,0.0,0.0,0.0,0.0,role-based fallback,LOW,,,,,none detected,IR,
2026-10-10T17:34:37+00:00,2026-10-10T13:32:40Z,7595,00-0036630,Tylan Wallace,WR,CLE,,4,PR,,,False,11,123.0,0.0,0.0,0.0,0.0,2025 weekly player stats,MEDIUM,,,,,none detected,Out,
