snapshot_utc,league_id,roster_id,owner_id,owner_display_name,team_name,is_my_roster,players_count,starters_count,reserve,taxi,co_owners,settings,metadata
2026-10-03T16:54:54+00:00,1389740418316374016,1,996104610009952256,bfmirr,The Herban Legends,False,15,10,[],[],[],"{""fpts"": 454, ""fpts_against"": 413, ""fpts_against_decimal"": 86, ""fpts_decimal"": 16, ""losses"": 1, ""ppts"": 485, ""ppts_decimal"": 80, ""ties"": 0, ""total_moves"": 0, ""waiver_budget_used"": 0, ""waiver_position"": 2, ""wins"": 2}","{""record"": ""LWW"", ""streak"": ""2W""}"
2026-10-03T16:54:54+00:00,1389740418316374016,2,996120449870385152,Voltinus,Purdy Cooked,False,16,10,"[""8408""]",[],[],"{""fpts"": 405, ""fpts_against"": 498, ""fpts_against_decimal"": 70, ""fpts_decimal"": 66, ""losses"": 3, ""ppts"": 455, ""ppts_decimal"": 6, ""ties"": 0, ""total_moves"": 0, ""waiver_budget_used"": 0, ""waiver_position"": 7, ""wins"": 0}","{""record"": ""LLL"", ""streak"": ""3L""}"
2026-10-03T16:54:54+00:00,1389740418316374016,3,996120627872493568,Felici42,Jesus is God Amen!,False,16,10,"[""13281""]",[],[],"{""fpts"": 459, ""fpts_against"": 367, ""fpts_against_decimal"": 92, ""fpts_decimal"": 8, ""losses"": 0, ""ppts"": 493, ""ppts_decimal"": 88, ""ties"": 0, ""total_moves"": 0, ""waiver_budget_used"": 0, ""waiver_position"": 4, ""wins"": 3}","{""record"": ""WWW"", ""streak"": ""3W""}"
2026-10-03T16:54:54+00:00,1389740418316374016,4,779583277362245632,Blatzzy,Third Reich & Long,True,16,10,"[""8142""]",[],[],"{""fpts"": 401, ""fpts_against"": 407, ""fpts_against_decimal"": 18, ""fpts_decimal"": 94, ""losses"": 2, ""ppts"": 434, ""ppts_decimal"": 74, ""ties"": 0, ""total_moves"": 0, ""waiver_budget_used"": 0, ""waiver_position"": 9, ""wins"": 1}","{""record"": ""LWL"", ""streak"": ""1L""}"
2026-10-03T16:54:54+00:00,1389740418316374016,5,1262108133212311552,pumorris,Sutton My Face,False,16,10,"[""9226""]",[],[],"{""fpts"": 388, ""fpts_against"": 369, ""fpts_against_decimal"": 2, ""fpts_decimal"": 40, ""losses"": 1, ""ppts"": 478, ""ppts_decimal"": 28, ""ties"": 0, ""total_moves"": 0, ""waiver_budget_used"": 0, ""waiver_position"": 10, ""wins"": 2}","{""record"": ""WLW"", ""streak"": ""1W""}"
2026-10-03T16:54:54+00:00,1389740418316374016,6,996322180944277504,BennDerova,My Step-Burrow Is Brown,False,15,10,[],[],[],"{""fpts"": 354, ""fpts_against"": 375, ""fpts_against_decimal"": 76, ""fpts_decimal"": 24, ""losses"": 2, ""ppts"": 460, ""ppts_decimal"": 90, ""ties"": 0, ""total_moves"": 0, ""waiver_budget_used"": 0, ""waiver_position"": 3, ""wins"": 1}","{""record"": ""WLL"", ""streak"": ""2L""}"
2026-10-03T16:54:54+00:00,1389740418316374016,7,996128808304558080,Yurtty,Hurts Locker,False,16,10,"[""5850""]",[],[],"{""fpts"": 392, ""fpts_against"": 477, ""fpts_against_decimal"": 38, ""fpts_decimal"": 60, ""losses"": 3, ""ppts"": 478, ""ppts_decimal"": 26, ""ties"": 0, ""total_moves"": 0, ""waiver_budget_used"": 0, ""waiver_position"": 1, ""wins"": 0}","{""record"": ""LLL"", ""streak"": ""3L""}"
2026-10-03T16:54:54+00:00,1389740418316374016,8,997245852273930240,Aberm01,I got a fag qb,False,15,10,"[""11560""]",[],[],"{""fpts"": 426, ""fpts_against"": 424, ""fpts_against_decimal"": 22, ""fpts_decimal"": 12, ""losses"": 1, ""ppts"": 485, ""ppts_decimal"": 2, ""ties"": 0, ""total_moves"": 0, ""waiver_budget_used"": 0, ""waiver_position"": 5, ""wins"": 2}","{""p_nick_11560"": ""Fag qb"", ""record"": ""WLW"", ""streak"": ""1W""}"
2026-10-03T16:54:54+00:00,1389740418316374016,9,1008988929109843968,DavidsFortune,Downs Kids,False,16,10,"[""8155""]",[],[],"{""fpts"": 495, ""fpts_against"": 434, ""fpts_against_decimal"": 10, ""fpts_decimal"": 24, ""losses"": 1, ""ppts"": 543, ""ppts_decimal"": 74, ""ties"": 0, ""total_moves"": 0, ""waiver_budget_used"": 0, ""waiver_position"": 6, ""wins"": 2}","{""record"": ""WWL"", ""streak"": ""1L""}"
2026-10-03T16:54:54+00:00,1389740418316374016,10,594991759398850560,JPizzleTheMac,Mac Daddys,False,15,10,[],[],[],"{""fpts"": 440, ""fpts_against"": 450, ""fpts_against_decimal"": 22, ""fpts_decimal"": 92, ""losses"": 1, ""ppts"": 513, ""ppts_decimal"": 34, ""ties"": 0, ""total_moves"": 0, ""waiver_budget_used"": 0, ""waiver_position"": 8, ""wins"": 2}","{""record"": ""LWW"", ""streak"": ""2W""}"
2026-10-03T16:54:54+00:00,1370453762442797056,1,779583277362245632,Blatzzy,Third Reich & Long,True,17,9,"[""8800"", ""9753""]",[],[],"{""draft_position"": 5, ""fpts"": 375, ""fpts_decimal"": 82, ""losses"": 0, ""tiebreaker_rank"": 147738204, ""ties"": 0, ""total_moves"": 0, ""waiver_budget_used"": 0, ""waiver_position"": 10, ""wins"": 0}",{}
2026-10-03T16:54:54+00:00,1370453762442797056,2,779583497248550912,manson1,Fruit cake williams & co,False,15,9,[],[],[],"{""draft_position"": 15, ""fpts"": 385, ""fpts_decimal"": 56, ""losses"": 0, ""tiebreaker_rank"": 152535614, ""ties"": 0, ""total_moves"": 0, ""waiver_budget_used"": 10, ""waiver_position"": 18, ""wins"": 0}",{}
2026-10-03T16:54:54+00:00,1370453762442797056,3,1126612181929336832,cburt31,Survivor,False,14,9,[],[],[],"{""draft_position"": 2, ""fpts"": 439, ""fpts_decimal"": 56, ""losses"": 0, ""tiebreaker_rank"": 139915602, ""ties"": 0, ""total_moves"": 0, ""waiver_budget_used"": 0, ""waiver_position"": 7, ""wins"": 0}",{}
2026-10-03T16:54:54+00:00,1370453762442797056,4,1262823409977393152,2kyle,chop slop,False,15,9,[],[],[],"{""draft_position"": 10, ""fpts"": 454, ""fpts_decimal"": 76, ""losses"": 0, ""tiebreaker_rank"": 155127610, ""ties"": 0, ""total_moves"": 0, ""waiver_budget_used"": 414, ""waiver_position"": 17, ""wins"": 0}",{}
2026-10-03T16:54:54+00:00,1370453762442797056,5,861663770647339008,jblatz,,False,0,9,[],[],[],"{""draft_position"": 13, ""eliminated"": 3, ""fpts"": 342, ""fpts_decimal"": 54, ""locked"": 1, ""losses"": 0, ""tiebreaker_rank"": 91585413, ""ties"": 0, ""total_moves"": 0, ""waiver_budget_used"": 0, ""waiver_position"": 3, ""wins"": 0}",{}
2026-10-03T16:54:54+00:00,1370453762442797056,6,770802446909222912,zthompson1533,,False,16,9,"[""9226""]",[],[],"{""draft_position"": 9, ""fpts"": 383, ""fpts_decimal"": 58, ""losses"": 0, ""tiebreaker_rank"": 125535809, ""ties"": 0, ""total_moves"": 0, ""waiver_budget_used"": 471, ""waiver_position"": 12, ""wins"": 0}","{""allow_pn_inactive_starters"": ""on"", ""allow_pn_player_injury_status"": ""on"", ""allow_pn_scoring"": ""on"", ""restrict_pn_scoring_starters_only"": ""on""}"
2026-10-03T16:54:54+00:00,1370453762442797056,7,739882929580335104,michaelbtaylor10,W,False,16,9,"[""7543""]",[],[],"{""draft_position"": 6, ""fpts"": 452, ""fpts_decimal"": 74, ""losses"": 0, ""tiebreaker_rank"": 145907406, ""ties"": 0, ""total_moves"": 0, ""waiver_budget_used"": 91, ""waiver_position"": 16, ""wins"": 0}",{}
2026-10-03T16:54:54+00:00,1370453762442797056,8,1128436496693874688,Saxis,Joe Burr-itos,False,15,9,[],[],[],"{""draft_position"": 17, ""fpts"": 407, ""fpts_decimal"": 90, ""losses"": 0, ""tiebreaker_rank"": 180919017, ""ties"": 0, ""total_moves"": 0, ""waiver_budget_used"": 595, ""waiver_position"": 14, ""wins"": 0}",{}
2026-10-03T16:54:54+00:00,1370453762442797056,9,609154836893601792,Stutterboyzzzz,,False,16,9,"[""8408""]",[],[],"{""draft_position"": 12, ""fpts"": 362, ""fpts_decimal"": 32, ""losses"": 0, ""tiebreaker_rank"": 123643211, ""ties"": 0, ""total_moves"": 0, ""waiver_budget_used"": 350, ""waiver_position"": 15, ""wins"": 0}",{}
2026-10-03T16:54:54+00:00,1370453762442797056,10,1264073315803217920,joshwat,,False,0,9,[],[],[],"{""draft_position"": 14, ""eliminated"": 1, ""fpts"": 0, ""fpts_decimal"": 0, ""locked"": 1, ""losses"": 0, ""tiebreaker_rank"": 14, ""ties"": 0, ""total_moves"": 0, ""waiver_budget_used"": 0, ""waiver_position"": 2, ""wins"": 0}",{}
2026-10-03T16:54:54+00:00,1370453762442797056,11,997348618057125888,JoeShiestysSock,,False,15,9,[],[],[],"{""draft_position"": 7, ""fpts"": 448, ""fpts_decimal"": 42, ""losses"": 0, ""tiebreaker_rank"": 162504206, ""ties"": 0, ""total_moves"": 0, ""waiver_budget_used"": 601, ""waiver_position"": 13, ""wins"": 0}",{}
2026-10-03T16:54:54+00:00,1370453762442797056,12,997317930117337088,burmanseth,Stefon Diggsin iybt,False,17,9,"[""4950"", ""5859""]",[],[],"{""draft_position"": 18, ""fpts"": 467, ""fpts_decimal"": 68, ""losses"": 0, ""tiebreaker_rank"": 161016817, ""ties"": 0, ""total_moves"": 0, ""waiver_budget_used"": 604, ""waiver_position"": 11, ""wins"": 0}","{""allow_pn_inactive_starters"": ""off"", ""allow_pn_player_injury_status"": ""off"", ""allow_pn_scoring"": ""off"", ""restrict_pn_scoring_starters_only"": ""on""}"
2026-10-03T16:54:54+00:00,1370453762442797056,13,860386640982589440,taybasco,Beat me if gay,False,17,9,"[""12484"", ""8142""]",[],[],"{""draft_position"": 8, ""fpts"": 396, ""fpts_decimal"": 10, ""losses"": 0, ""tiebreaker_rank"": 125981007, ""ties"": 0, ""total_moves"": 0, ""waiver_budget_used"": 0, ""waiver_position"": 5, ""wins"": 0}",{}
2026-10-03T16:54:54+00:00,1370453762442797056,14,1265369037945184256,jared3942,,False,0,9,[],[],[],"{""draft_position"": 16, ""eliminated"": 2, ""fpts"": 145, ""fpts_decimal"": 8, ""locked"": 1, ""losses"": 0, ""tiebreaker_rank"": 146530816, ""ties"": 0, ""total_moves"": 0, ""waiver_budget_used"": 0, ""waiver_position"": 1, ""wins"": 0}",{}
2026-10-03T16:54:54+00:00,1370453762442797056,15,1127380007921328128,ArogersAchilles,TeamSkatteboHeadbutt,False,15,9,[],[],[],"{""draft_position"": 3, ""fpts"": 473, ""fpts_decimal"": 8, ""losses"": 0, ""tiebreaker_rank"": 190490802, ""ties"": 0, ""total_moves"": 0, ""waiver_budget_used"": 650, ""waiver_position"": 9, ""wins"": 0}",{}
2026-10-03T16:54:54+00:00,1370453762442797056,16,1135263834127753216,ReturnOfTheGhost,,False,16,9,"[""4137""]",[],[],"{""draft_position"": 11, ""fpts"": 362, ""fpts_decimal"": 90, ""losses"": 0, ""tiebreaker_rank"": 108569011, ""ties"": 0, ""total_moves"": 0, ""waiver_budget_used"": 0, ""waiver_position"": 4, ""wins"": 0}",{}
2026-10-03T16:54:54+00:00,1370453762442797056,17,996120627872493568,Felici42,Jesus is God Amen!,False,15,9,[],[],[],"{""draft_position"": 1, ""fpts"": 417, ""fpts_decimal"": 0, ""losses"": 0, ""tiebreaker_rank"": 147810001, ""ties"": 0, ""total_moves"": 0, ""waiver_budget_used"": 0, ""waiver_position"": 8, ""wins"": 0}",{}
2026-10-03T16:54:54+00:00,1370453762442797056,18,1266474061580480512,tylercatlett1,,False,13,9,[],[],[],"{""draft_position"": 4, ""fpts"": 416, ""fpts_decimal"": 99, ""losses"": 0, ""tiebreaker_rank"": 141650003, ""ties"": 0, ""total_moves"": 0, ""waiver_budget_used"": 0, ""waiver_position"": 6, ""wins"": 0}",{}
2026-10-03T16:54:54+00:00,1370218620990263296,1,978483609717858304,extraguacam,Sauron’s Commisioner,False,35,10,"[""11618"", ""13281"", ""13293"", ""13345"", ""13392""]","[""13275"", ""13303"", ""13394"", ""13400"", ""13423""]",[],"{""fpts"": 326, ""fpts_against"": 491, ""fpts_against_decimal"": 66, ""fpts_decimal"": 50, ""losses"": 3, ""ppts"": 397, ""ppts_decimal"": 2, ""ties"": 0, ""total_moves"": 0, ""waiver_budget_used"": 19, ""waiver_position"": 10, ""wins"": 0}","{""record"": ""LLL"", ""streak"": ""3L""}"
2026-10-03T16:54:54+00:00,1370218620990263296,2,1241276722213564416,Brandopoly,ASSton Martin ,False,31,10,"[""13355""]","[""12500"", ""13277"", ""13309"", ""13336"", ""13338""]",[],"{""fpts"": 378, ""fpts_against"": 503, ""fpts_against_decimal"": 32, ""fpts_decimal"": 6, ""losses"": 2, ""ppts"": 459, ""ppts_decimal"": 58, ""ties"": 0, ""total_moves"": 0, ""waiver_budget_used"": 0, ""waiver_position"": 2, ""wins"": 1}","{""record"": ""WLL"", ""streak"": ""2L""}"
2026-10-03T16:54:54+00:00,1370218620990263296,3,779583277362245632,Blatzzy,Nazgûl Nation,True,34,10,"[""4950"", ""8205"", ""9481"", ""9502""]","[""12497"", ""12544"", ""13276"", ""13342"", ""13353""]",[],"{""fpts"": 448, ""fpts_against"": 369, ""fpts_against_decimal"": 20, ""fpts_decimal"": 16, ""losses"": 1, ""ppts"": 521, ""ppts_decimal"": 88, ""ties"": 0, ""total_moves"": 0, ""waiver_budget_used"": 0, ""waiver_position"": 6, ""wins"": 2}","{""record"": ""LWW"", ""streak"": ""2W""}"
2026-10-03T16:54:54+00:00,1370218620990263296,4,458310882858889216,RoboJVB,,False,34,10,"[""10222"", ""13964"", ""4892"", ""8800""]","[""13302"", ""13306"", ""13322"", ""13347"", ""13401""]",[],"{""fpts"": 399, ""fpts_against"": 359, ""fpts_against_decimal"": 40, ""fpts_decimal"": 66, ""losses"": 1, ""ppts"": 478, ""ppts_decimal"": 72, ""ties"": 0, ""total_moves"": 0, ""waiver_budget_used"": 40, ""waiver_position"": 8, ""wins"": 2}","{""record"": ""LWW"", ""streak"": ""2W""}"
2026-10-03T16:54:54+00:00,1370218620990263296,5,1369507540269809664,AltoidGG,Average at Best,False,28,10,"[""12531"", ""7543"", ""9226"", ""9753""]","[""13335"", ""13405""]",[],"{""fpts"": 469, ""fpts_against"": 444, ""fpts_against_decimal"": 56, ""fpts_decimal"": 50, ""losses"": 1, ""ppts"": 517, ""ppts_decimal"": 80, ""ties"": 0, ""total_moves"": 0, ""waiver_budget_used"": 2, ""waiver_position"": 9, ""wins"": 2}","{""record"": ""WWL"", ""streak"": ""1L""}"
2026-10-03T16:54:54+00:00,1370218620990263296,6,998103180779155456,scarberryt,,False,31,10,"[""13349"", ""13417"", ""8142""]","[""12510"", ""13289"", ""13300"", ""13314"", ""13420""]",[],"{""fpts"": 292, ""fpts_against"": 447, ""fpts_against_decimal"": 90, ""fpts_decimal"": 28, ""losses"": 3, ""ppts"": 404, ""ppts_decimal"": 58, ""ties"": 0, ""total_moves"": 0, ""waiver_budget_used"": 0, ""waiver_position"": 4, ""wins"": 0}","{""record"": ""LLL"", ""streak"": ""3L""}"
2026-10-03T16:54:54+00:00,1370218620990263296,7,1241249556683821056,sneekyn33ks,,False,29,10,"[""11638"", ""8408""]","[""13308"", ""13348"", ""13350"", ""13404"", ""13422""]",[],"{""fpts"": 506, ""fpts_against"": 395, ""fpts_against_decimal"": 52, ""fpts_decimal"": 48, ""losses"": 0, ""ppts"": 528, ""ppts_decimal"": 68, ""ties"": 0, ""total_moves"": 0, ""waiver_budget_used"": 0, ""waiver_position"": 1, ""wins"": 3}","{""record"": ""WWW"", ""streak"": ""3W""}"
2026-10-03T16:54:54+00:00,1370218620990263296,8,725564023889817600,Shaboomaboom,,False,30,10,"[""8698""]","[""12455"", ""12471"", ""12476"", ""12492"", ""12530""]",[],"{""fpts"": 510, ""fpts_against"": 363, ""fpts_against_decimal"": 26, ""fpts_decimal"": 68, ""locked"": 0, ""losses"": 0, ""ppts"": 598, ""ppts_decimal"": 54, ""ties"": 0, ""total_moves"": 0, ""waiver_budget_used"": 0, ""waiver_position"": 11, ""wins"": 3}","{""record"": ""WWW"", ""streak"": ""3W""}"
2026-10-03T16:54:54+00:00,1370218620990263296,9,1225654710162182144,Spoonfed7,,False,30,10,"[""12483"", ""12541""]","[""11557"", ""12467"", ""12502"", ""13288"", ""13418""]",[],"{""fpts"": 360, ""fpts_against"": 385, ""fpts_against_decimal"": 48, ""fpts_decimal"": 72, ""losses"": 2, ""ppts"": 453, ""ppts_decimal"": 6, ""ties"": 0, ""total_moves"": 0, ""waiver_budget_used"": 12, ""waiver_position"": 3, ""wins"": 1}","{""record"": ""WLL"", ""streak"": ""2L""}"
2026-10-03T16:54:54+00:00,1370218620990263296,10,1087855749369339904,JimmyJames2027,,False,31,10,"[""12469""]","[""13301"", ""13319"", ""13329"", ""13408"", ""13421""]",[],"{""fpts"": 489, ""fpts_against"": 487, ""fpts_against_decimal"": 48, ""fpts_decimal"": 14, ""losses"": 2, ""ppts"": 532, ""ppts_decimal"": 30, ""ties"": 0, ""total_moves"": 0, ""waiver_budget_used"": 0, ""waiver_position"": 7, ""wins"": 1}","{""record"": ""LLW"", ""streak"": ""1W""}"
2026-10-03T16:54:54+00:00,1370218620990263296,11,214141231750443008,TmillerTMG,The J-Squad,False,30,10,"[""11583"", ""12487"", ""6794""]","[""13270"", ""13282"", ""13320"", ""13324"", ""13413""]",[],"{""fpts"": 423, ""fpts_against"": 455, ""fpts_against_decimal"": 62, ""fpts_decimal"": 56, ""losses"": 2, ""ppts"": 531, ""ppts_decimal"": 54, ""ties"": 0, ""total_moves"": 0, ""waiver_budget_used"": 40, ""waiver_position"": 5, ""wins"": 1}","{""record"": ""WLL"", ""streak"": ""2L""}"
2026-10-03T16:54:54+00:00,1370218620990263296,12,895461742359175168,sabatz,Sonic & Knuckles,False,31,10,"[""12484""]","[""11596"", ""11643"", ""12504"", ""12535"", ""13299""]",[],"{""fpts"": 568, ""fpts_against"": 469, ""fpts_against_decimal"": 72, ""fpts_decimal"": 38, ""losses"": 1, ""ppts"": 619, ""ppts_decimal"": 58, ""ties"": 0, ""total_moves"": 0, ""waiver_budget_used"": 20, ""waiver_position"": 12, ""wins"": 2}","{""record"": ""LWW"", ""streak"": ""2W""}"
2026-10-03T16:54:54+00:00,1366076769534251008,1,779583277362245632,Blatzzy,Route 66ers,True,33,9,"[""11583"", ""9226""]","[""13272"", ""13282"", ""13337"", ""13349"", ""13353"", ""13421""]",[],"{""fpts"": 488, ""fpts_against"": 384, ""fpts_against_decimal"": 8, ""fpts_decimal"": 86, ""losses"": 0, ""ppts"": 583, ""ppts_decimal"": 12, ""ties"": 0, ""total_moves"": 0, ""waiver_budget_used"": 0, ""waiver_position"": 10, ""wins"": 3}","{""record"": ""WWW"", ""streak"": ""3W""}"
2026-10-03T16:54:54+00:00,1366076769534251008,2,1126612181929336832,cburt31,,False,29,9,"[""12484"", ""5859""]","[""12483"", ""12505"", ""13301"", ""13402""]",[],"{""fpts"": 362, ""fpts_against"": 418, ""fpts_against_decimal"": 36, ""fpts_decimal"": 20, ""losses"": 2, ""ppts"": 486, ""ppts_decimal"": 0, ""ties"": 0, ""total_moves"": 0, ""waiver_budget_used"": 0, ""waiver_position"": 1, ""wins"": 1}","{""record"": ""WLL"", ""streak"": ""2L""}"
2026-10-03T16:54:54+00:00,1366076769534251008,3,996120627872493568,Felici42,Jesus is God Amen!,False,30,9,"[""11589"", ""12508""]","[""12500"", ""12510"", ""13333"", ""13348"", ""13403""]",[],"{""fpts"": 414, ""fpts_against"": 427, ""fpts_against_decimal"": 20, ""fpts_decimal"": 80, ""losses"": 1, ""ppts"": 475, ""ppts_decimal"": 78, ""ties"": 0, ""total_moves"": 0, ""waiver_budget_used"": 0, ""waiver_position"": 7, ""wins"": 2}","{""record"": ""WLW"", ""streak"": ""1W""}"
2026-10-03T16:54:54+00:00,1366076769534251008,4,1127380007921328128,ArogersAchilles,,False,31,9,"[""13293""]","[""12521"", ""13275"", ""13324"", ""13434"", ""13477""]",[],"{""fpts"": 433, ""fpts_against"": 374, ""fpts_against_decimal"": 66, ""fpts_decimal"": 40, ""losses"": 1, ""ppts"": 563, ""ppts_decimal"": 92, ""ties"": 0, ""total_moves"": 0, ""waiver_budget_used"": 0, ""waiver_position"": 9, ""wins"": 2}","{""record"": ""WWL"", ""streak"": ""1L""}"
2026-10-03T16:54:54+00:00,1366076769534251008,5,861663770647339008,jblatz,,False,30,9,"[""11638"", ""8205""]","[""12536"", ""13303"", ""13425""]",[],"{""fpts"": 467, ""fpts_against"": 472, ""fpts_against_decimal"": 6, ""fpts_decimal"": 70, ""losses"": 2, ""ppts"": 553, ""ppts_decimal"": 72, ""ties"": 0, ""total_moves"": 0, ""waiver_budget_used"": 0, ""waiver_position"": 4, ""wins"": 1}","{""record"": ""LWL"", ""streak"": ""1L""}"
2026-10-03T16:54:54+00:00,1366076769534251008,6,770802446909222912,zthompson1533,,False,26,9,[],"[""12471"", ""13278"", ""13302"", ""13317""]",[],"{""fpts"": 477, ""fpts_against"": 541, ""fpts_against_decimal"": 22, ""fpts_decimal"": 46, ""losses"": 2, ""ppts"": 589, ""ppts_decimal"": 54, ""ties"": 0, ""total_moves"": 0, ""waiver_budget_used"": 0, ""waiver_position"": 2, ""wins"": 1}","{""record"": ""LLW"", ""streak"": ""1W""}"
2026-10-03T16:54:54+00:00,1366076769534251008,7,779583497248550912,manson1,Manson,False,30,9,[],"[""12467"", ""12511"", ""13417"", ""13420"", ""13423""]",[],"{""fpts"": 395, ""fpts_against"": 406, ""fpts_against_decimal"": 4, ""fpts_decimal"": 0, ""losses"": 2, ""ppts"": 505, ""ppts_decimal"": 70, ""ties"": 0, ""total_moves"": 0, ""waiver_budget_used"": 0, ""waiver_position"": 8, ""wins"": 1}","{""record"": ""LWL"", ""streak"": ""1L""}"
2026-10-03T16:54:54+00:00,1366076769534251008,8,609154836893601792,Stutterboyzzzz,,False,33,9,"[""12487"", ""8698""]","[""13289"", ""13329"", ""13336"", ""13380"", ""13405"", ""13414""]",[],"{""fpts"": 488, ""fpts_against"": 418, ""fpts_against_decimal"": 84, ""fpts_decimal"": 24, ""losses"": 1, ""ppts"": 599, ""ppts_decimal"": 44, ""ties"": 0, ""total_moves"": 0, ""waiver_budget_used"": 0, ""waiver_position"": 6, ""wins"": 2}","{""record"": ""LWW"", ""streak"": ""2W""}"
2026-10-03T16:54:54+00:00,1366076769534251008,9,1128535741111402496,TheANT2,,False,30,9,[],"[""11597"", ""12476"", ""12498"", ""12541"", ""13281"", ""13404""]",[],"{""fpts"": 283, ""fpts_against"": 383, ""fpts_against_decimal"": 30, ""fpts_decimal"": 88, ""losses"": 3, ""ppts"": 442, ""ppts_decimal"": 52, ""ties"": 0, ""total_moves"": 0, ""waiver_budget_used"": 0, ""waiver_position"": 3, ""wins"": 0}","{""record"": ""LLL"", ""streak"": ""3L""}"
2026-10-03T16:54:54+00:00,1366076769534251008,10,854202549119594496,GOOBERTON,,False,26,9,"[""12469""]",[],[],"{""fpts"": 492, ""fpts_against"": 478, ""fpts_against_decimal"": 48, ""fpts_decimal"": 70, ""losses"": 1, ""ppts"": 618, ""ppts_decimal"": 20, ""ties"": 0, ""total_moves"": 0, ""waiver_budget_used"": 0, ""waiver_position"": 5, ""wins"": 2}","{""record"": ""WLW"", ""streak"": ""1W""}"
2026-10-03T16:54:54+00:00,1359546418284494848,1,779583277362245632,Blatzzy,Third Reich & Long,True,18,11,"[""13345""]",[],[],"{""fpts"": 387, ""fpts_against"": 489, ""fpts_against_decimal"": 50, ""fpts_decimal"": 90, ""losses"": 2, ""ppts"": 419, ""ppts_decimal"": 90, ""ties"": 0, ""total_moves"": 0, ""waiver_budget_used"": 0, ""waiver_position"": 7, ""wins"": 1}","{""record"": ""LLW"", ""streak"": ""1W""}"
2026-10-03T16:54:54+00:00,1359546418284494848,2,609154836893601792,Stutterboyzzzz,,False,18,11,"[""13417""]",[],[],"{""fpts"": 393, ""fpts_against"": 500, ""fpts_against_decimal"": 38, ""fpts_decimal"": 18, ""losses"": 3, ""ppts"": 466, ""ppts_decimal"": 38, ""ties"": 0, ""total_moves"": 0, ""waiver_budget_used"": 0, ""waiver_position"": 11, ""wins"": 0}","{""record"": ""LLL"", ""streak"": ""3L""}"
2026-10-03T16:54:54+00:00,1359546418284494848,3,779583497248550912,manson1,Njigbas in paris,False,18,11,"[""9502""]",[],[],"{""fpts"": 586, ""fpts_against"": 567, ""fpts_against_decimal"": 2, ""fpts_decimal"": 4, ""losses"": 1, ""ppts"": 624, ""ppts_decimal"": 34, ""ties"": 0, ""total_moves"": 0, ""waiver_budget_used"": 0, ""waiver_position"": 10, ""wins"": 2}","{""record"": ""LWW"", ""streak"": ""2W""}"
2026-10-03T16:54:54+00:00,1359546418284494848,4,861663770647339008,jblatz,,False,17,11,[],[],[],"{""fpts"": 583, ""fpts_against"": 454, ""fpts_against_decimal"": 86, ""fpts_decimal"": 84, ""losses"": 0, ""ppts"": 627, ""ppts_decimal"": 52, ""ties"": 0, ""total_moves"": 0, ""waiver_budget_used"": 0, ""waiver_position"": 4, ""wins"": 3}","{""record"": ""WWW"", ""streak"": ""3W""}"
2026-10-03T16:54:54+00:00,1359546418284494848,5,770802446909222912,zthompson1533,,False,19,11,"[""13281"", ""5859""]",[],[],"{""fpts"": 454, ""fpts_against"": 471, ""fpts_against_decimal"": 88, ""fpts_decimal"": 76, ""losses"": 1, ""ppts"": 482, ""ppts_decimal"": 26, ""ties"": 0, ""total_moves"": 0, ""waiver_budget_used"": 0, ""waiver_position"": 9, ""wins"": 2}","{""record"": ""WLW"", ""streak"": ""1W""}"
2026-10-03T16:54:54+00:00,1359546418284494848,6,1266474061580480512,tylercatlett1,Daejon love #1 fan,False,17,11,[],[],[],"{""fpts"": 489, ""fpts_against"": 451, ""fpts_against_decimal"": 68, ""fpts_decimal"": 80, ""losses"": 1, ""ppts"": 528, ""ppts_decimal"": 70, ""ties"": 0, ""total_moves"": 0, ""waiver_budget_used"": 0, ""waiver_position"": 12, ""wins"": 2}","{""record"": ""WWL"", ""streak"": ""1L""}"
2026-10-03T16:54:54+00:00,1359546418284494848,7,854202549119594496,GOOBERTON,,False,17,11,[],[],[],"{""fpts"": 531, ""fpts_against"": 516, ""fpts_against_decimal"": 80, ""fpts_decimal"": 48, ""losses"": 2, ""ppts"": 556, ""ppts_decimal"": 88, ""ties"": 0, ""total_moves"": 0, ""waiver_budget_used"": 0, ""waiver_position"": 3, ""wins"": 1}","{""record"": ""WLL"", ""streak"": ""2L""}"
2026-10-03T16:54:54+00:00,1359546418284494848,8,1262823409977393152,2kyle,,False,17,11,[],[],[],"{""fpts"": 534, ""fpts_against"": 475, ""fpts_against_decimal"": 66, ""fpts_decimal"": 4, ""losses"": 1, ""ppts"": 619, ""ppts_decimal"": 76, ""ties"": 0, ""total_moves"": 0, ""waiver_budget_used"": 0, ""waiver_position"": 6, ""wins"": 2}","{""record"": ""WLW"", ""streak"": ""1W""}"
2026-10-03T16:54:54+00:00,1359546418284494848,9,872239354578415616,liamblatz,,False,18,11,"[""8142""]",[],[],"{""fpts"": 490, ""fpts_against"": 521, ""fpts_against_decimal"": 90, ""fpts_decimal"": 56, ""losses"": 2, ""ppts"": 588, ""ppts_decimal"": 74, ""ties"": 0, ""total_moves"": 0, ""waiver_budget_used"": 0, ""waiver_position"": 5, ""wins"": 1}","{""record"": ""LWL"", ""streak"": ""1L""}"
2026-10-03T16:54:54+00:00,1359546418284494848,10,1129803532904914944,alenhart85,Brock Bottom,False,18,11,"[""3973""]",[],[],"{""fpts"": 450, ""fpts_against"": 559, ""fpts_against_decimal"": 68, ""fpts_decimal"": 18, ""losses"": 3, ""ppts"": 524, ""ppts_decimal"": 68, ""ties"": 0, ""total_moves"": 0, ""waiver_budget_used"": 0, ""waiver_position"": 8, ""wins"": 0}","{""record"": ""LLL"", ""streak"": ""3L""}"
2026-10-03T16:54:54+00:00,1359546418284494848,11,1128436496693874688,Saxis,Joe-Burritos,False,18,11,"[""9753""]",[],[],"{""fpts"": 482, ""fpts_against"": 437, ""fpts_against_decimal"": 98, ""fpts_decimal"": 2, ""losses"": 1, ""ppts"": 536, ""ppts_decimal"": 12, ""ties"": 0, ""total_moves"": 0, ""waiver_budget_used"": 0, ""waiver_position"": 2, ""wins"": 2}","{""record"": ""WWL"", ""streak"": ""1L""}"
2026-10-03T16:54:54+00:00,1359546418284494848,12,860386640982589440,taybasco,League is rigged,False,18,11,"[""9226""]",[],[],"{""fpts"": 517, ""fpts_against"": 453, ""fpts_against_decimal"": 96, ""fpts_decimal"": 50, ""losses"": 1, ""ppts"": 564, ""ppts_decimal"": 0, ""ties"": 0, ""total_moves"": 0, ""waiver_budget_used"": 0, ""waiver_position"": 1, ""wins"": 2}","{""record"": ""LWW"", ""streak"": ""2W""}"
