snapshot_utc,league_id,week,transaction_id,type,status,created,status_updated,roster_ids,adds,drops,draft_picks,waiver_budget,settings
2026-10-06T23:57:23+00:00,1389740418316374016,4,1412850680590237696,free_agent,complete,1791212361051,1791212361051,[4],{},"{""6797"": 4}",[],[],{}
2026-10-06T23:57:23+00:00,1389740418316374016,4,1411935393900691456,free_agent,complete,1790994139699,1790994139699,[4],"{""9753"": 4}","{""9757"": 4}",[],[],{}
2026-10-06T23:57:23+00:00,1389740418316374016,4,1411598065814552576,waiver,complete,1790913714416,1790949341359,[5],"{""6806"": 5}","{""11603"": 5}",[],[],"{""seq"": 0}"
2026-10-06T23:57:23+00:00,1389740418316374016,4,1411556990823514112,free_agent,complete,1790903921375,1790903921375,[10],"{""12185"": 10}","{""8259"": 10}",[],[],{}
2026-10-06T23:57:23+00:00,1389740418316374016,4,1411488857567875072,free_agent,complete,1790887677141,1790887677141,[4],"{""9757"": 4}","{""7543"": 4}",[],[],{}
2026-10-06T23:57:23+00:00,1389740418316374016,4,1411480887828267008,trade,complete,1790885777007,1791046593468,"[2, 5]","{""10213"": 2, ""12489"": 5, ""5927"": 5, ""7526"": 2}","{""10213"": 5, ""12489"": 2, ""5927"": 2, ""7526"": 5}",[],[],{}
2026-10-06T23:57:23+00:00,1389740418316374016,4,1411472034340352000,free_agent,complete,1790883666170,1790883666170,[9],"{""8126"": 9}","{""3451"": 9}",[],[],{}
2026-10-06T23:57:23+00:00,1389740418316374016,4,1411470925580296192,free_agent,complete,1790883401822,1790883401822,[9],"{""7839"": 9}",{},[],[],{}
2026-10-06T23:57:23+00:00,1389740418316374016,4,1411117501537878016,free_agent,complete,1790799138963,1790799138963,[5],"{""11603"": 5}",{},[],[],{}
2026-10-06T23:57:23+00:00,1389740418316374016,4,1411037647631069184,free_agent,complete,1790780100308,1790780100308,[2],"{""12489"": 2}","{""6806"": 2}",[],[],{}
2026-10-06T23:57:23+00:00,1389740418316374016,4,1411000013500289024,free_agent,complete,1790771127632,1790771127632,[2],"{""12711"": 2}","{""5189"": 2}",[],[],{}
2026-10-06T23:57:23+00:00,1389740418316374016,4,1410999590546657280,free_agent,complete,1790771026793,1790771026793,[2],"{""BUF"": 2}","{""KC"": 2}",[],[],{}
2026-10-06T23:57:23+00:00,1389740418316374016,4,1410999249591607296,free_agent,complete,1790770945502,1790770945502,[2],"{""1479"": 2}","{""12493"": 2}",[],[],{}
2026-10-06T23:57:23+00:00,1389740418316374016,4,1410997278373662720,free_agent,complete,1790770475528,1790770475528,[2],"{""3321"": 2}","{""11631"": 2}",[],[],{}
2026-10-06T23:57:23+00:00,1389740418316374016,4,1410924678985330688,free_agent,complete,1790753166484,1790753166484,[4],"{""PIT"": 4}","{""PHI"": 4}",[],[],{}
2026-10-06T23:57:23+00:00,1370453762442797056,4,1413128495768346624,chopped,complete,1791278597350,1791278597350,[18],{},"{""10218"": 18, ""10232"": 18, ""11571"": 18, ""11646"": 18, ""12490"": 18, ""12518"": 18, ""13285"": 18, ""4033"": 18, ""4227"": 18, ""4892"": 18, ""4943"": 18, ""5892"": 18, ""6819"": 18, ""7564"": 18}",[],[],{}
2026-10-06T23:57:23+00:00,1370453762442797056,4,1412924702132908032,free_agent,complete,1791230009161,1791230009161,[7],"{""3321"": 7}","{""12487"": 7}",[],[],{}
2026-10-06T23:57:23+00:00,1370453762442797056,4,1412498239373975552,free_agent,complete,1791128332516,1791128332516,[18],"{""11571"": 18}",{},[],[],{}
2026-10-06T23:57:23+00:00,1370453762442797056,4,1412239418529476608,free_agent,complete,1791066624819,1791066624819,[4],"{""9508"": 4}",{},[],[],{}
2026-10-06T23:57:23+00:00,1370453762442797056,4,1411883365371506688,free_agent,complete,1790981735130,1790981735130,[7],"{""12048"": 7}","{""7528"": 7}",[],[],{}
2026-10-06T23:57:23+00:00,1370453762442797056,4,1411597458160594944,waiver,complete,1790913569540,1790921888526,[2],"{""11643"": 2}","{""5844"": 2}",[],[],"{""seq"": 0, ""waiver_bid"": 0}"
2026-10-06T23:57:23+00:00,1370453762442797056,4,1411596403964174336,free_agent,complete,1790913318199,1790913318199,[2],"{""8154"": 2}","{""12455"": 2}",[],[],{}
2026-10-06T23:57:23+00:00,1370453762442797056,4,1411593734910451712,free_agent,complete,1790912681847,1790912681847,[2],"{""5970"": 2}","{""11655"": 2}",[],[],{}
2026-10-06T23:57:23+00:00,1370453762442797056,4,1411032677825462272,waiver,complete,1790778915415,1790921287091,[4],"{""11566"": 4}","{""3257"": 4}",[],[],"{""seq"": 0, ""waiver_bid"": 1}"
2026-10-06T23:57:23+00:00,1370453762442797056,4,1411028587103985664,free_agent,complete,1790777940110,1790777940110,[13],"{""12718"": 13}",{},[],[],{}
2026-10-06T23:57:23+00:00,1370453762442797056,4,1411028540937240576,free_agent,complete,1790777929103,1790777929103,[13],{},"{""11618"": 13}",[],[],{}
2026-10-06T23:57:23+00:00,1370453762442797056,4,1411028036190588928,free_agent,complete,1790777808762,1790777808762,[13],"{""12185"": 13}",{},[],[],{}
2026-10-06T23:57:23+00:00,1370453762442797056,4,1411013355031805952,free_agent,complete,1790774308501,1790774308501,[3],"{""3271"": 3}","{""3286"": 3}",[],[],{}
2026-10-06T23:57:23+00:00,1370453762442797056,4,1411012759272923136,free_agent,complete,1790774166461,1790774166461,[3],"{""4177"": 3}","{""13293"": 3}",[],[],{}
2026-10-06T23:57:23+00:00,1370453762442797056,4,1411012506234650624,free_agent,complete,1790774106132,1790774106132,[3],{},"{""10222"": 3}",[],[],{}
2026-10-06T23:57:23+00:00,1370453762442797056,4,1410999296068796416,waiver,complete,1790770956584,1790937490397,[2],"{""4993"": 2}","{""11617"": 2}",[],[],"{""seq"": 0, ""waiver_bid"": 0}"
2026-10-06T23:57:23+00:00,1370453762442797056,4,1410986185085538304,free_agent,complete,1790767830681,1790767830681,[11],"{""8168"": 11}","{""4993"": 11}",[],[],{}
2026-10-06T23:57:23+00:00,1370453762442797056,4,1410977102638940160,free_agent,complete,1790765665258,1790765665258,[7],"{""12509"": 7}","{""11994"": 7}",[],[],{}
2026-10-06T23:57:23+00:00,1370453762442797056,4,1410920802827726848,free_agent,complete,1790752242336,1790752242336,[9],"{""7567"": 9}","{""11643"": 9}",[],[],{}
2026-10-06T23:57:23+00:00,1370453762442797056,4,1410920691053662208,free_agent,complete,1790752215687,1790752215687,[1],"{""12495"": 1}","{""12641"": 1}",[],[],{}
2026-10-06T23:57:23+00:00,1370218620990263296,4,1411836573208637440,waiver,failed,1790970579010,1791010832320,[12],"{""8168"": 12}",{},[],[],"{""seq"": 10, ""waiver_bid"": 0}"
2026-10-06T23:57:23+00:00,1370218620990263296,4,1411836474583773184,waiver,complete,1790970555496,1791010832320,[12],"{""8207"": 12}","{""11237"": 12}",[],[],"{""seq"": 9, ""waiver_bid"": 0}"
2026-10-06T23:57:23+00:00,1370218620990263296,4,1411763592126017536,waiver,complete,1790953178964,1791010832320,[1],"{""8168"": 1}",{},[],[],"{""seq"": 4, ""waiver_bid"": 1}"
2026-10-06T23:57:23+00:00,1370218620990263296,4,1411763277368713216,free_agent,complete,1790953103919,1790953103919,[1],{},"{""10226"": 1}",[],[],{}
2026-10-06T23:57:23+00:00,1370218620990263296,4,1411574696192888832,free_agent,complete,1790908142663,1790908142663,[10],{},"{""11592"": 10}",[],[],{}
2026-10-06T23:57:23+00:00,1370218620990263296,4,1411451023930695680,waiver,complete,1790878656898,1791010832320,[5],"{""6828"": 5}",{},[],[],"{""priority"": 0, ""seq"": 2, ""waiver_bid"": 2}"
2026-10-06T23:57:23+00:00,1370218620990263296,4,1411450680115294208,waiver,failed,1790878574926,1791010832320,[5],"{""11571"": 5}",{},[],[],"{""priority"": 1, ""seq"": 3, ""waiver_bid"": 2}"
2026-10-06T23:57:23+00:00,1370218620990263296,4,1411360107228307456,waiver,complete,1790856980668,1791010832320,[1],"{""11571"": 1}",{},[],[],"{""seq"": 1, ""waiver_bid"": 6}"
2026-10-06T23:57:23+00:00,1370218620990263296,4,1411360017256300544,waiver,complete,1790856959216,1791010832320,[1],"{""12718"": 1}",{},[],[],"{""seq"": 0, ""waiver_bid"": 6}"
2026-10-06T23:57:23+00:00,1370218620990263296,4,1411177146608635904,free_agent,complete,1790813359456,1790813359456,[4],{},"{""11629"": 4}",[],[],{}
2026-10-06T23:57:23+00:00,1370218620990263296,4,1411075925549817856,waiver,failed,1790789226476,1791010832320,[7],"{""8168"": 7}",{},[],[],"{""seq"": 7, ""waiver_bid"": 0}"
2026-10-06T23:57:23+00:00,1370218620990263296,4,1411075894310686720,waiver,failed,1790789219028,1791010832320,[7],"{""6828"": 7}",{},[],[],"{""seq"": 6, ""waiver_bid"": 0}"
2026-10-06T23:57:23+00:00,1370218620990263296,4,1411075851876876288,waiver,failed,1790789208910,1791010832320,[7],"{""11571"": 7}",{},[],[],"{""seq"": 5, ""waiver_bid"": 0}"
2026-10-06T23:57:23+00:00,1370218620990263296,4,1411001070661947392,waiver,complete,1790771379679,1791010832320,[8],"{""3271"": 8}","{""8117"": 8}",[],[],"{""seq"": 8, ""waiver_bid"": 0}"
2026-10-06T23:57:23+00:00,1366076769534251008,4,1412951386156511232,free_agent,complete,1791236371129,1791236371129,[5],"{""4018"": 5}","{""1479"": 5}",[],[],{}
2026-10-06T23:57:23+00:00,1366076769534251008,4,1412267590645985280,free_agent,complete,1791073341574,1791073341574,[6],"{""12718"": 6}",{},[],[],{}
2026-10-06T23:57:23+00:00,1366076769534251008,4,1412233357059780608,free_agent,complete,1791065179651,1791065179651,[5],"{""4663"": 5}","{""8800"": 5}",[],[],{}
2026-10-06T23:57:23+00:00,1366076769534251008,4,1411937872512061440,free_agent,complete,1790994730645,1790994730645,[8],{},"{""11596"": 8}",[],[],{}
2026-10-06T23:57:23+00:00,1366076769534251008,4,1411932160025247744,trade,complete,1790993368683,1790994329507,"[6, 8]","{""10236"": 6, ""12509"": 8, ""3198"": 8, ""4217"": 8, ""5870"": 8, ""6804"": 6, ""9486"": 8}","{""10236"": 8, ""12509"": 6, ""3198"": 6, ""4217"": 6, ""5870"": 6, ""6804"": 8, ""9486"": 6}","[{""league_id"": null, ""owner_id"": 6, ""previous_owner_id"": 8, ""roster_id"": 8, ""round"": 1, ""season"": ""2027""}, {""league_id"": null, ""owner_id"": 6, ""previous_owner_id"": 8, ""roster_id"": 8, ""round"": 2, ""season"": ""2027""}, {""league_id"": null, ""owner_id"": 6, ""previous_owner_id"": 8, ""roster_id"": 8, ""round"": 2, ""season"": ""2028""}]",[],"{""is_counter"": 1}"
2026-10-06T23:57:23+00:00,1366076769534251008,4,1411923765037654016,free_agent,complete,1790991367162,1790991367162,[8],"{""7528"": 8}",{},[],[],{}
2026-10-06T23:57:23+00:00,1366076769534251008,4,1411586819270713344,free_agent,complete,1790911033030,1790911033030,[7],"{""1737"": 7}","{""5854"": 7}",[],[],{}
2026-10-06T23:57:23+00:00,1366076769534251008,4,1411429938640281600,free_agent,complete,1790873629773,1790873629773,[5],"{""3271"": 5}","{""9504"": 5}",[],[],{}
2026-10-06T23:57:23+00:00,1366076769534251008,4,1411101505926295552,free_agent,complete,1790795325312,1790795325312,[2],"{""4993"": 2}","{""7021"": 2}",[],[],{}
2026-10-06T23:57:23+00:00,1366076769534251008,4,1410924955385741312,free_agent,complete,1790753232383,1790753232383,[1],"{""11571"": 1}",{},[],[],{}
2026-10-06T23:57:23+00:00,1359546418284494848,4,1412958441642737664,free_agent,complete,1791238053287,1791238053287,[6],"{""4018"": 6}","{""5045"": 6}",[],[],{}
2026-10-06T23:57:23+00:00,1359546418284494848,4,1412555071119486976,free_agent,complete,1791141882261,1791141882261,[3],"{""1166"": 3}","{""1479"": 3}",[],[],{}
2026-10-06T23:57:23+00:00,1359546418284494848,4,1412523426899353600,free_agent,complete,1791134337690,1791134337690,[6],"{""4224"": 6}","{""10218"": 6}",[],[],{}
2026-10-06T23:57:23+00:00,1359546418284494848,4,1412500030991908864,free_agent,complete,1791128759671,1791128759671,[9],"{""7049"": 9}","{""7567"": 9}",[],[],{}
2026-10-06T23:57:23+00:00,1359546418284494848,4,1412268718947323904,free_agent,complete,1791073610582,1791073610582,[5],"{""9758"": 5}","{""6804"": 5}",[],[],{}
2026-10-06T23:57:23+00:00,1359546418284494848,4,1412016589116542976,free_agent,complete,1791013498146,1791013498146,[2],"{""11435"": 2}","{""3271"": 2}",[],[],{}
2026-10-06T23:57:23+00:00,1359546418284494848,4,1411839997010571264,free_agent,complete,1790971395308,1790971395308,[5],"{""6217"": 5}","{""7647"": 5}",[],[],{}
2026-10-06T23:57:23+00:00,1359546418284494848,4,1411828196264943616,free_agent,complete,1790968581790,1790968581790,[10],"{""4177"": 10}","{""4993"": 10}",[],[],{}
2026-10-06T23:57:23+00:00,1359546418284494848,4,1411586677020856320,free_agent,complete,1790910999116,1790910999116,[9],"{""6125"": 9}","{""11625"": 9}",[],[],{}
2026-10-06T23:57:23+00:00,1359546418284494848,4,1411571737954373632,waiver,complete,1790907437365,1790928933005,[6],"{""9486"": 6}",{},[],[],"{""seq"": 0}"
2026-10-06T23:57:23+00:00,1359546418284494848,4,1411485949585530880,free_agent,complete,1790886983823,1790886983823,[8],"{""9757"": 8}","{""5850"": 8}",[],[],{}
2026-10-06T23:57:23+00:00,1359546418284494848,4,1411389530073739264,free_agent,complete,1790863995620,1790863995620,[1],"{""4943"": 1}","{""1166"": 1}",[],[],{}
2026-10-06T23:57:23+00:00,1359546418284494848,4,1411027584120037376,free_agent,complete,1790777700981,1790777700981,[12],"{""6083"": 12}","{""12617"": 12}",[],[],{}
2026-10-06T23:57:23+00:00,1359546418284494848,4,1411026558885306368,free_agent,complete,1790777456545,1790777456545,[12],"{""12617"": 12}",{},[],[],{}
2026-10-06T23:57:23+00:00,1359546418284494848,4,1411026306220445696,free_agent,complete,1790777396306,1790777396306,[12],"{""12567"": 12}","{""7136"": 12}",[],[],{}
2026-10-06T23:57:23+00:00,1359546418284494848,4,1411011783837143040,free_agent,complete,1790773933899,1790773933899,[1],{},"{""10880"": 1}",[],[],{}
2026-10-06T23:57:23+00:00,1359546418284494848,4,1411009800606625792,free_agent,complete,1790773461060,1790773461060,[9],"{""11625"": 9}",{},[],[],{}
2026-10-06T23:57:23+00:00,1359546418284494848,4,1410952236024045572,free_agent,complete,1790759736594,1790759736594,[1],"{""11643"": 1}",{},[],[],{}
2026-10-06T23:57:23+00:00,1359546418284494848,4,1410950908002553856,free_agent,complete,1790759419969,1790759419969,[1],"{""3321"": 1}","{""9486"": 1}",[],[],{}
2026-10-06T23:57:23+00:00,1359546418284494848,4,1410925934885769216,free_agent,complete,1790753465914,1790753465914,[2],"{""8329"": 2}",{},[],[],{}
2026-10-06T23:57:23+00:00,1359546418284494848,4,1410925921065603072,free_agent,complete,1790753462620,1790753462620,[2],{},"{""11435"": 2}",[],[],{}
2026-10-06T23:57:23+00:00,1359546418284494848,4,1410923790426218496,free_agent,complete,1790752954635,1790752954635,[1],"{""1166"": 1}",{},[],[],{}
2026-10-06T23:57:23+00:00,1359546418284494848,4,1410923098525450240,free_agent,complete,1790752789673,1790752789673,[1],"{""11739"": 1}","{""5864"": 1}",[],[],{}
2026-10-06T23:57:23+00:00,1359546418284494848,4,1410922870577668096,free_agent,complete,1790752735326,1790752735326,[1],"{""13453"": 1}","{""13379"": 1}",[],[],{}
2026-10-06T23:57:23+00:00,1359546418284494848,4,1410922319211237376,free_agent,complete,1790752603870,1790752603870,[1],"{""3634"": 1}","{""9754"": 1}",[],[],{}
