snapshot_utc,sleeper_id,player,position,nfl_team,usage_season,current_season_data,games_with_snaps,games_with_stats,latest_week,latest_offense_snap_pct,last3_offense_snap_pct,season_offense_snap_pct,last_targets,last3_targets_pg,season_targets_pg,last_carries,last3_carries_pg,season_carries_pg,last_receptions,last3_receptions_pg,last3_opportunities_pg,season_opportunities_pg,usage_signal,usage_adjustment,injury_status,depth_chart_order,my_leagues,free_agent_leagues
2026-10-06T23:57:38+00:00,8228,Jaylen Warren,RB,PIT,2026,True,4,4,4,97.0,86.0,73.8,6.0,4.67,5.0,17.0,15.0,13.75,3.0,2.67,19.67,18.75,RISING,6.0,,1,1,
2026-10-06T23:57:38+00:00,4199,Aaron Jones,RB,MIN,2026,True,4,4,4,73.0,78.0,70.0,8.0,4.67,3.75,20.0,20.0,18.0,4.0,3.0,24.67,21.75,RISING,5.0,,1,1,
2026-10-06T23:57:38+00:00,5846,DK Metcalf,WR,PIT,2026,True,4,4,4,97.0,96.3,96.2,9.0,7.67,8.25,0.0,0.0,0.0,5.0,4.0,7.67,8.25,STABLE,4.0,,1,1,
2026-10-06T23:57:38+00:00,7525,DeVonta Smith,WR,PHI,2026,True,3,3,3,100.0,94.3,94.3,8.0,9.0,9.0,0.0,0.0,0.0,6.0,6.33,9.0,9.0,STABLE,4.0,Out,7,0,
2026-10-06T23:57:38+00:00,8146,Garrett Wilson,WR,NYJ,2026,True,4,4,4,100.0,94.0,89.2,4.0,8.0,7.75,0.0,0.0,0.0,3.0,6.0,8.0,7.75,STABLE,4.0,,1,1,
2026-10-06T23:57:38+00:00,10232,Michael Wilson,WR,ARI,2026,True,4,4,4,94.0,93.7,91.5,13.0,12.33,11.0,0.0,0.0,0.0,7.0,6.67,12.33,11.0,STABLE,4.0,,1,0,
2026-10-06T23:57:38+00:00,8130,Trey McBride,TE,ARI,2026,True,4,4,4,97.0,92.0,89.0,12.0,11.0,11.5,0.0,0.0,0.0,7.0,8.0,11.0,11.5,STABLE,4.0,,1,0,
2026-10-06T23:57:38+00:00,11834,Devaughn Vele,WR,NO,2026,True,4,4,4,89.0,91.0,91.0,9.0,7.33,7.75,0.0,0.0,0.0,6.0,4.67,7.33,7.75,STABLE,4.0,,2,2,
2026-10-06T23:57:38+00:00,10859,Sam LaPorta,TE,DET,2026,True,4,4,4,79.0,89.7,87.5,13.0,8.0,8.0,0.0,0.0,0.0,8.0,5.67,8.0,8.0,STABLE,4.0,,1,0,
2026-10-06T23:57:38+00:00,12518,Tyler Warren,TE,IND,2026,True,4,4,4,85.0,89.3,90.2,5.0,7.33,6.75,0.0,0.67,0.5,5.0,6.67,7.33,6.75,STABLE,4.0,,1,0,
2026-10-06T23:57:38+00:00,7547,Amon-Ra St. Brown,WR,DET,2026,True,4,4,4,96.0,88.3,88.8,11.0,10.67,11.5,0.0,0.0,0.0,8.0,7.0,10.67,11.5,STABLE,4.0,,1,1,
2026-10-06T23:57:38+00:00,12526,Tetairoa McMillan,WR,CAR,2026,True,4,4,4,89.0,88.0,86.5,16.0,10.33,9.75,0.0,0.0,0.0,14.0,7.0,10.33,9.75,STABLE,4.0,,1,2,
2026-10-06T23:57:38+00:00,12501,Matthew Golden,WR,GB,2026,True,4,4,4,88.0,85.3,84.5,7.0,8.33,9.25,1.0,0.33,0.25,3.0,4.0,8.33,9.25,STABLE,4.0,,2,0,
2026-10-06T23:57:38+00:00,8144,Chris Olave,WR,NO,2026,True,4,4,4,86.0,84.7,85.0,12.0,11.67,12.0,0.0,0.0,0.0,8.0,8.33,11.67,12.0,STABLE,4.0,,1,0,
2026-10-06T23:57:38+00:00,6813,Jonathan Taylor,RB,IND,2026,True,4,4,4,71.0,83.3,84.7,4.0,3.67,3.75,20.0,22.33,21.5,1.0,2.33,26.0,25.25,STABLE,4.0,,1,1,
2026-10-06T23:57:38+00:00,13279,Carnell Tate,WR,TEN,2026,True,4,4,4,84.0,82.3,83.8,12.0,8.67,8.0,0.0,0.0,0.0,9.0,6.0,8.67,8.0,STABLE,4.0,,1,1,
2026-10-06T23:57:38+00:00,8137,George Pickens,WR,DAL,2026,True,4,4,4,86.0,82.3,82.8,3.0,7.33,7.0,0.0,0.0,0.0,2.0,5.0,7.33,7.0,STABLE,4.0,,2,0,
2026-10-06T23:57:38+00:00,6801,Tee Higgins,WR,CIN,2026,True,4,4,4,79.0,81.3,79.0,16.0,11.0,9.75,0.0,0.0,0.0,11.0,7.33,11.0,9.75,STABLE,4.0,Questionable,1,0,
2026-10-06T23:57:38+00:00,13298,KC Concepcion,WR,CLE,2026,True,4,4,4,92.0,81.3,78.2,8.0,7.67,7.0,0.0,0.33,1.0,5.0,4.33,7.67,7.0,STABLE,4.0,,2,0,
2026-10-06T23:57:38+00:00,8112,Drake London,WR,ATL,2026,True,4,4,4,89.0,81.3,85.5,6.0,7.0,6.25,0.0,0.33,0.5,5.0,6.0,7.0,6.25,STABLE,4.0,,1,1,
2026-10-06T23:57:38+00:00,6786,CeeDee Lamb,WR,DAL,2026,True,4,4,4,86.0,81.0,81.0,21.0,12.67,11.5,1.0,0.33,0.5,17.0,10.67,12.67,11.5,STABLE,4.0,,1,0,
2026-10-06T23:57:38+00:00,2133,Davante Adams,WR,LAR,2026,True,4,4,4,95.0,81.0,74.2,9.0,10.67,9.5,0.0,0.0,0.0,4.0,6.33,10.67,9.5,STABLE,4.0,,2,0,
2026-10-06T23:57:38+00:00,9488,Jaxon Smith-Njigba,WR,SEA,2026,True,4,4,4,88.0,80.7,83.0,6.0,10.33,10.5,0.0,0.0,0.0,5.0,8.0,10.33,10.5,STABLE,4.0,,1,0,
2026-10-06T23:57:38+00:00,11604,Brock Bowers,TE,LV,2026,True,2,2,4,82.0,80.5,80.5,11.0,12.0,12.0,0.0,0.0,0.0,6.0,8.0,12.0,12.0,STABLE,4.0,,1,0,
2026-10-06T23:57:38+00:00,9493,Puka Nacua,WR,LAR,2026,True,2,2,4,90.0,80.0,80.0,12.0,10.5,10.5,1.0,0.5,0.5,9.0,7.0,10.5,10.5,STABLE,4.0,,1,0,
2026-10-06T23:57:38+00:00,11435,Emanuel Wilson,RB,SEA,2026,True,4,4,4,60.0,45.7,35.8,4.0,1.67,1.25,21.0,17.0,13.25,3.0,1.0,18.67,14.5,RISING,4.0,,1,1,
2026-10-06T23:57:38+00:00,9756,Jordan Addison,WR,MIN,2026,True,4,4,4,96.0,94.0,91.2,6.0,6.67,5.5,1.0,0.33,0.25,4.0,3.67,6.67,5.5,STABLE,3.0,,1,0,
2026-10-06T23:57:38+00:00,8111,Cade Otton,TE,TB,2026,True,4,4,4,95.0,92.7,94.0,6.0,6.0,5.75,0.0,0.0,0.0,4.0,4.0,6.0,5.75,STABLE,3.0,,1,0,
2026-10-06T23:57:38+00:00,8148,Jameson Williams,WR,DET,2026,True,4,4,4,99.0,92.7,90.5,8.0,5.33,6.25,0.0,0.0,0.0,6.0,4.0,5.33,6.25,STABLE,3.0,,2,0,
2026-10-06T23:57:38+00:00,13346,Denzel Boston,WR,CLE,2026,True,4,4,4,95.0,92.3,92.2,7.0,6.0,5.5,0.0,0.0,0.0,4.0,3.67,6.0,5.5,STABLE,3.0,,1,1,
2026-10-06T23:57:38+00:00,9484,Tucker Kraft,TE,GB,2026,True,4,4,4,92.0,88.7,83.0,7.0,6.0,6.0,1.0,0.33,0.25,6.0,4.0,6.0,6.0,STABLE,3.0,,1,2,
2026-10-06T23:57:38+00:00,13296,Caleb Douglas,WR,MIA,2026,True,2,2,2,86.0,88.5,88.5,3.0,5.0,5.0,0.0,0.0,0.0,2.0,3.5,5.0,5.0,STABLE,3.0,Out,9,0,
2026-10-06T23:57:38+00:00,12506,Harold Fannin,TE,CLE,2026,True,4,4,4,89.0,87.0,85.8,5.0,6.67,5.75,0.0,0.0,0.0,3.0,5.0,6.67,5.75,STABLE,3.0,,1,0,
2026-10-06T23:57:38+00:00,11603,AJ Barner,TE,SEA,2026,True,4,4,4,90.0,87.0,87.2,3.0,4.33,3.75,0.0,0.33,0.25,1.0,2.33,4.33,3.75,STABLE,3.0,,1,1,
2026-10-06T23:57:38+00:00,9482,Michael Mayer,TE,LV,2026,True,4,4,4,88.0,86.3,85.0,10.0,5.67,6.0,0.0,0.0,0.0,8.0,4.67,5.67,6.0,STABLE,3.0,,2,0,
2026-10-06T23:57:38+00:00,11620,Rome Odunze,WR,CHI,2026,True,4,4,4,89.0,86.0,76.5,7.0,5.67,5.0,0.0,0.0,0.0,6.0,4.0,5.67,5.0,STABLE,3.0,,2,0,
2026-10-06T23:57:38+00:00,12517,Colston Loveland,TE,CHI,2026,True,4,4,4,92.0,85.7,86.0,9.0,5.33,4.5,0.0,0.0,0.0,6.0,3.67,5.33,4.5,STABLE,3.0,,1,0,
2026-10-06T23:57:38+00:00,12514,Emeka Egbuka,WR,TB,2026,True,4,4,4,94.0,84.7,85.0,4.0,6.0,6.0,0.0,0.33,0.25,2.0,3.33,6.0,6.0,STABLE,3.0,,1,1,
2026-10-06T23:57:38+00:00,5947,Jakobi Meyers,WR,JAX,2026,True,4,4,4,82.0,84.3,79.5,4.0,4.33,3.75,0.0,0.0,0.25,3.0,3.67,4.33,3.75,STABLE,3.0,,2,0,
2026-10-06T23:57:38+00:00,1466,Travis Kelce,TE,KC,2026,True,4,4,4,83.0,82.3,79.5,4.0,5.67,5.5,0.0,0.0,0.0,2.0,4.33,5.67,5.5,STABLE,3.0,,1,0,
2026-10-06T23:57:38+00:00,9480,Brenton Strange,TE,JAX,2026,True,4,4,4,87.0,82.3,78.8,8.0,5.0,4.5,0.0,0.0,0.0,7.0,4.0,5.0,4.5,STABLE,3.0,,1,0,
2026-10-06T23:57:38+00:00,11610,Malik Washington,WR,MIA,2026,True,4,4,4,87.0,82.0,86.0,5.0,6.67,7.0,2.0,1.67,1.25,5.0,4.67,6.67,7.0,STABLE,3.0,,1,1,
2026-10-06T23:57:38+00:00,11624,Xavier Worthy,WR,KC,2026,True,4,4,4,75.0,81.3,80.2,7.0,5.33,5.5,0.0,0.0,0.0,4.0,3.67,5.33,5.5,STABLE,3.0,,2,0,
2026-10-06T23:57:38+00:00,9754,Quentin Johnston,WR,LAC,2026,True,4,4,4,75.0,81.0,80.2,2.0,4.33,4.75,1.0,0.67,0.5,1.0,1.67,4.33,4.75,STABLE,3.0,,1,0,
2026-10-06T23:57:38+00:00,9487,Parker Washington,WR,JAX,2026,True,4,4,4,80.0,80.7,75.8,3.0,6.67,6.5,1.0,0.33,0.25,1.0,3.67,6.67,6.5,STABLE,3.0,,1,1,
2026-10-06T23:57:38+00:00,9486,Dontayvion Wicks,WR,PHI,2026,True,4,4,4,92.0,80.7,83.2,5.0,5.33,5.0,0.0,0.0,0.0,3.0,3.33,5.33,5.0,STABLE,3.0,,1,0,
2026-10-06T23:57:38+00:00,9221,Jahmyr Gibbs,RB,DET,2026,True,4,4,4,87.0,79.7,78.2,7.0,7.67,7.0,15.0,17.0,20.0,4.0,5.67,24.67,27.0,STABLE,3.0,,1,0,
2026-10-06T23:57:38+00:00,8167,Christian Watson,WR,GB,2026,True,4,4,4,68.0,79.3,78.5,3.0,8.0,8.0,0.0,0.0,0.0,3.0,4.67,8.0,8.0,STABLE,3.0,,1,0,
2026-10-06T23:57:38+00:00,3155,Laquon Treadwell,WR,IND,2026,True,4,4,4,85.0,79.3,68.2,6.0,3.33,2.75,0.0,0.0,0.0,5.0,3.0,3.33,2.75,RISING,3.0,,2,0,
2026-10-06T23:57:38+00:00,5844,T.J. Hockenson,TE,MIN,2026,True,4,4,4,83.0,79.0,75.8,13.0,7.0,6.5,0.0,0.0,0.0,13.0,6.0,7.0,6.5,STABLE,3.0,,1,0,
2026-10-06T23:57:38+00:00,7594,Chuba Hubbard,RB,CAR,2026,True,4,4,4,84.0,77.7,76.0,2.0,2.67,2.75,20.0,17.0,15.25,1.0,2.33,19.67,18.0,STABLE,3.0,,1,1,
2026-10-06T23:57:38+00:00,12527,Ashton Jeanty,RB,LV,2026,True,4,4,4,67.0,77.3,76.5,8.0,6.0,6.0,15.0,18.33,19.5,6.0,4.33,24.33,25.5,STABLE,3.0,,1,0,
2026-10-06T23:57:38+00:00,5927,Terry McLaurin,WR,WAS,2026,True,3,3,3,75.0,77.3,77.3,9.0,7.33,7.33,0.0,0.0,0.0,6.0,3.33,7.33,7.33,STABLE,3.0,Out,5,0,
2026-10-06T23:57:38+00:00,8151,Kenneth Walker,RB,KC,2026,True,4,4,4,75.0,76.7,74.5,1.0,4.33,4.75,22.0,21.33,21.75,1.0,3.0,25.67,26.5,STABLE,3.0,,1,1,
2026-10-06T23:57:38+00:00,7588,Javonte Williams,RB,DAL,2026,True,4,4,4,74.0,76.7,75.2,5.0,4.0,4.25,19.0,16.67,15.5,5.0,3.33,20.67,19.75,STABLE,3.0,,1,1,
2026-10-06T23:57:38+00:00,9500,Josh Downs,WR,IND,2026,True,4,4,4,77.0,76.0,79.2,4.0,8.0,7.0,0.0,0.0,0.0,3.0,5.0,8.0,7.0,STABLE,3.0,,1,1,
2026-10-06T23:57:38+00:00,11625,Adonai Mitchell,WR,NYJ,2026,True,2,2,2,82.0,75.5,75.5,12.0,7.5,7.5,0.0,0.0,0.0,6.0,4.5,7.5,7.5,STABLE,3.0,Out,7,0,
2026-10-06T23:57:38+00:00,9224,Chase Brown,RB,CIN,2026,True,4,4,4,79.0,73.0,72.8,11.0,6.0,6.0,9.0,14.0,14.5,11.0,5.33,20.0,20.5,STABLE,3.0,,1,1,
2026-10-06T23:57:38+00:00,8131,Isaiah Likely,TE,NYG,2026,True,4,4,4,66.0,73.0,67.0,12.0,9.0,8.75,0.0,0.0,0.0,7.0,4.67,9.0,8.75,STABLE,3.0,,1,0,
2026-10-06T23:57:38+00:00,7569,Nico Collins,WR,HOU,2026,True,2,2,4,69.0,70.5,70.5,8.0,9.0,9.0,0.0,0.5,0.5,7.0,7.0,9.0,9.0,STABLE,3.0,,1,0,
2026-10-06T23:57:38+00:00,8150,Kyren Williams,RB,LAR,2026,True,4,4,4,83.0,69.7,68.2,13.0,7.33,6.25,16.0,14.33,13.5,10.0,6.0,21.67,19.75,STABLE,3.0,,1,0,
2026-10-06T23:57:38+00:00,4034,Christian McCaffrey,RB,SF,2026,True,4,4,4,74.0,69.7,66.0,5.0,4.67,5.5,15.0,13.33,12.5,3.0,3.67,18.0,18.0,STABLE,3.0,,1,0,
2026-10-06T23:57:38+00:00,7564,Ja'Marr Chase,WR,CIN,2026,True,4,4,4,20.0,69.3,75.5,3.0,8.0,7.0,0.0,0.0,0.0,3.0,6.33,8.0,7.0,STABLE,3.0,Out,2,2,
2026-10-06T23:57:38+00:00,7526,Jaylen Waddle,WR,DEN,2026,True,4,4,4,68.0,67.3,69.2,6.0,7.67,6.5,0.0,0.33,0.25,5.0,5.0,7.67,6.5,STABLE,3.0,,1,0,
2026-10-06T23:57:38+00:00,8138,James Cook,RB,BUF,2026,True,4,4,4,59.0,66.7,68.0,2.0,2.0,2.5,12.0,19.0,17.5,2.0,1.0,21.0,20.0,STABLE,3.0,,1,0,
2026-10-06T23:57:38+00:00,12481,Cam Skattebo,RB,NYG,2026,True,4,4,4,64.0,66.7,65.2,1.0,3.0,2.25,18.0,16.67,17.0,1.0,2.67,19.67,19.25,STABLE,3.0,,1,0,
2026-10-06T23:57:38+00:00,11646,Jalen Coker,WR,CAR,2026,True,3,3,3,36.0,65.3,65.3,4.0,7.33,7.33,0.0,0.0,0.0,2.0,6.0,7.33,7.33,STABLE,3.0,Out,7,0,
2026-10-06T23:57:38+00:00,11157,Brycen Tremayne,WR,CAR,2026,True,4,4,4,92.0,63.3,52.0,3.0,3.0,2.25,0.0,0.0,0.0,2.0,2.0,3.0,2.25,RISING,3.0,,2,0,
2026-10-06T23:57:38+00:00,11584,Bucky Irving,RB,TB,2026,True,4,4,4,59.0,63.0,62.5,0.0,2.67,3.75,16.0,16.0,14.0,0.0,2.0,18.67,17.75,STABLE,3.0,,1,2,
2026-10-06T23:57:38+00:00,12512,Quinshon Judkins,RB,CLE,2026,True,4,4,4,66.0,61.3,62.3,7.0,4.67,4.0,17.0,15.67,14.75,6.0,4.33,20.33,18.75,STABLE,3.0,,1,1,
2026-10-06T23:57:38+00:00,9509,Bijan Robinson,RB,ATL,2026,True,4,4,4,60.0,61.0,65.0,2.0,2.67,4.5,19.0,21.33,21.25,1.0,2.0,24.0,25.75,STABLE,3.0,,1,0,
2026-10-06T23:57:38+00:00,3198,Derrick Henry,RB,BAL,2026,True,4,4,4,62.0,60.7,59.0,2.0,2.0,1.75,23.0,21.67,22.25,2.0,2.0,23.67,24.0,STABLE,3.0,,1,0,
2026-10-06T23:57:38+00:00,12495,Ollie Gordon,RB,MIA,2026,True,4,3,4,56.0,53.0,41.5,2.0,1.67,1.67,9.0,9.67,9.67,2.0,1.67,11.33,11.33,RISING,3.0,,1,1,
2026-10-06T23:57:38+00:00,9758,C.J. Stroud,QB,HOU,2026,True,4,4,4,100.0,100.0,100.0,0.0,0.0,0.0,2.0,2.33,2.25,0.0,0.0,0.0,0.0,STABLE,2.0,,1,0,
2026-10-06T23:57:38+00:00,12522,Cam Ward,QB,TEN,2026,True,4,4,4,100.0,100.0,100.0,0.0,0.0,0.0,4.0,3.0,3.25,0.0,0.0,0.0,0.0,STABLE,2.0,,1,0,
2026-10-06T23:57:38+00:00,3294,Dak Prescott,QB,DAL,2026,True,4,4,4,100.0,100.0,100.0,0.0,0.0,0.0,2.0,3.33,3.0,0.0,0.0,0.0,0.0,STABLE,2.0,,1,1,
2026-10-06T23:57:38+00:00,5870,Daniel Jones,QB,IND,2026,True,4,4,4,100.0,100.0,100.0,0.0,0.0,0.0,4.0,3.33,2.75,0.0,0.0,0.0,0.0,STABLE,2.0,,1,0,
2026-10-06T23:57:38+00:00,1373,Geno Smith,QB,NYJ,2026,True,4,4,4,100.0,100.0,100.0,0.0,0.0,0.0,0.0,2.33,3.25,0.0,0.0,0.0,0.0,STABLE,2.0,,1,1,
2026-10-06T23:57:38+00:00,3257,Jacoby Brissett,QB,ARI,2026,True,4,4,4,100.0,100.0,100.0,0.0,0.0,0.0,4.0,3.0,3.75,0.0,0.0,0.0,0.0,STABLE,2.0,,1,0,
2026-10-06T23:57:38+00:00,3163,Jared Goff,QB,DET,2026,True,4,4,4,100.0,100.0,100.0,0.0,0.0,0.0,0.0,2.33,2.25,0.0,0.0,0.0,0.0,STABLE,2.0,,1,0,
2026-10-06T23:57:38+00:00,6770,Joe Burrow,QB,CIN,2026,True,4,4,4,100.0,100.0,100.0,0.0,0.0,0.0,3.0,2.0,2.75,0.0,0.0,0.0,0.0,STABLE,2.0,,1,2,
2026-10-06T23:57:38+00:00,6804,Jordan Love,QB,GB,2026,True,4,4,4,100.0,100.0,100.0,0.0,0.0,0.0,4.0,1.67,1.5,0.0,0.0,0.0,0.0,STABLE,2.0,,1,0,
2026-10-06T23:57:38+00:00,4984,Josh Allen,QB,BUF,2026,True,4,4,4,100.0,100.0,100.0,0.0,0.33,0.25,5.0,9.0,8.25,0.0,0.33,0.0,0.0,STABLE,2.0,,1,0,
2026-10-06T23:57:38+00:00,6797,Justin Herbert,QB,LAC,2026,True,4,4,4,100.0,100.0,100.0,1.0,0.33,0.25,6.0,4.33,4.5,0.0,0.0,0.0,0.0,STABLE,2.0,,1,0,
2026-10-06T23:57:38+00:00,1166,Kirk Cousins,QB,LV,2026,True,4,4,4,100.0,100.0,100.0,0.0,0.0,0.0,0.0,2.33,3.0,0.0,0.0,0.0,0.0,STABLE,2.0,,1,1,
2026-10-06T23:57:38+00:00,8161,Malik Willis,QB,MIA,2026,True,4,4,4,100.0,100.0,100.0,0.0,0.0,0.0,2.0,4.33,4.75,0.0,0.0,0.0,0.0,STABLE,2.0,,1,0,
2026-10-06T23:57:38+00:00,421,Matthew Stafford,QB,LAR,2026,True,4,4,4,100.0,100.0,96.0,0.0,0.0,0.0,3.0,3.0,2.75,0.0,0.0,0.0,0.0,STABLE,2.0,,1,0,
2026-10-06T23:57:38+00:00,11559,Michael Penix,QB,ATL,2026,True,2,2,4,100.0,100.0,100.0,0.0,0.0,0.0,2.0,2.0,2.0,0.0,0.0,0.0,0.0,STABLE,2.0,,1,0,
2026-10-06T23:57:38+00:00,4046,Patrick Mahomes,QB,KC,2026,True,4,4,4,100.0,100.0,100.0,0.0,0.0,0.0,2.0,1.67,3.0,0.0,0.0,0.0,0.0,STABLE,2.0,,1,0,
2026-10-06T23:57:38+00:00,12545,Tyler Shough,QB,NO,2026,True,4,4,4,100.0,100.0,100.0,0.0,0.0,0.0,2.0,4.0,4.0,0.0,0.0,0.0,0.0,STABLE,2.0,,1,0,
2026-10-06T23:57:38+00:00,4017,Deshaun Watson,QB,CLE,2026,True,4,4,4,100.0,99.7,99.8,0.0,0.0,0.0,7.0,8.33,7.75,0.0,0.0,0.0,0.0,STABLE,2.0,,1,1,
2026-10-06T23:57:38+00:00,11563,Bo Nix,QB,DEN,2026,True,4,4,4,98.0,99.3,99.5,0.0,0.0,0.0,2.0,3.67,3.5,0.0,0.0,0.0,0.0,STABLE,2.0,,1,0,
2026-10-06T23:57:38+00:00,96,Aaron Rodgers,QB,PIT,2026,True,4,4,4,100.0,98.7,99.0,0.0,0.0,0.0,0.0,1.33,1.75,0.0,0.0,0.0,0.0,STABLE,2.0,,1,0,
2026-10-06T23:57:38+00:00,7523,Trevor Lawrence,QB,JAX,2026,True,4,4,4,100.0,98.3,95.8,0.0,0.0,0.0,3.0,3.0,2.75,0.0,0.0,0.0,0.0,STABLE,2.0,,1,0,
2026-10-06T23:57:38+00:00,4892,Baker Mayfield,QB,TB,2026,True,3,3,3,94.0,98.0,98.0,0.0,0.0,0.0,2.0,3.67,3.67,0.0,0.0,0.0,0.0,STABLE,2.0,Out,2,0,
2026-10-06T23:57:38+00:00,9228,Bryce Young,QB,CAR,2026,True,4,4,4,100.0,98.0,96.0,0.0,0.0,0.0,3.0,1.33,1.5,0.0,0.0,0.0,0.0,STABLE,2.0,,1,1,
2026-10-06T23:57:38+00:00,6904,Jalen Hurts,QB,PHI,2026,True,4,4,4,100.0,97.3,98.0,0.0,0.0,0.0,5.0,4.67,5.25,0.0,0.0,0.0,0.0,STABLE,2.0,,1,0,
2026-10-06T23:57:38+00:00,2306,Jameis Winston,QB,NYG,2026,True,3,3,4,100.0,96.0,96.0,0.0,0.0,0.0,0.0,1.33,1.33,0.0,0.0,0.0,0.0,STABLE,2.0,,1,1,
2026-10-06T23:57:38+00:00,8183,Brock Purdy,QB,SF,2026,True,4,4,4,100.0,95.0,96.2,0.0,0.0,0.0,10.0,5.0,5.0,0.0,0.0,0.0,0.0,STABLE,2.0,,1,0,
2026-10-06T23:57:38+00:00,5854,Drew Lock,QB,SEA,2026,True,2,2,2,100.0,95.0,95.0,0.0,0.0,0.0,0.0,1.0,1.0,0.0,0.0,0.0,0.0,STABLE,2.0,,2,0,
2026-10-06T23:57:38+00:00,11564,Drake Maye,QB,NE,2026,True,4,4,4,100.0,93.7,95.2,0.0,0.0,0.0,8.0,5.33,5.75,0.0,0.0,0.0,0.0,STABLE,2.0,,1,1,
2026-10-06T23:57:38+00:00,11560,Caleb Williams,QB,CHI,2026,True,2,2,2,86.0,93.0,93.0,0.0,0.0,0.0,5.0,7.5,7.5,0.0,0.0,0.0,0.0,STABLE,2.0,Out,3,0,
2026-10-06T23:57:38+00:00,3161,Carson Wentz,QB,MIN,2026,True,2,2,2,100.0,91.5,91.5,0.0,0.0,0.0,3.0,4.0,4.0,0.0,0.0,0.0,0.0,STABLE,2.0,,2,0,
2026-10-06T23:57:38+00:00,11608,Isaiah Williams,WR,NYJ,2026,True,4,4,4,94.0,88.3,81.2,3.0,3.67,3.0,0.0,0.33,0.25,2.0,3.0,3.67,3.0,STABLE,2.0,,2,1,
2026-10-06T23:57:38+00:00,13557,Athan Kaliakmanis,QB,WAS,2026,True,1,1,4,84.0,84.0,84.0,0.0,0.0,0.0,3.0,3.0,3.0,0.0,0.0,0.0,0.0,STABLE,2.0,,4,0,
2026-10-06T23:57:38+00:00,4881,Lamar Jackson,QB,BAL,2026,True,4,4,4,52.0,84.0,88.0,0.0,0.0,0.0,2.0,4.0,4.75,0.0,0.0,0.0,0.0,STABLE,2.0,Questionable,1,0,
2026-10-06T23:57:38+00:00,12502,Gunnar Helm,TE,TEN,2026,True,4,4,4,72.0,80.3,79.2,1.0,2.33,3.0,0.0,0.0,0.0,1.0,1.67,2.33,3.0,STABLE,2.0,,1,0,
2026-10-06T23:57:38+00:00,4037,Chris Godwin,WR,TB,2026,True,4,4,4,89.0,79.0,80.8,7.0,4.67,4.5,0.0,0.33,0.5,6.0,4.0,4.67,4.5,STABLE,2.0,,2,0,
2026-10-06T23:57:38+00:00,5045,Courtland Sutton,WR,DEN,2026,True,4,4,4,73.0,77.7,77.2,6.0,5.67,5.5,0.0,0.0,0.0,1.0,2.33,5.67,5.5,STABLE,2.0,,2,1,
2026-10-06T23:57:38+00:00,12509,Tre' Harris,WR,LAC,2026,True,4,4,4,93.0,77.7,77.0,5.0,5.0,5.25,0.0,0.0,0.0,3.0,3.33,5.0,5.25,STABLE,2.0,,3,0,
2026-10-06T23:57:38+00:00,6819,Michael Pittman,WR,PIT,2026,True,3,3,4,72.0,77.7,77.7,4.0,4.0,4.0,0.0,0.0,0.0,2.0,2.33,4.0,4.0,STABLE,2.0,,2,0,
2026-10-06T23:57:38+00:00,11632,Malik Nabers,WR,NYG,2026,True,4,4,4,76.0,76.0,70.0,7.0,5.67,6.5,0.0,0.0,0.0,6.0,4.0,5.67,6.5,STABLE,2.0,,1,1,
2026-10-06T23:57:38+00:00,7571,Rashod Bateman,WR,BAL,2026,True,4,4,4,47.0,76.0,76.5,2.0,4.67,3.75,0.0,0.0,0.0,2.0,3.67,4.67,3.75,STABLE,2.0,,2,1,
2026-10-06T23:57:38+00:00,3214,Hunter Henry,TE,NE,2026,True,4,4,4,64.0,75.0,75.2,5.0,4.0,3.75,0.0,0.0,0.0,5.0,3.0,4.0,3.75,STABLE,2.0,,1,0,
2026-10-06T23:57:38+00:00,4217,George Kittle,TE,SF,2026,True,4,4,4,91.0,74.7,67.5,6.0,5.67,5.5,0.0,0.0,0.0,4.0,4.67,5.67,5.5,STABLE,2.0,,1,0,
2026-10-06T23:57:38+00:00,11783,Ryan Flournoy,WR,DAL,2026,True,4,4,4,74.0,72.0,71.8,5.0,6.33,5.75,0.0,0.0,0.0,4.0,3.67,6.33,5.75,STABLE,2.0,,3,0,
2026-10-06T23:57:38+00:00,12535,Isaac TeSlaa,WR,DET,2026,True,4,4,4,82.0,68.3,68.2,8.0,5.33,4.25,0.0,0.0,0.0,4.0,3.0,5.33,4.25,STABLE,2.0,,3,0,
2026-10-06T23:57:38+00:00,6794,Justin Jefferson,WR,MIN,2026,True,3,3,3,12.0,68.0,68.0,2.0,5.67,5.67,0.0,0.0,0.0,2.0,4.33,5.67,5.67,STABLE,2.0,Out,5,0,
2026-10-06T23:57:38+00:00,8121,Romeo Doubs,WR,NE,2026,True,4,4,4,64.0,68.0,65.0,9.0,5.67,5.0,0.0,0.0,0.0,6.0,4.0,5.67,5.0,STABLE,2.0,,1,0,
2026-10-06T23:57:38+00:00,7600,Pat Freiermuth,TE,PIT,2026,True,4,4,4,75.0,67.0,68.5,5.0,4.67,4.75,0.0,0.67,0.5,3.0,3.0,4.67,4.75,STABLE,2.0,,1,1,
2026-10-06T23:57:38+00:00,11637,Keon Coleman,WR,BUF,2026,True,4,4,4,78.0,66.7,62.5,7.0,5.0,4.0,0.0,0.0,0.0,6.0,4.33,5.0,4.0,STABLE,2.0,,3,0,
2026-10-06T23:57:38+00:00,8110,Jake Ferguson,TE,DAL,2026,True,4,4,4,71.0,66.7,69.0,4.0,4.33,3.75,0.0,0.0,0.0,3.0,3.33,4.33,3.75,STABLE,2.0,,1,2,
2026-10-06T23:57:38+00:00,8134,Khalil Shakir,WR,BUF,2026,True,4,4,4,76.0,66.0,62.7,8.0,5.67,5.75,0.0,0.0,0.0,7.0,3.67,5.67,5.75,STABLE,2.0,,2,0,
2026-10-06T23:57:38+00:00,7002,Juwan Johnson,TE,NO,2026,True,4,4,4,78.0,64.3,69.2,8.0,6.67,6.75,0.0,0.0,0.0,6.0,6.0,6.67,6.75,STABLE,2.0,,1,0,
2026-10-06T23:57:38+00:00,10236,Dalton Kincaid,TE,BUF,2026,True,4,4,4,59.0,64.0,66.0,2.0,4.33,4.75,0.0,0.0,0.0,1.0,3.33,4.33,4.75,STABLE,2.0,,1,0,
2026-10-06T23:57:38+00:00,1479,Keenan Allen,WR,IND,2026,True,3,3,3,73.0,63.7,63.7,9.0,6.67,6.67,0.0,0.0,0.0,6.0,4.33,6.67,6.67,STABLE,2.0,Out,6,0,
2026-10-06T23:57:38+00:00,13317,Ted Hurst,WR,TB,2026,True,4,4,4,40.0,63.0,66.0,3.0,4.33,4.0,0.0,0.0,0.0,2.0,1.67,4.33,4.0,STABLE,2.0,,3,0,
2026-10-06T23:57:38+00:00,4177,Mack Hollins,WR,NE,2026,True,4,4,4,41.0,62.7,64.5,4.0,5.0,5.0,0.0,0.0,0.0,3.0,3.67,5.0,5.0,STABLE,2.0,Questionable,2,0,
2026-10-06T23:57:38+00:00,3634,Kalif Raymond,WR,CHI,2026,True,4,4,4,51.0,62.7,62.0,2.0,4.67,5.75,0.0,0.0,0.0,2.0,4.33,4.67,5.75,STABLE,2.0,,3,2,
2026-10-06T23:57:38+00:00,5001,Dalton Schultz,TE,HOU,2026,True,4,4,4,64.0,62.0,63.0,2.0,6.33,6.75,0.0,0.0,0.0,2.0,5.67,6.33,6.75,STABLE,2.0,,1,2,
2026-10-06T23:57:38+00:00,10213,Tre Tucker,WR,LV,2026,True,4,4,4,67.0,61.0,63.5,8.0,6.33,5.75,0.0,0.0,0.0,4.0,4.33,6.33,5.75,STABLE,2.0,,1,0,
2026-10-06T23:57:38+00:00,8126,Wan'Dale Robinson,WR,TEN,2026,True,4,4,4,67.0,61.0,66.2,5.0,5.67,5.75,1.0,0.33,0.25,3.0,3.67,5.67,5.75,STABLE,2.0,,2,0,
2026-10-06T23:57:38+00:00,8172,Greg Dulcich,TE,MIA,2026,True,4,3,4,51.0,60.7,64.8,7.0,4.0,4.0,0.0,0.0,0.0,5.0,3.0,4.0,4.0,STABLE,2.0,,1,0,
2026-10-06T23:57:38+00:00,5012,Mark Andrews,TE,BAL,2026,True,4,4,4,58.0,60.3,63.2,6.0,6.0,6.0,0.0,0.0,0.0,5.0,4.67,6.0,6.0,STABLE,2.0,,1,0,
2026-10-06T23:57:38+00:00,2449,Stefon Diggs,WR,WAS,2026,True,4,4,4,66.0,58.7,59.8,9.0,7.33,7.75,0.0,0.0,0.0,5.0,4.67,7.33,7.75,STABLE,2.0,,1,0,
2026-10-06T23:57:38+00:00,12519,Luther Burden,WR,CHI,2026,True,4,4,4,56.0,58.0,61.7,6.0,8.0,7.25,1.0,0.67,0.75,4.0,4.67,8.0,7.25,STABLE,2.0,,1,2,
2026-10-06T23:57:38+00:00,6790,D'Andre Swift,RB,CHI,2026,True,4,4,4,35.0,57.3,57.2,2.0,3.33,2.75,15.0,17.0,17.25,2.0,3.0,20.33,20.0,STABLE,2.0,,1,2,
2026-10-06T23:57:38+00:00,8155,Breece Hall,RB,NYJ,2026,True,3,3,3,48.0,57.0,57.0,3.0,3.33,3.33,13.0,17.0,17.0,3.0,3.33,20.33,20.33,STABLE,2.0,Out,5,0,
2026-10-06T23:57:38+00:00,9226,De'Von Achane,RB,MIA,2026,True,3,3,3,5.0,55.7,55.7,1.0,4.0,4.0,3.0,11.33,11.33,0.0,2.33,15.33,15.33,STABLE,2.0,IR,4,1,
2026-10-06T23:57:38+00:00,5967,Tony Pollard,RB,TEN,2026,True,4,4,4,53.0,53.7,53.2,4.0,3.0,2.75,16.0,15.67,13.5,2.0,2.33,18.67,16.25,STABLE,2.0,,1,0,
2026-10-06T23:57:38+00:00,11068,Mitch Tinsley,WR,CIN,2026,True,1,1,4,53.0,53.0,53.0,7.0,7.0,7.0,0.0,0.0,0.0,3.0,3.0,7.0,7.0,STABLE,2.0,,4,0,
2026-10-06T23:57:38+00:00,12490,Bhayshul Tuten,RB,JAX,2026,True,4,4,4,59.0,52.7,51.7,2.0,2.0,1.75,17.0,15.0,15.0,2.0,2.0,17.0,16.75,STABLE,2.0,,1,0,
2026-10-06T23:57:38+00:00,13287,Jeremiyah Love,RB,ARI,2026,True,4,4,4,45.0,49.7,48.0,1.0,3.0,3.25,14.0,14.67,13.75,1.0,3.0,17.67,17.0,STABLE,2.0,Questionable,1,1,
2026-10-06T23:57:38+00:00,13274,Germie Bernard,WR,PIT,2026,True,4,3,4,40.0,48.7,37.5,2.0,3.67,3.67,0.0,0.0,0.0,2.0,2.33,3.67,3.67,RISING,2.0,,4,0,
2026-10-06T23:57:38+00:00,12507,Omarion Hampton,RB,LAC,2026,True,4,4,4,35.0,46.7,49.5,2.0,1.67,1.25,9.0,15.67,14.75,2.0,1.33,17.33,16.0,STABLE,2.0,,1,1,
2026-10-06T23:57:38+00:00,12533,Jacory Croskey-Merritt,RB,WAS,2026,True,4,4,4,45.0,46.3,47.0,4.0,2.0,1.75,9.0,13.33,14.0,2.0,1.33,15.33,15.75,STABLE,2.0,,1,1,
2026-10-06T23:57:38+00:00,8408,Jordan Mason,RB,MIN,2026,True,1,1,1,45.0,45.0,45.0,0.0,0.0,0.0,15.0,15.0,15.0,0.0,0.0,15.0,15.0,STABLE,2.0,IR,5,0,
2026-10-06T23:57:38+00:00,9997,Zay Flowers,WR,BAL,2026,True,3,3,4,73.0,45.0,45.0,10.0,7.33,7.33,0.0,0.33,0.33,8.0,6.0,7.33,7.33,STABLE,2.0,,1,1,
2026-10-06T23:57:38+00:00,12534,Kyle Monangai,RB,CHI,2026,True,4,4,4,54.0,39.7,40.5,1.0,1.0,1.25,30.0,16.67,15.0,1.0,1.0,17.67,16.25,STABLE,2.0,Questionable,2,0,
2026-10-06T23:57:38+00:00,4574,Cooper Rush,QB,ATL,2026,True,2,2,2,58.0,79.0,79.0,0.0,0.0,0.0,2.0,1.0,1.0,0.0,0.0,0.0,0.0,STABLE,1.0,Out,2,0,
2026-10-06T23:57:38+00:00,13420,Bryce Lance,WR,NO,2026,True,4,4,4,85.0,78.7,76.2,5.0,3.0,3.25,0.0,0.0,0.0,1.0,0.67,3.0,3.25,STABLE,1.0,,3,0,
2026-10-06T23:57:38+00:00,11566,Jayden Daniels,QB,WAS,2026,True,2,2,2,55.0,77.5,77.5,0.0,0.0,0.0,7.0,6.0,6.0,0.0,0.0,0.0,0.0,STABLE,1.0,Out,2,1,
2026-10-06T23:57:38+00:00,5849,Kyler Murray,QB,MIN,2026,True,3,3,4,100.0,72.3,72.3,0.0,0.0,0.0,6.0,3.33,3.33,0.0,0.0,0.0,0.0,STABLE,1.0,,1,0,
2026-10-06T23:57:38+00:00,13285,Malachi Fields,WR,NYG,2026,True,4,4,4,66.0,72.0,72.0,3.0,3.67,3.75,0.0,0.0,0.0,2.0,2.0,3.67,3.75,STABLE,1.0,,2,0,
2026-10-06T23:57:38+00:00,11628,Marvin Harrison,WR,ARI,2026,True,4,4,4,65.0,72.0,73.8,4.0,3.33,3.25,0.0,0.0,0.0,1.0,1.33,3.33,3.25,STABLE,1.0,,2,1,
2026-10-06T23:57:38+00:00,4943,Sam Darnold,QB,SEA,2026,True,3,3,4,100.0,70.0,70.0,0.0,0.0,0.0,3.0,1.33,1.33,0.0,0.0,0.0,0.0,STABLE,1.0,,1,1,
2026-10-06T23:57:38+00:00,13294,Makai Lemon,WR,PHI,2026,True,4,4,4,74.0,69.0,67.8,6.0,3.67,3.75,0.0,0.33,0.25,3.0,2.33,3.67,3.75,STABLE,1.0,,2,0,
2026-10-06T23:57:38+00:00,8119,Jahan Dotson,WR,ATL,2026,True,4,4,4,63.0,68.0,66.8,3.0,3.33,3.25,0.0,0.0,0.0,2.0,1.67,3.33,3.25,STABLE,1.0,,2,0,
2026-10-06T23:57:38+00:00,9504,Kayshon Boutte,WR,HOU,2026,True,4,4,4,62.0,67.7,62.2,4.0,3.67,3.25,0.0,0.0,0.0,3.0,2.67,3.67,3.25,STABLE,1.0,,3,0,
2026-10-06T23:57:38+00:00,5872,Deebo Samuel,WR,SF,2026,True,4,4,4,67.0,67.7,61.3,6.0,3.33,4.25,3.0,2.0,1.75,5.0,2.67,3.33,4.25,STABLE,1.0,,2,0,
2026-10-06T23:57:38+00:00,9479,Darnell Washington,TE,PIT,2026,True,4,4,4,71.0,66.7,66.0,5.0,3.67,3.25,0.0,0.0,0.0,3.0,2.33,3.67,3.25,STABLE,1.0,,2,0,
2026-10-06T23:57:38+00:00,12499,Elic Ayomanor,WR,TEN,2026,True,4,4,4,62.0,65.0,61.8,1.0,2.33,2.5,0.0,0.0,0.0,1.0,1.33,2.33,2.5,STABLE,1.0,,3,0,
2026-10-06T23:57:38+00:00,13311,Chris Bell,WR,MIA,2026,True,4,4,4,82.0,64.7,61.5,3.0,3.67,3.25,0.0,0.0,0.0,0.0,1.33,3.67,3.25,STABLE,1.0,,2,0,
2026-10-06T23:57:38+00:00,7828,Noah Gray,TE,KC,2026,True,4,4,4,68.0,60.3,59.0,3.0,2.33,2.0,0.0,0.0,0.0,2.0,1.67,2.33,2.0,STABLE,1.0,,2,0,
2026-10-06T23:57:38+00:00,5022,Dallas Goedert,TE,PHI,2026,True,2,2,2,25.0,60.0,60.0,2.0,3.5,3.5,0.0,0.0,0.0,1.0,2.5,3.5,3.5,STABLE,1.0,Out,4,0,
2026-10-06T23:57:38+00:00,4454,Kendrick Bourne,WR,ARI,2026,True,4,3,4,64.0,59.7,61.5,3.0,4.67,4.67,0.0,0.0,0.0,2.0,4.0,4.67,4.67,STABLE,1.0,,3,0,
2026-10-06T23:57:38+00:00,11576,Braelon Allen,RB,NYJ,2026,True,4,4,4,94.0,59.0,54.2,2.0,2.0,1.75,14.0,7.67,8.25,2.0,2.0,9.67,10.0,STABLE,1.0,,1,1,
2026-10-06T23:57:38+00:00,12718,Konata Mumpfield,WR,LAR,2026,True,4,4,4,27.0,56.3,48.8,3.0,4.33,3.5,0.0,0.0,0.0,1.0,2.0,4.33,3.5,STABLE,1.0,Questionable,3,0,
2026-10-06T23:57:38+00:00,8188,Tyquan Thornton,WR,KC,2026,True,4,4,4,63.0,56.0,59.0,8.0,4.67,3.75,0.0,0.0,0.0,5.0,3.67,4.67,3.75,STABLE,1.0,Out,6,0,
2026-10-06T23:57:38+00:00,10218,Xavier Hutchinson,WR,HOU,2026,True,4,4,4,31.0,55.3,55.5,5.0,6.67,6.5,0.0,0.67,0.5,3.0,3.0,6.67,6.5,STABLE,1.0,,2,0,
2026-10-06T23:57:38+00:00,10229,Rashee Rice,WR,KC,2026,True,4,3,4,10.0,55.3,62.3,9.0,5.67,5.67,0.0,0.0,0.0,7.0,4.33,5.67,5.67,STABLE,1.0,Questionable,1,0,
2026-10-06T23:57:38+00:00,13264,Dohnte Meyers,WR,CIN,2026,True,4,4,4,89.0,54.3,44.8,9.0,5.0,4.0,0.0,0.0,0.25,7.0,3.33,5.0,4.0,STABLE,1.0,,3,0,
2026-10-06T23:57:38+00:00,13330,Kenyon Sadiq,TE,NYJ,2026,True,4,4,4,69.0,54.3,51.2,4.0,5.0,4.5,0.0,0.0,0.25,0.0,3.0,5.0,4.5,STABLE,1.0,,1,0,
2026-10-06T23:57:38+00:00,3271,Tyler Higbee,TE,LAR,2026,True,4,3,4,65.0,54.0,45.5,6.0,6.33,6.33,0.0,0.0,0.0,5.0,5.0,6.33,6.33,STABLE,1.0,,1,0,
2026-10-06T23:57:38+00:00,8676,Rashid Shaheed,WR,SEA,2026,True,4,4,4,60.0,54.0,57.0,3.0,4.0,3.75,2.0,1.0,0.75,1.0,2.0,4.0,3.75,STABLE,1.0,,2,0,
2026-10-06T23:57:38+00:00,13301,Antonio Williams,WR,WAS,2026,True,4,4,4,69.0,53.0,49.0,8.0,5.0,4.75,0.0,0.0,0.0,3.0,2.67,5.0,4.75,STABLE,1.0,,2,0,
2026-10-06T23:57:38+00:00,12493,Oronde Gadsden,TE,LAC,2026,True,4,4,4,55.0,52.0,43.5,8.0,4.33,3.75,1.0,0.33,0.25,5.0,2.33,4.33,3.75,STABLE,1.0,,1,0,
2026-10-06T23:57:38+00:00,7543,Travis Etienne,RB,NO,2026,True,3,3,3,38.0,50.3,50.3,2.0,4.33,4.33,13.0,10.0,10.0,2.0,3.67,14.33,14.33,STABLE,1.0,IR,4,0,
2026-10-06T23:57:38+00:00,11630,Roman Wilson,WR,PIT,2026,True,4,4,4,31.0,49.7,51.0,6.0,6.0,6.0,0.0,0.0,0.0,3.0,3.67,6.0,6.0,STABLE,1.0,,3,0,
2026-10-06T23:57:38+00:00,2505,Darren Waller,TE,CAR,2026,True,4,4,4,53.0,49.3,45.8,6.0,5.67,4.75,0.0,0.0,0.0,3.0,3.67,5.67,4.75,STABLE,1.0,,1,1,
2026-10-06T23:57:38+00:00,4993,Mike Gesicki,TE,CIN,2026,True,4,3,4,62.0,49.3,45.2,5.0,5.0,5.0,0.0,0.0,0.0,3.0,3.67,5.0,5.0,STABLE,1.0,,1,0,
2026-10-06T23:57:38+00:00,2216,Mike Evans,WR,SF,2026,True,4,4,4,59.0,48.7,55.2,8.0,5.67,6.0,0.0,0.0,0.0,5.0,3.67,5.67,6.0,STABLE,1.0,,1,0,
2026-10-06T23:57:38+00:00,5857,Noah Fant,TE,NO,2026,True,3,3,3,57.0,47.3,47.3,4.0,4.0,4.0,0.0,0.0,0.0,4.0,2.67,4.0,4.0,STABLE,1.0,Out,3,0,
2026-10-06T23:57:38+00:00,11056,Jared Wayne,WR,HOU,2026,True,4,3,4,29.0,46.7,43.0,4.0,4.0,4.0,0.0,0.0,0.0,1.0,1.33,4.0,4.0,STABLE,1.0,,,0,
2026-10-06T23:57:38+00:00,8136,Rachaad White,RB,WAS,2026,True,3,3,3,43.0,45.3,45.3,1.0,3.0,3.0,8.0,7.33,7.33,1.0,3.0,10.33,10.33,STABLE,1.0,Out,6,0,
2026-10-06T23:57:38+00:00,12487,Terrance Ferguson,TE,LAR,2026,True,3,3,3,26.0,45.0,45.0,2.0,4.0,4.0,0.0,0.0,0.0,1.0,2.33,4.0,4.0,STABLE,1.0,IR,5,0,
2026-10-06T23:57:38+00:00,12529,TreVeyon Henderson,RB,NE,2026,True,3,3,4,37.0,44.7,44.7,2.0,1.0,1.0,14.0,12.67,12.67,0.0,0.33,13.67,13.67,STABLE,1.0,,2,1,
2026-10-06T23:57:38+00:00,4983,DJ Moore,WR,BUF,2026,True,4,4,4,39.0,44.7,52.5,2.0,4.0,5.0,1.0,0.67,0.5,1.0,2.33,4.0,5.0,STABLE,1.0,Questionable,1,0,
2026-10-06T23:57:38+00:00,5859,A.J. Brown,WR,NE,2026,True,1,1,1,44.0,44.0,44.0,4.0,4.0,4.0,0.0,0.0,0.0,3.0,3.0,4.0,4.0,STABLE,1.0,IR,6,0,
2026-10-06T23:57:38+00:00,12489,RJ Harvey,RB,DEN,2026,True,3,3,4,44.0,43.7,43.7,10.0,7.0,7.0,7.0,4.0,4.0,10.0,6.67,11.0,11.0,STABLE,1.0,,2,0,
2026-10-06T23:57:38+00:00,12474,Woody Marks,RB,HOU,2026,True,4,4,4,44.0,43.0,45.0,1.0,2.67,2.25,6.0,6.33,7.0,0.0,2.0,9.0,9.25,STABLE,1.0,,2,1,
2026-10-06T23:57:38+00:00,7021,Rico Dowdle,RB,PIT,2026,True,2,2,2,26.0,42.0,42.0,2.0,3.5,3.5,7.0,7.5,7.5,2.0,2.0,11.0,11.0,STABLE,1.0,Out,4,0,
2026-10-06T23:57:38+00:00,8168,Skyy Moore,WR,GB,2026,True,4,4,4,38.0,42.0,33.0,2.0,4.0,3.25,0.0,0.0,0.0,1.0,2.0,4.0,3.25,STABLE,1.0,,3,0,
2026-10-06T23:57:38+00:00,8154,Brian Robinson,RB,ATL,2026,True,4,4,4,42.0,39.0,35.5,1.0,1.0,0.75,14.0,11.67,11.0,1.0,1.0,12.67,11.75,STABLE,1.0,,2,0,
2026-10-06T23:57:38+00:00,6806,J.K. Dobbins,RB,DEN,2026,True,4,4,4,32.0,38.3,39.5,2.0,1.33,1.0,11.0,12.67,11.5,2.0,1.0,14.0,12.5,STABLE,1.0,,1,0,
2026-10-06T23:57:38+00:00,13286,Jadarian Price,RB,SEA,2026,True,3,3,3,28.0,36.7,36.7,3.0,2.33,2.33,5.0,9.33,9.33,1.0,1.33,11.67,11.67,STABLE,1.0,IR,9,0,
2026-10-06T23:57:38+00:00,4033,David Njoku,TE,LAC,2026,True,2,2,2,16.0,35.5,35.5,3.0,4.0,4.0,0.0,0.0,0.0,1.0,3.0,4.0,4.0,STABLE,1.0,IR,3,0,
2026-10-06T23:57:38+00:00,11581,MarShawn Lloyd,RB,GB,2026,True,4,4,4,55.0,35.0,37.2,5.0,3.33,2.75,7.0,5.67,7.5,5.0,3.0,9.0,10.25,STABLE,1.0,,1,1,
2026-10-06T23:57:38+00:00,9511,Keaton Mitchell,RB,LAC,2026,True,4,4,4,37.0,33.3,32.8,6.0,3.33,2.5,10.0,7.67,6.75,5.0,3.0,11.0,9.25,STABLE,1.0,,2,0,
2026-10-06T23:57:38+00:00,4035,Alvin Kamara,RB,NO,2026,True,3,3,4,38.0,33.0,33.0,7.0,4.67,4.67,7.0,8.33,8.33,5.0,3.67,13.0,13.0,STABLE,1.0,Questionable,1,1,
2026-10-06T23:57:38+00:00,10222,Jayden Reed,WR,GB,2026,True,2,2,2,3.0,30.0,30.0,1.0,4.0,4.0,0.0,0.0,0.0,1.0,2.0,4.0,4.0,STABLE,1.0,IR,6,1,
2026-10-06T23:57:38+00:00,11586,Blake Corum,RB,LAR,2026,True,4,4,4,15.0,29.7,28.0,2.0,2.33,1.75,5.0,7.67,8.25,1.0,1.33,10.0,10.0,STABLE,1.0,,2,0,
2026-10-06T23:57:38+00:00,9225,Tank Bigsby,RB,PHI,2026,True,4,4,4,48.0,28.7,24.2,1.0,1.33,1.0,14.0,9.0,7.0,0.0,1.0,10.33,8.0,STABLE,1.0,IR,3,1,
2026-10-06T23:57:38+00:00,7049,Jauan Jennings,WR,MIN,2026,True,3,3,4,95.0,74.3,74.3,1.0,1.33,1.33,0.0,0.0,0.0,1.0,0.67,1.33,1.33,STABLE,0.0,,2,0,
2026-10-06T23:57:38+00:00,5906,Dawson Knox,TE,BUF,2026,True,4,4,4,61.0,69.0,68.5,2.0,1.67,1.5,0.0,0.33,0.25,2.0,1.67,1.67,1.5,STABLE,0.0,,2,0,
2026-10-06T23:57:38+00:00,6826,Cole Kmet,TE,CHI,2026,True,4,4,4,73.0,67.3,64.8,2.0,1.33,1.75,0.0,0.0,0.0,2.0,0.67,1.33,1.75,STABLE,0.0,,2,1,
2026-10-06T23:57:38+00:00,4314,Johnny Mundt,TE,PHI,2026,True,4,3,4,80.0,65.3,58.0,0.0,1.33,1.33,0.0,0.0,0.0,0.0,1.0,1.33,1.33,STABLE,0.0,,1,0,
2026-10-06T23:57:38+00:00,6865,Colby Parkinson,TE,LAR,2026,True,3,3,3,43.0,63.7,63.7,1.0,1.67,1.67,0.0,0.0,0.0,0.0,1.0,1.67,1.67,STABLE,0.0,Out,4,0,
2026-10-06T23:57:38+00:00,4066,Evan Engram,TE,DEN,2026,True,4,4,4,67.0,59.7,60.5,5.0,2.67,3.25,0.0,0.0,0.0,1.0,0.67,2.67,3.25,STABLE,0.0,,1,0,
2026-10-06T23:57:38+00:00,12492,Pat Bryant,WR,DEN,2026,True,4,4,4,36.0,57.3,57.8,3.0,2.0,3.0,0.0,0.33,0.25,3.0,1.67,2.0,3.0,STABLE,0.0,Questionable,7,1,
2026-10-06T23:57:38+00:00,8210,Chig Okonkwo,TE,WAS,2026,True,2,2,4,58.0,57.0,57.0,4.0,3.5,3.5,0.0,0.0,0.0,2.0,2.0,3.5,3.5,STABLE,0.0,,1,0,
2026-10-06T23:57:38+00:00,7090,Darnell Mooney,WR,NYG,2026,True,4,4,4,55.0,57.0,57.0,2.0,2.67,2.5,0.0,0.33,0.25,0.0,1.33,2.67,2.5,STABLE,0.0,,3,0,
2026-10-06T23:57:38+00:00,10226,Andrei Iosivas,WR,CIN,2026,True,2,2,2,53.0,57.0,57.0,1.0,2.0,2.0,0.0,0.0,0.0,1.0,1.5,2.0,2.0,STABLE,0.0,IR,5,0,
2026-10-06T23:57:38+00:00,11256,Tyson Bagent,QB,CHI,2026,True,2,2,4,100.0,57.0,57.0,0.0,0.0,0.0,4.0,2.0,2.0,0.0,0.0,0.0,0.0,STABLE,0.0,,1,0,
2026-10-06T23:57:38+00:00,11635,Ladd McConkey,WR,LAC,2026,True,4,4,4,34.0,56.0,54.2,2.0,3.33,4.25,0.0,0.0,0.0,0.0,2.33,3.33,4.25,STABLE,0.0,Out,2,0,
2026-10-06T23:57:38+00:00,12498,Mason Taylor,TE,NYJ,2026,True,2,1,2,46.0,56.0,56.0,3.0,3.0,3.0,0.0,0.0,0.0,2.0,2.0,3.0,3.0,STABLE,0.0,Out,4,0,
2026-10-06T23:57:38+00:00,12508,Jaxson Dart,QB,NYG,2026,True,2,2,2,12.0,56.0,56.0,0.0,0.0,0.0,0.0,5.5,5.5,0.0,0.0,0.0,0.0,STABLE,0.0,IR,4,0,
2026-10-06T23:57:38+00:00,4039,Cooper Kupp,WR,SEA,2026,True,4,4,4,57.0,55.7,61.3,2.0,3.0,3.0,0.0,0.0,0.0,1.0,2.33,3.0,3.0,STABLE,0.0,,3,0,
2026-10-06T23:57:38+00:00,2307,Marcus Mariota,QB,WAS,2026,True,3,3,4,16.0,53.7,53.7,0.0,0.0,0.0,1.0,2.33,2.33,0.0,0.0,0.0,0.0,STABLE,0.0,Out,1,1,
2026-10-06T23:57:38+00:00,13338,Kevin Coleman,WR,MIA,2026,True,4,3,4,51.0,53.0,47.0,4.0,3.33,3.33,0.0,0.0,0.0,1.0,0.67,3.33,3.33,STABLE,0.0,,3,0,
2026-10-06T23:57:38+00:00,13425,Jalon Daniels,QB,TB,2026,True,2,2,4,100.0,53.0,53.0,0.0,0.0,0.0,8.0,4.5,4.5,0.0,0.0,0.0,0.0,STABLE,0.0,,1,0,
2026-10-06T23:57:38+00:00,7694,Tommy Tremble,TE,CAR,2026,True,4,4,4,51.0,51.7,52.8,4.0,3.33,3.75,0.0,0.0,0.0,4.0,2.67,3.33,3.75,STABLE,0.0,,2,0,
2026-10-06T23:57:38+00:00,11626,Xavier Legette,WR,CAR,2026,True,2,2,2,50.0,51.5,51.5,4.0,3.0,3.0,0.0,0.0,0.0,2.0,1.0,3.0,3.0,STABLE,0.0,IR,6,0,
2026-10-06T23:57:38+00:00,11631,Brian Thomas,WR,JAX,2026,True,4,4,4,62.0,51.0,47.0,2.0,3.67,3.5,0.0,0.0,0.0,2.0,2.0,3.67,3.5,STABLE,0.0,,3,0,
2026-10-06T23:57:38+00:00,9501,DeMario Douglas,WR,NE,2026,True,4,4,4,46.0,50.7,53.5,3.0,3.33,4.25,0.0,0.0,0.0,2.0,1.33,3.33,4.25,STABLE,0.0,,3,0,
2026-10-06T23:57:38+00:00,1737,Case Keenum,QB,CHI,2026,True,2,1,4,1.0,50.5,50.5,0.0,0.0,0.0,4.0,4.0,4.0,0.0,0.0,0.0,0.0,STABLE,0.0,,2,0,
2026-10-06T23:57:38+00:00,6869,Adam Trautman,TE,DEN,2026,True,4,2,4,45.0,50.0,46.8,1.0,2.0,2.0,0.0,0.0,0.0,0.0,1.0,2.0,2.0,STABLE,0.0,,2,0,
2026-10-06T23:57:38+00:00,12536,Jaylin Noel,WR,HOU,2026,True,4,4,4,62.0,49.3,44.5,3.0,3.33,3.0,1.0,1.0,0.75,3.0,2.0,3.33,3.0,STABLE,0.0,,4,0,
2026-10-06T23:57:38+00:00,6783,Jerry Jeudy,WR,CLE,2026,True,4,3,4,38.0,49.3,52.8,3.0,2.67,2.67,0.0,0.0,0.0,3.0,1.67,2.67,2.67,STABLE,0.0,,3,0,
2026-10-06T23:57:38+00:00,7553,Kyle Pitts,TE,ATL,2026,True,4,4,4,51.0,49.3,52.8,3.0,2.67,2.25,0.0,0.0,0.0,3.0,1.67,2.67,2.25,STABLE,0.0,,1,0,
2026-10-06T23:57:38+00:00,3269,Chris Moore,WR,BAL,2026,True,3,3,3,52.0,48.0,48.0,1.0,2.0,2.0,0.0,0.0,0.0,1.0,1.0,2.0,2.0,STABLE,0.0,Out,6,0,
2026-10-06T23:57:38+00:00,7083,Tyler Huntley,QB,BAL,2026,True,1,1,4,48.0,48.0,48.0,0.0,0.0,0.0,4.0,4.0,4.0,0.0,0.0,0.0,0.0,STABLE,0.0,,2,0,
2026-10-06T23:57:38+00:00,7587,Dyami Brown,WR,WAS,2026,True,4,4,4,56.0,47.0,48.5,4.0,3.67,3.25,0.0,0.0,0.0,3.0,2.33,3.67,3.25,STABLE,0.0,,4,0,
2026-10-06T23:57:38+00:00,13150,Darius Cooper,WR,PHI,2026,True,4,4,4,90.0,47.0,39.0,7.0,3.33,2.5,0.0,0.0,0.0,3.0,1.67,3.33,2.5,STABLE,0.0,,3,0,
2026-10-06T23:57:38+00:00,3286,Demarcus Robinson,WR,SF,2026,True,2,2,2,31.0,47.0,47.0,3.0,3.0,3.0,0.0,0.0,0.0,3.0,2.5,3.0,3.0,STABLE,0.0,IR,6,0,
2026-10-06T23:57:38+00:00,8180,Jalen Nailor,WR,LV,2026,True,4,3,4,23.0,46.7,50.0,3.0,3.67,3.67,0.0,0.0,0.0,1.0,1.67,3.67,3.67,STABLE,0.0,Questionable,2,0,
2026-10-06T23:57:38+00:00,6001,Drew Sample,TE,CIN,2026,True,4,2,4,26.0,45.7,50.8,2.0,2.5,2.5,0.0,0.0,0.0,1.0,2.0,2.5,2.5,STABLE,0.0,,2,0,
2026-10-06T23:57:38+00:00,10214,Davis Allen,TE,LAR,2026,True,4,4,4,48.0,45.3,42.5,2.0,2.0,1.75,0.0,0.0,0.0,0.0,1.0,2.0,1.75,STABLE,0.0,,2,0,
2026-10-06T23:57:38+00:00,7670,Joshua Palmer,WR,BUF,2026,True,4,3,4,59.0,43.0,40.0,4.0,3.0,3.0,0.0,0.0,0.0,1.0,1.0,3.0,3.0,STABLE,0.0,,4,0,
2026-10-06T23:57:38+00:00,8142,Alec Pierce,WR,IND,2026,True,2,2,2,26.0,42.5,42.5,1.0,3.5,3.5,0.0,0.0,0.0,1.0,2.5,3.5,3.5,STABLE,0.0,IR,10,1,
2026-10-06T23:57:38+00:00,7716,John Bates,TE,WAS,2026,True,4,2,4,42.0,42.3,44.0,1.0,2.0,2.0,0.0,0.0,0.0,1.0,1.5,2.0,2.0,STABLE,0.0,,2,0,
2026-10-06T23:57:38+00:00,11577,Will Shipley,RB,PHI,2026,True,4,4,4,48.0,41.7,35.8,1.0,1.67,1.5,6.0,4.33,3.75,0.0,1.0,6.0,5.25,STABLE,0.0,,2,0,
2026-10-06T23:57:38+00:00,8135,Treylon Burks,WR,WAS,2026,True,3,3,4,59.0,41.7,41.7,3.0,2.0,2.0,0.0,0.0,0.0,1.0,1.0,2.0,2.0,STABLE,0.0,,3,0,
2026-10-06T23:57:38+00:00,7567,Kenny Gainwell,RB,TB,2026,True,4,4,4,43.0,41.3,42.5,2.0,3.67,3.0,3.0,2.67,3.25,2.0,2.33,6.33,6.25,STABLE,0.0,,2,0,
2026-10-06T23:57:38+00:00,5985,Foster Moreau,TE,HOU,2026,True,4,4,4,36.0,40.7,41.5,1.0,2.33,2.25,0.0,0.0,0.0,1.0,1.67,2.33,2.25,STABLE,0.0,,2,0,
2026-10-06T23:57:38+00:00,13293,Ja'Kobi Lane,WR,BAL,2026,True,1,1,1,40.0,40.0,40.0,3.0,3.0,3.0,0.0,0.0,0.0,1.0,1.0,3.0,3.0,STABLE,0.0,IR,9,0,
2026-10-06T23:57:38+00:00,8145,Jeremy Ruckert,TE,NYJ,2026,True,4,3,4,44.0,40.0,40.8,5.0,2.67,2.67,0.0,0.0,0.0,5.0,2.67,2.67,2.67,STABLE,0.0,,2,0,
2026-10-06T23:57:38+00:00,9508,Tyjae Spears,RB,TEN,2026,True,4,4,4,36.0,39.7,42.2,1.0,1.0,1.75,2.0,4.0,3.75,1.0,1.0,5.0,5.5,STABLE,0.0,,2,0,
2026-10-06T23:57:38+00:00,5995,Justice Hill,RB,BAL,2026,True,4,4,4,38.0,39.3,41.0,3.0,1.67,1.5,1.0,2.67,3.5,2.0,1.33,4.33,5.0,STABLE,0.0,,2,1,
2026-10-06T23:57:38+00:00,6271,Olamide Zaccheaus,WR,ATL,2026,True,4,4,4,37.0,38.0,36.0,1.0,2.0,1.75,0.0,0.0,0.0,0.0,1.0,2.0,1.75,STABLE,0.0,,3,0,
2026-10-06T23:57:38+00:00,12483,Jack Bech,WR,LV,2026,True,3,2,3,16.0,36.7,36.7,2.0,3.0,3.0,0.0,0.0,0.0,2.0,2.5,3.0,3.0,STABLE,0.0,IR,9,0,
2026-10-06T23:57:38+00:00,4147,Samaje Perine,RB,CIN,2026,True,4,4,4,36.0,36.0,34.0,1.0,1.67,2.0,3.0,2.67,3.25,0.0,0.67,4.33,5.25,STABLE,0.0,,2,2,
2026-10-06T23:57:38+00:00,12485,Tez Johnson,WR,TB,2026,True,4,4,4,56.0,36.0,32.8,2.0,2.67,2.25,1.0,0.33,0.5,2.0,1.33,2.67,2.25,STABLE,0.0,,4,0,
2026-10-06T23:57:38+00:00,13268,Elijah Sarratt,WR,BAL,2026,True,1,1,4,36.0,36.0,36.0,2.0,2.0,2.0,0.0,0.0,0.0,1.0,1.0,2.0,2.0,STABLE,0.0,,5,0,
2026-10-06T23:57:38+00:00,11370,Chris Brooks,RB,GB,2026,True,4,4,4,17.0,34.7,40.0,1.0,1.33,1.25,4.0,2.67,3.75,1.0,1.0,4.0,5.0,STABLE,0.0,Questionable,3,0,
2026-10-06T23:57:38+00:00,8147,John Metchie,WR,CAR,2026,True,3,3,4,37.0,34.7,34.7,5.0,3.33,3.33,0.0,0.0,0.0,3.0,1.67,3.33,3.33,STABLE,0.0,,3,0,
2026-10-06T23:57:38+00:00,12048,George Holani,RB,SEA,2026,True,4,4,4,37.0,33.0,36.2,1.0,2.33,2.0,7.0,4.67,5.5,1.0,2.33,7.0,7.5,STABLE,0.0,,2,0,
2026-10-06T23:57:38+00:00,12634,Jordan Watkins,WR,SF,2026,True,2,1,4,38.0,33.0,33.0,2.0,2.0,2.0,0.0,0.0,0.0,2.0,2.0,2.0,2.0,STABLE,0.0,,4,0,
2026-10-06T23:57:38+00:00,12472,Raheim Sanders,RB,CLE,2026,True,4,4,4,34.0,32.0,32.8,2.0,2.67,2.75,2.0,1.67,1.5,2.0,2.33,4.33,4.25,STABLE,0.0,,2,2,
2026-10-06T23:57:38+00:00,4866,Saquon Barkley,RB,PHI,2026,True,4,4,4,7.0,31.7,41.5,1.0,1.67,1.75,2.0,7.0,9.0,1.0,1.0,8.67,10.75,STABLE,0.0,Out,1,0,
2026-10-06T23:57:38+00:00,6130,Devin Singletary,RB,NYG,2026,True,2,2,2,26.0,31.0,31.0,1.0,2.5,2.5,3.0,4.5,4.5,0.0,2.0,7.0,7.0,STABLE,0.0,Out,5,0,
2026-10-06T23:57:38+00:00,12504,Kaleb Johnson,RB,GB,2026,True,4,4,4,28.0,30.3,22.8,0.0,1.0,0.75,8.0,6.67,5.0,0.0,0.33,7.67,5.75,STABLE,0.0,,2,0,
2026-10-06T23:57:38+00:00,3202,Austin Hooper,TE,ATL,2026,True,4,3,4,23.0,29.7,28.0,1.0,2.33,2.33,0.0,0.0,0.0,1.0,1.67,2.33,2.33,STABLE,0.0,,2,0,
2026-10-06T23:57:38+00:00,1339,Zach Ertz,TE,PHI,2026,True,2,2,4,21.0,29.5,29.5,4.0,3.0,3.0,0.0,0.0,0.0,2.0,1.5,3.0,3.0,STABLE,0.0,,,0,
2026-10-06T23:57:38+00:00,12542,Efton Chism,WR,NE,2026,True,3,3,4,45.0,29.3,29.3,4.0,2.33,2.33,0.0,0.0,0.0,2.0,1.33,2.33,2.33,STABLE,0.0,,5,0,
2026-10-06T23:57:38+00:00,4663,Austin Ekeler,RB,WAS,2026,True,1,1,4,27.0,27.0,27.0,2.0,2.0,2.0,4.0,4.0,4.0,1.0,1.0,6.0,6.0,STABLE,0.0,,2,0,
2026-10-06T23:57:38+00:00,6427,Ashton Dulin,WR,IND,2026,True,2,2,4,35.0,27.0,27.0,6.0,3.5,3.5,0.0,0.0,0.0,3.0,1.5,3.5,3.5,STABLE,0.0,,3,0,
2026-10-06T23:57:38+00:00,12547,Kyle Williams,WR,NE,2026,True,4,4,4,25.0,26.7,24.2,2.0,2.33,1.75,0.0,0.0,0.0,0.0,0.67,2.33,1.75,STABLE,0.0,,4,0,
2026-10-06T23:57:38+00:00,11592,Erick All,TE,CIN,2026,True,4,1,4,16.0,26.3,27.5,3.0,3.0,3.0,0.0,0.0,0.0,2.0,2.0,3.0,3.0,STABLE,0.0,,3,0,
2026-10-06T23:57:38+00:00,11597,Theo Johnson,TE,NYG,2026,True,4,3,4,33.0,26.0,31.0,1.0,2.0,2.0,0.0,0.0,0.0,1.0,0.67,2.0,2.0,STABLE,0.0,,2,0,
2026-10-06T23:57:38+00:00,4144,Jonnu Smith,TE,GB,2026,True,4,3,4,22.0,25.7,31.0,1.0,2.33,2.33,0.0,0.0,0.0,1.0,1.67,2.33,2.33,STABLE,0.0,,2,0,
2026-10-06T23:57:38+00:00,8127,Charlie Kolar,TE,LAC,2026,True,2,2,2,62.0,58.5,58.5,3.0,1.5,1.5,0.0,0.0,0.0,3.0,1.5,1.5,1.5,STABLE,-1.0,Out,4,0,
2026-10-06T23:57:38+00:00,5892,David Montgomery,RB,HOU,2026,True,4,4,4,56.0,57.0,55.0,0.0,1.33,1.75,10.0,9.0,11.75,0.0,1.33,10.33,13.5,FALLING,-1.0,,1,0,
2026-10-06T23:57:38+00:00,7075,Charlie Woerner,TE,ATL,2026,True,4,2,4,58.0,56.0,57.5,1.0,1.0,1.0,0.0,0.0,0.0,0.0,0.0,1.0,1.0,STABLE,-1.0,,3,0,
2026-10-06T23:57:38+00:00,5973,Josh Oliver,TE,MIN,2026,True,3,3,3,41.0,55.3,55.3,0.0,1.67,1.67,0.0,0.0,0.0,0.0,1.0,1.67,1.67,STABLE,-1.0,IR,3,0,
2026-10-06T23:57:38+00:00,11596,Ben Sinnott,TE,WAS,2026,True,4,2,4,38.0,51.7,45.2,1.0,1.0,1.0,0.0,0.0,0.0,0.0,0.5,1.0,1.0,STABLE,-1.0,,3,0,
2026-10-06T23:57:38+00:00,7611,Rhamondre Stevenson,RB,NE,2026,True,4,4,4,66.0,51.3,59.8,5.0,3.33,4.0,13.0,8.67,11.0,3.0,2.33,12.0,15.0,FALLING,-1.0,,1,0,
2026-10-06T23:57:38+00:00,13434,Will Kacmarek,TE,MIA,2026,True,4,4,4,62.0,50.0,43.8,2.0,1.0,1.0,0.0,0.0,0.0,1.0,0.67,1.0,1.0,STABLE,-1.0,,2,0,
2026-10-06T23:57:38+00:00,3200,Sterling Shepard,WR,NYJ,2026,True,2,2,4,53.0,49.0,49.0,1.0,1.0,1.0,0.0,0.0,0.0,0.0,0.5,1.0,1.0,STABLE,-1.0,,,0,
2026-10-06T23:57:38+00:00,12473,Mitchell Evans,TE,CAR,2026,True,4,4,4,61.0,48.7,46.5,1.0,1.67,1.75,0.0,0.0,0.0,1.0,1.67,1.67,1.75,STABLE,-1.0,,3,0,
2026-10-06T23:57:38+00:00,4981,Calvin Ridley,WR,TEN,2026,True,4,3,4,47.0,47.3,51.5,2.0,1.67,1.67,0.0,0.0,0.0,1.0,1.0,1.67,1.67,STABLE,-1.0,,4,0,
2026-10-06T23:57:38+00:00,8225,Daniel Bellinger,TE,TEN,2026,True,4,4,4,52.0,45.7,41.2,1.0,1.33,1.25,0.0,0.0,0.0,1.0,1.0,1.33,1.25,STABLE,-1.0,,2,0,
2026-10-06T23:57:38+00:00,5008,Durham Smythe,TE,BAL,2026,True,4,3,4,28.0,45.3,49.5,0.0,0.67,0.67,0.0,0.0,0.0,0.0,0.33,0.67,0.67,STABLE,-1.0,Out,3,0,
2026-10-06T23:57:38+00:00,12389,Hayden Rucci,TE,LAC,2026,True,2,1,4,49.0,45.0,45.0,0.0,0.0,0.0,0.0,0.0,0.0,0.0,0.0,0.0,0.0,STABLE,-1.0,,2,0,
2026-10-06T23:57:38+00:00,13421,Eli Raridon,TE,NE,2026,True,3,3,4,58.0,44.0,44.0,2.0,1.33,1.33,0.0,0.0,0.0,1.0,1.0,1.33,1.33,STABLE,-1.0,Questionable,2,1,
2026-10-06T23:57:38+00:00,7842,Luke Farrell,TE,SF,2026,True,4,4,4,44.0,43.7,50.5,0.0,0.33,0.75,0.0,0.0,0.0,0.0,0.0,0.33,0.75,STABLE,-1.0,,2,0,
2026-10-06T23:57:38+00:00,3048,Chris Manhertz,TE,NYG,2026,True,4,1,4,52.0,42.3,40.5,0.0,0.0,0.0,0.0,0.0,0.0,0.0,0.0,0.0,0.0,STABLE,-1.0,,3,0,
2026-10-06T23:57:38+00:00,11629,Devontez Walker,WR,BAL,2026,True,3,3,4,69.0,41.7,41.7,2.0,1.67,1.67,0.0,0.0,0.0,1.0,0.67,1.67,1.67,STABLE,-1.0,,3,0,
2026-10-06T23:57:38+00:00,4054,Mo Alie-Cox,TE,IND,2026,True,4,1,4,47.0,41.0,37.2,1.0,1.0,1.0,0.0,0.0,0.0,1.0,1.0,1.0,1.0,STABLE,-1.0,,3,0,
2026-10-06T23:57:38+00:00,11201,Blake Whiteheart,TE,CLE,2026,True,4,3,4,34.0,40.0,39.8,0.0,1.0,1.0,0.0,0.0,0.0,0.0,0.67,1.0,1.0,STABLE,-1.0,,2,0,
2026-10-06T23:57:38+00:00,7891,Brock Wright,TE,DET,2026,True,4,4,4,35.0,39.7,42.5,2.0,1.33,1.25,0.0,0.0,0.0,1.0,1.0,1.33,1.25,STABLE,-1.0,,2,0,
2026-10-06T23:57:38+00:00,13299,Nate Boerkircher,TE,JAX,2026,True,4,3,4,34.0,39.3,46.2,2.0,1.33,1.33,0.0,0.0,0.0,1.0,0.67,1.33,1.33,STABLE,-1.0,,2,0,
2026-10-06T23:57:38+00:00,14026,DJ Herman,RB,MIA,2026,True,4,2,4,51.0,39.0,36.0,0.0,1.5,1.5,0.0,0.0,0.0,0.0,0.5,1.5,1.5,STABLE,-1.0,,3,0,
2026-10-06T23:57:38+00:00,11593,Brevyn Spann-Ford,TE,DAL,2026,True,4,4,4,40.0,38.7,34.5,1.0,0.67,1.0,0.0,0.0,0.0,0.0,0.33,0.67,1.0,STABLE,-1.0,,2,0,
2026-10-06T23:57:38+00:00,11623,Jordan Whittington,WR,LAR,2026,True,3,2,4,50.0,38.3,38.3,2.0,1.5,1.5,0.0,0.0,0.0,1.0,1.0,1.5,1.5,STABLE,-1.0,,4,0,
2026-10-06T23:57:38+00:00,12496,Tai Felton,WR,MIN,2026,True,4,2,4,59.0,37.7,29.5,1.0,1.5,1.5,0.0,0.0,0.0,1.0,0.5,1.5,1.5,STABLE,-1.0,,3,0,
2026-10-06T23:57:38+00:00,12658,Jackson Hawes,TE,BUF,2026,True,4,1,4,24.0,37.3,38.8,1.0,1.0,1.0,0.0,0.0,0.0,0.0,0.0,1.0,1.0,STABLE,-1.0,,3,0,
2026-10-06T23:57:38+00:00,11168,Xavier Smith,WR,,2026,True,3,3,3,44.0,37.3,37.3,0.0,0.33,0.33,0.0,0.0,0.0,0.0,0.0,0.33,0.33,STABLE,-1.0,,,0,
2026-10-06T23:57:38+00:00,11616,Jacob Cowing,WR,SF,2026,True,4,4,4,32.0,36.3,29.2,1.0,1.0,0.75,1.0,0.33,0.25,0.0,0.0,1.0,0.75,STABLE,-1.0,,3,0,
2026-10-06T23:57:38+00:00,8219,Jelani Woods,TE,NYJ,2026,True,4,2,4,38.0,34.7,32.0,1.0,1.0,1.0,0.0,0.0,0.0,1.0,1.0,1.0,1.0,STABLE,-1.0,,3,0,
2026-10-06T23:57:38+00:00,10231,Elijah Higgins,TE,ARI,2026,True,4,3,4,36.0,34.0,32.2,2.0,1.67,1.67,0.0,0.0,0.0,2.0,1.67,1.67,1.67,STABLE,-1.0,,2,0,
2026-10-06T23:57:38+00:00,4995,Ian Thomas,TE,LV,2026,True,4,2,4,31.0,33.3,36.5,2.0,1.5,1.5,0.0,0.0,0.0,2.0,1.5,1.5,1.5,STABLE,-1.0,,3,0,
2026-10-06T23:57:38+00:00,12505,Jalen Royals,WR,KC,2026,True,4,4,4,63.0,32.3,24.2,2.0,1.67,1.25,0.0,0.0,0.0,0.0,1.0,1.67,1.25,STABLE,-1.0,,3,0,
2026-10-06T23:57:38+00:00,5773,KhaDarel Hodge,WR,,2026,True,3,3,3,56.0,32.0,32.0,0.0,0.33,0.33,0.0,0.0,0.0,0.0,0.33,0.33,0.33,STABLE,-1.0,Questionable,,0,
2026-10-06T23:57:38+00:00,13417,De'Zhaun Stribling,WR,SF,2026,True,1,0,1,32.0,32.0,32.0,0,0.0,0.0,0,0.0,0.0,0,0.0,0.0,0.0,STABLE,-1.0,IR,12,0,
2026-10-06T23:57:38+00:00,7535,Hunter Long,TE,ARI,2026,True,4,4,4,30.0,31.3,32.2,1.0,0.67,0.5,0.0,0.0,0.0,1.0,0.67,0.67,0.5,STABLE,-1.0,IR,3,0,
2026-10-06T23:57:38+00:00,11433,Nate Adkins,TE,DEN,2026,True,4,3,4,21.0,30.7,29.2,2.0,1.67,1.67,0.0,0.33,0.33,1.0,1.33,1.67,1.67,STABLE,-1.0,,3,0,
2026-10-06T23:57:38+00:00,7521,Chris Blair,WR,ATL,2026,True,4,4,4,25.0,30.7,27.3,0.0,1.0,0.75,0.0,0.0,0.0,0.0,0.33,1.0,0.75,STABLE,-1.0,,5,0,
2026-10-06T23:57:38+00:00,13394,Josh Cameron,WR,JAX,2026,True,4,4,4,36.0,30.0,30.8,2.0,1.33,1.5,0.0,0.0,0.0,2.0,1.0,1.33,1.5,STABLE,-1.0,,4,0,
2026-10-06T23:57:38+00:00,8489,Drew Ogletree,TE,IND,2026,True,4,3,4,29.0,29.3,24.8,0.0,0.67,0.67,0.0,0.0,0.0,0.0,0.0,0.67,0.67,STABLE,-1.0,,2,0,
2026-10-06T23:57:38+00:00,11942,Colson Yankoff,TE,WAS,2026,True,4,4,4,11.0,29.0,22.5,1.0,1.33,1.0,0.0,0.0,0.0,0.0,0.67,1.33,1.0,STABLE,-1.0,,4,0,
2026-10-06T23:57:38+00:00,11627,Troy Franklin,WR,DEN,2026,True,4,3,4,48.0,29.0,30.0,1.0,1.33,1.33,0.0,0.33,0.33,1.0,0.67,1.33,1.33,STABLE,-1.0,,3,0,
2026-10-06T23:57:38+00:00,11280,Brady Russell,RB,SEA,2026,True,4,3,4,22.0,28.0,29.5,0.0,1.0,1.0,0.0,0.0,0.0,0.0,1.0,1.0,1.0,STABLE,-1.0,,4,0,
2026-10-06T23:57:38+00:00,13277,CJ Donaldson,RB,NO,2026,True,4,4,4,38.0,27.7,25.0,2.0,0.67,1.0,3.0,1.67,1.75,2.0,0.67,2.33,2.75,STABLE,-1.0,,3,0,
2026-10-06T23:57:38+00:00,6039,Ty Johnson,RB,BUF,2026,True,2,2,4,32.0,27.5,27.5,2.0,3.0,3.0,1.0,0.5,0.5,2.0,3.0,3.5,3.5,STABLE,-1.0,,2,0,
2026-10-06T23:57:38+00:00,4189,Eric Saubert,TE,SEA,2026,True,4,4,4,30.0,27.0,25.2,0.0,1.0,0.75,0.0,0.0,0.0,0.0,0.67,1.0,0.75,STABLE,-1.0,,3,0,
2026-10-06T23:57:38+00:00,8181,Connor Heyward,RB,LV,2026,True,4,4,4,23.0,26.7,31.8,1.0,0.33,0.25,2.0,1.0,1.0,1.0,0.33,1.33,1.25,STABLE,-1.0,,3,0,
2026-10-06T23:57:38+00:00,12521,Elijah Arroyo,TE,SEA,2026,True,4,1,4,32.0,26.7,25.5,1.0,1.0,1.0,0.0,0.0,0.0,1.0,1.0,1.0,1.0,STABLE,-1.0,,2,0,
2026-10-06T23:57:38+00:00,11304,E.J. Jenkins,TE,PHI,2026,True,4,2,4,20.0,26.3,20.2,0.0,0.0,0.0,0.0,0.0,0.0,0.0,0.0,0.0,0.0,STABLE,-1.0,,2,0,
2026-10-06T23:57:38+00:00,11599,Cade Stover,TE,HOU,2026,True,4,2,4,24.0,26.0,27.0,1.0,1.0,1.0,0.0,0.0,0.0,1.0,1.0,1.0,1.0,STABLE,-1.0,,3,0,
2026-10-06T23:57:38+00:00,8132,Tyler Allgeier,RB,ARI,2026,True,4,4,4,55.0,51.7,53.5,2.0,2.67,2.5,8.0,5.0,8.0,2.0,2.67,7.67,10.5,FALLING,-2.0,,2,0,
2026-10-06T23:57:38+00:00,9757,Kendre Miller,RB,NO,2026,True,3,3,4,26.0,24.7,24.7,3.0,2.0,2.0,6.0,6.33,6.33,2.0,1.33,8.33,8.33,STABLE,-2.0,,2,2,
2026-10-06T23:57:38+00:00,13414,Kaelon Black,RB,SF,2026,True,4,4,4,26.0,24.7,29.2,0.0,0.33,0.5,6.0,5.67,7.75,0.0,0.0,6.0,8.25,STABLE,-2.0,,2,0,
2026-10-06T23:57:38+00:00,11583,Jonathon Brooks,RB,CAR,2026,True,2,2,2,30.0,24.5,24.5,1.0,1.5,1.5,5.0,4.5,4.5,1.0,1.0,6.0,6.0,STABLE,-2.0,IR,3,1,
2026-10-06T23:57:38+00:00,11647,Kimani Vidal,RB,LAC,2026,True,4,3,4,35.0,23.3,19.2,3.0,2.0,2.0,5.0,2.0,2.0,2.0,1.0,4.0,4.0,STABLE,-2.0,,3,0,
2026-10-06T23:57:38+00:00,12497,Tory Horton,WR,SEA,2026,True,3,2,4,17.0,23.3,23.3,1.0,2.0,2.0,0.0,0.0,0.0,1.0,2.0,2.0,2.0,STABLE,-2.0,,4,1,
2026-10-06T23:57:38+00:00,13345,Jonah Coleman,RB,DEN,2026,True,2,2,2,40.0,23.0,23.0,3.0,1.5,1.5,10.0,5.0,5.0,3.0,1.5,6.5,6.5,STABLE,-2.0,IR,6,1,
2026-10-06T23:57:38+00:00,10219,Chris Rodriguez,RB,JAX,2026,True,4,4,4,25.0,22.7,27.0,0.0,0.0,0.0,6.0,6.67,6.5,0.0,0.0,6.67,6.5,STABLE,-2.0,,2,1,
2026-10-06T23:57:38+00:00,13320,Zachariah Branch,WR,ATL,2026,True,4,4,4,23.0,20.3,22.8,2.0,2.0,1.5,0.0,0.0,0.0,2.0,1.67,2.0,1.5,STABLE,-2.0,,4,0,
2026-10-06T23:57:38+00:00,11292,Tommy DeVito,QB,NE,2026,True,1,1,3,19.0,19.0,19.0,0.0,0.0,0.0,1.0,1.0,1.0,0.0,0.0,0.0,0.0,STABLE,-2.0,,2,0,
2026-10-06T23:57:38+00:00,13305,Mike Washington,RB,LV,2026,True,4,4,4,21.0,18.7,18.8,2.0,1.0,0.75,9.0,5.67,6.0,1.0,0.33,6.67,6.75,STABLE,-2.0,,2,0,
2026-10-06T23:57:38+00:00,7528,Najee Harris,RB,NYG,2026,True,3,3,4,18.0,18.0,18.0,0.0,0.0,0.0,9.0,7.33,7.33,0.0,0.0,7.33,7.33,STABLE,-2.0,,2,0,
2026-10-06T23:57:38+00:00,8207,Tyler Goodson,RB,DAL,2026,True,2,2,4,21.0,18.0,18.0,1.0,1.0,1.0,3.0,4.5,4.5,0.0,0.5,5.5,5.5,STABLE,-2.0,,2,0,
2026-10-06T23:57:38+00:00,13380,Brenen Thompson,WR,LAC,2026,True,2,1,2,18.0,18.0,18.0,3.0,3.0,3.0,0.0,0.0,0.0,1.0,1.0,3.0,3.0,STABLE,-2.0,Out,9,0,
2026-10-06T23:57:38+00:00,13424,Seth McGowan,RB,IND,2026,True,4,4,4,29.0,16.7,15.2,2.0,0.67,0.75,6.0,4.0,3.0,1.0,0.33,4.67,3.75,STABLE,-2.0,,2,0,
2026-10-06T23:57:38+00:00,10857,Stetson Bennett,QB,LAR,2026,True,1,1,1,16.0,16.0,16.0,0.0,0.0,0.0,1.0,1.0,1.0,0.0,0.0,0.0,0.0,STABLE,-2.0,,2,0,
2026-10-06T23:57:38+00:00,7527,Mac Jones,QB,SF,2026,True,1,1,2,15.0,15.0,15.0,0.0,0.0,0.0,2.0,2.0,2.0,0.0,0.0,0.0,0.0,STABLE,-2.0,,2,1,
2026-10-06T23:57:38+00:00,6828,AJ Dillon,RB,CAR,2026,True,4,4,4,15.0,12.3,11.8,1.0,0.67,0.5,5.0,4.0,4.25,1.0,0.67,4.67,4.75,STABLE,-2.0,,2,0,
2026-10-06T23:57:38+00:00,4464,Nick Mullens,QB,JAX,2026,True,1,1,1,12.0,12.0,12.0,0.0,0.0,0.0,3.0,3.0,3.0,0.0,0.0,0.0,0.0,STABLE,-2.0,,,0,
2026-10-06T23:57:38+00:00,13405,Kaytron Allen,RB,WAS,2026,True,4,3,4,19.0,9.0,9.2,0.0,0.0,0.0,3.0,4.0,4.0,0.0,0.0,4.0,4.0,STABLE,-2.0,,3,0,
2026-10-06T23:57:38+00:00,829,Andy Dalton,QB,PHI,2026,True,1,1,3,8.0,8.0,8.0,0.0,0.0,0.0,0.0,0.0,0.0,0.0,0.0,0.0,0.0,STABLE,-2.0,,2,0,
2026-10-06T23:57:38+00:00,8160,Kenny Pickett,QB,CAR,2026,True,2,2,2,6.0,8.0,8.0,0.0,0.0,0.0,1.0,1.0,1.0,0.0,0.0,0.0,0.0,STABLE,-2.0,,2,0,
2026-10-06T23:57:38+00:00,12467,Jordan James,RB,SF,2026,True,2,1,3,0.0,7.5,7.5,0.0,0.0,0.0,4.0,4.0,4.0,0.0,0.0,4.0,4.0,STABLE,-2.0,Out,6,0,
2026-10-06T23:57:38+00:00,8195,Ronnie Rivers,RB,LAR,2026,True,2,1,2,0.0,6.5,6.5,1.0,1.0,1.0,5.0,5.0,5.0,1.0,1.0,6.0,6.0,STABLE,-2.0,IR,4,0,
2026-10-06T23:57:38+00:00,12500,Quinn Ewers,QB,JAX,2026,True,1,0,3,5.0,5.0,5.0,0,0.0,0.0,0,0.0,0.0,0,0.0,0.0,0.0,STABLE,-2.0,,3,0,
2026-10-06T23:57:38+00:00,4972,Mason Rudolph,QB,PIT,2026,True,1,1,2,4.0,4.0,4.0,0.0,0.0,0.0,1.0,1.0,1.0,0.0,0.0,0.0,0.0,STABLE,-2.0,,2,0,
2026-10-06T23:57:38+00:00,7591,Justin Fields,QB,KC,2026,True,1,0,1,1.0,1.0,1.0,0,0.0,0.0,0,0.0,0.0,0,0.0,0.0,0.0,STABLE,-2.0,,2,0,
2026-10-06T23:57:38+00:00,12524,Shedeur Sanders,QB,CLE,2026,True,1,1,3,1.0,1.0,1.0,0.0,0.0,0.0,0.0,0.0,0.0,0.0,0.0,0.0,0.0,STABLE,-2.0,,3,0,
2026-10-06T23:57:38+00:00,7039,Cody White,WR,LV,2026,True,0,4,4,0.0,0.0,0.0,4.0,3.0,2.5,0.0,0.0,0.0,2.0,1.67,3.0,2.5,STABLE,-2.0,,3,0,
2026-10-06T23:57:38+00:00,19,Joe Flacco,QB,CIN,2026,True,1,0,1,0.0,0.0,0.0,0,0.0,0.0,0,0.0,0.0,0,0.0,0.0,0.0,STABLE,-2.0,,2,0,
2026-10-06T23:57:38+00:00,13322,Sam Roush,TE,CHI,2026,True,4,3,4,25.0,24.7,22.5,1.0,1.67,1.67,0.0,0.0,0.0,1.0,1.0,1.67,1.67,STABLE,-3.0,,3,0,
2026-10-06T23:57:38+00:00,8523,Nick Muse,TE,ATL,2026,True,4,2,4,30.0,24.7,20.5,0.0,0.0,0.0,0.0,0.0,0.0,0.0,0.0,0.0,0.0,STABLE,-3.0,,4,0,
2026-10-06T23:57:38+00:00,5409,Tanner Hudson,TE,CIN,2026,True,3,3,4,41.0,24.3,24.3,1.0,1.33,1.33,0.0,0.0,0.0,1.0,1.33,1.33,1.33,STABLE,-3.0,,4,0,
2026-10-06T23:57:38+00:00,12699,LaJohntay Wester,WR,BAL,2026,True,4,4,4,3.0,24.3,25.5,0.0,0.67,1.0,0.0,0.0,0.0,0.0,0.33,0.67,1.0,STABLE,-3.0,,4,0,
2026-10-06T23:57:38+00:00,7595,Tylan Wallace,WR,CLE,2026,True,3,1,3,20.0,24.3,24.3,0.0,0.0,0.0,0.0,0.0,0.0,0.0,0.0,0.0,0.0,STABLE,-3.0,Out,6,0,
2026-10-06T23:57:38+00:00,13337,Emmett Johnson,RB,KC,2026,True,4,4,4,27.0,24.0,27.0,1.0,1.0,1.25,0.0,2.67,4.0,1.0,1.0,3.67,5.25,STABLE,-3.0,,2,1,
2026-10-06T23:57:38+00:00,7204,Reggie Gilliam,RB,NE,2026,True,4,1,4,22.0,23.7,22.2,2.0,2.0,2.0,0.0,0.0,0.0,1.0,1.0,2.0,2.0,STABLE,-3.0,Questionable,4,0,
2026-10-06T23:57:38+00:00,13075,Myles Price,WR,MIN,2026,True,4,4,4,13.0,23.3,18.8,2.0,1.0,0.75,1.0,0.33,0.25,2.0,0.67,1.0,0.75,STABLE,-3.0,,4,1,
2026-10-06T23:57:38+00:00,10227,Payne Durham,TE,TB,2026,True,4,1,4,8.0,23.0,20.2,1.0,1.0,1.0,0.0,0.0,0.0,0.0,0.0,1.0,1.0,STABLE,-3.0,,2,0,
2026-10-06T23:57:38+00:00,9494,Marvin Mims,WR,DEN,2026,True,2,2,4,27.0,22.5,22.5,3.0,1.5,1.5,0.0,0.0,0.0,1.0,0.5,1.5,1.5,STABLE,-3.0,,4,0,
2026-10-06T23:57:38+00:00,5848,Marquise Brown,WR,PHI,2026,True,1,1,2,22.0,22.0,22.0,0.0,0.0,0.0,2.0,2.0,2.0,0.0,0.0,0.0,0.0,STABLE,-3.0,Out,6,0,
2026-10-06T23:57:38+00:00,11729,Sione Vaki,RB,DET,2026,True,4,4,4,17.0,21.7,23.5,2.0,1.33,1.25,0.0,2.33,2.25,1.0,1.0,3.67,3.5,STABLE,-3.0,,2,0,
2026-10-06T23:57:38+00:00,8204,Bo Melton,WR,GB,2026,True,4,4,4,18.0,21.7,19.2,1.0,1.0,1.0,0.0,0.0,0.0,0.0,0.0,1.0,1.0,STABLE,-3.0,,5,0,
2026-10-06T23:57:38+00:00,13319,Oscar Delp,TE,NO,2026,True,3,2,4,32.0,21.3,21.3,0.0,0.5,0.5,0.0,0.0,0.0,0.0,0.5,0.5,0.5,STABLE,-3.0,,2,0,
2026-10-06T23:57:38+00:00,12523,Jimmy Horn,WR,CLE,2026,True,1,1,1,21.0,21.0,21.0,1.0,1.0,1.0,0.0,0.0,0.0,0.0,0.0,1.0,1.0,STABLE,-3.0,,,0,
2026-10-06T23:57:38+00:00,8208,Tyler Badie,RB,DEN,2026,True,3,3,4,18.0,20.7,20.7,2.0,2.0,2.0,2.0,1.33,1.33,2.0,1.67,3.33,3.33,STABLE,-3.0,,3,0,
2026-10-06T23:57:38+00:00,13273,Josh Cuevas,TE,BAL,2026,True,4,2,4,28.0,20.7,17.8,0.0,0.5,0.5,0.0,0.0,0.0,0.0,0.5,0.5,0.5,STABLE,-3.0,,4,0,
2026-10-06T23:57:38+00:00,7562,Tutu Atwell,WR,LAR,2026,True,2,2,4,23.0,20.5,20.5,1.0,1.5,1.5,0.0,0.0,0.0,1.0,1.0,1.5,1.5,STABLE,-3.0,,5,0,
2026-10-06T23:57:38+00:00,5086,Marquez Valdes-Scantling,WR,LAC,2026,True,2,2,4,37.0,20.5,20.5,1.0,1.0,1.0,0.0,0.0,0.0,0.0,0.0,1.0,1.0,STABLE,-3.0,,4,0,
2026-10-06T23:57:38+00:00,10871,Luke Schoonmaker,TE,DAL,2026,True,4,2,4,8.0,19.7,20.2,1.0,1.0,1.0,0.0,0.0,0.0,1.0,1.0,1.0,1.0,STABLE,-3.0,,3,0,
2026-10-06T23:57:38+00:00,10225,Jonathan Mingo,WR,DAL,2026,True,4,2,4,18.0,18.7,18.8,2.0,1.5,1.5,0.0,0.0,0.0,0.0,0.5,1.5,1.5,STABLE,-3.0,,5,0,
2026-10-06T23:57:38+00:00,13151,Nick Kallerup,TE,SEA,2026,True,2,0,3,10.0,18.5,18.5,0,0.0,0.0,0,0.0,0.0,0,0.0,0.0,0.0,STABLE,-3.0,Out,4,0,
2026-10-06T23:57:38+00:00,13554,CJ Williams,WR,JAX,2026,True,1,0,1,18.0,18.0,18.0,0,0.0,0.0,0,0.0,0.0,0,0.0,0.0,0.0,STABLE,-3.0,Out,9,0,
2026-10-06T23:57:38+00:00,7536,Quintin Morris,TE,JAX,2026,True,4,3,4,2.0,17.7,23.8,0.0,0.67,0.67,0.0,0.0,0.0,0.0,0.33,0.67,0.67,STABLE,-3.0,,4,0,
2026-10-06T23:57:38+00:00,7757,Ben Skowronek,WR,PIT,2026,True,4,3,4,11.0,16.7,12.5,2.0,1.33,1.33,0.0,0.0,0.0,1.0,1.0,1.33,1.33,STABLE,-3.0,,5,0,
2026-10-06T23:57:38+00:00,13770,J. Michael Sturdivant,WR,GB,2026,True,3,3,4,3.0,16.7,16.7,1.0,1.33,1.33,0.0,0.0,0.0,0.0,1.0,1.33,1.33,STABLE,-3.0,,4,0,
2026-10-06T23:57:38+00:00,8527,Dareke Young,WR,LV,2026,True,4,4,4,14.0,16.7,16.2,2.0,1.0,0.75,0.0,0.0,0.0,1.0,0.67,1.0,0.75,STABLE,-3.0,,5,0,
2026-10-06T23:57:38+00:00,13541,Lewis Bond,WR,HOU,2026,True,2,1,3,17.0,16.5,16.5,1.0,1.0,1.0,0.0,0.0,0.0,0.0,0.0,1.0,1.0,STABLE,-3.0,,,0,
2026-10-06T23:57:38+00:00,12544,LeQuint Allen,RB,JAX,2026,True,4,3,4,15.0,16.0,12.5,0.0,1.0,1.0,0.0,0.0,0.0,0.0,0.67,1.0,1.0,STABLE,-3.0,,4,1,
2026-10-06T23:57:38+00:00,11573,Frank Gore,RB,BUF,2026,True,2,1,2,12.0,15.5,15.5,0.0,0.0,0.0,1.0,1.0,1.0,0.0,0.0,1.0,1.0,STABLE,-3.0,,,0,
2026-10-06T23:57:38+00:00,8117,Jalen Tolbert,WR,MIA,2026,True,2,1,4,15.0,15.5,15.5,1.0,1.0,1.0,0.0,0.0,0.0,0.0,0.0,1.0,1.0,STABLE,-3.0,,5,0,
2026-10-06T23:57:38+00:00,10224,Brayden Willis,TE,SF,2026,True,3,3,4,17.0,15.3,15.3,0.0,0.0,0.0,0.0,0.0,0.0,0.0,0.0,0.0,0.0,STABLE,-3.0,,5,0,
2026-10-06T23:57:38+00:00,6931,DeeJay Dallas,RB,MIN,2026,True,4,4,4,15.0,15.0,13.5,1.0,0.67,0.75,0.0,1.0,0.75,1.0,0.67,1.67,1.5,STABLE,-3.0,,2,0,
2026-10-06T23:57:38+00:00,11421,Ryan Miller,WR,MIA,2026,True,4,3,4,10.0,14.7,11.0,0.0,1.33,1.33,0.0,0.0,0.0,0.0,1.0,1.33,1.33,STABLE,-3.0,,4,0,
2026-10-06T23:57:38+00:00,11643,Jaylen Wright,RB,MIA,2026,True,3,3,4,31.0,14.3,14.3,0.0,0.0,0.0,5.0,2.67,2.67,0.0,0.0,2.67,2.67,STABLE,-3.0,,2,1,
2026-10-06T23:57:38+00:00,13333,Deion Burks,WR,IND,2026,True,4,2,4,23.0,14.0,10.5,2.0,1.0,1.0,0.0,1.0,1.0,1.0,0.5,1.0,1.0,STABLE,-3.0,,4,0,
2026-10-06T23:57:38+00:00,10210,Cameron Latu,TE,NE,2026,True,4,3,4,3.0,14.0,10.5,0.0,0.0,0.0,0.0,0.0,0.0,0.0,0.0,0.0,0.0,STABLE,-3.0,,3,0,
2026-10-06T23:57:38+00:00,7596,Elijah Moore,WR,PHI,2026,True,2,0,4,16.0,14.0,14.0,0,0.0,0.0,0,0.0,0.0,0,0.0,0.0,0.0,STABLE,-3.0,,4,0,
2026-10-06T23:57:38+00:00,13179,Ja'seem Reed,WR,CAR,2026,True,1,1,4,13.0,13.0,13.0,1.0,1.0,1.0,0.0,0.0,0.0,0.0,0.0,1.0,1.0,STABLE,-3.0,,,0,
2026-10-06T23:57:38+00:00,8755,Kaden Davis,WR,CHI,2026,True,1,1,1,13.0,13.0,13.0,0.0,0.0,0.0,0.0,0.0,0.0,0.0,0.0,0.0,0.0,STABLE,-3.0,,,0,
2026-10-06T23:57:38+00:00,11199,Emari Demercado,RB,DAL,2026,True,2,2,2,16.0,12.5,12.5,0.0,0.0,0.0,3.0,2.5,2.5,0.0,0.0,2.5,2.5,STABLE,-3.0,Out,6,0,
2026-10-06T23:57:38+00:00,12817,Jake Briningstool,TE,KC,2026,True,4,3,4,13.0,12.3,14.0,0.0,0.67,0.67,0.0,0.0,0.0,0.0,0.33,0.67,0.67,STABLE,-3.0,,3,0,
2026-10-06T23:57:38+00:00,2197,Brandin Cooks,WR,SF,2026,True,1,1,4,12.0,12.0,12.0,1.0,1.0,1.0,0.0,0.0,0.0,0.0,0.0,1.0,1.0,STABLE,-3.0,,5,0,
2026-10-06T23:57:38+00:00,8698,Jake Tonges,TE,SF,2026,True,1,0,1,12.0,12.0,12.0,0,0.0,0.0,0,0.0,0.0,0,0.0,0.0,0.0,STABLE,-3.0,IR,4,0,
2026-10-06T23:57:38+00:00,13827,Tanner Arkin,TE,NE,2026,True,2,0,3,24.0,12.0,12.0,0,0.0,0.0,0,0.0,0.0,0,0.0,0.0,0.0,STABLE,-3.0,Out,6,0,
2026-10-06T23:57:38+00:00,8917,KaVontae Turpin,WR,DAL,2026,True,4,4,4,10.0,11.7,12.2,0.0,0.67,0.75,0.0,0.67,0.5,0.0,0.33,0.67,0.75,STABLE,-3.0,,4,0,
2026-10-06T23:57:38+00:00,13477,Colbie Young,WR,CIN,2026,True,3,2,3,2.0,11.0,11.0,1.0,1.0,1.0,0.0,0.0,0.0,1.0,1.0,1.0,1.0,STABLE,-3.0,Out,6,0,
2026-10-06T23:57:38+00:00,8200,Kevin Austin,WR,NO,2026,True,4,1,4,12.0,11.0,9.8,1.0,1.0,1.0,0.0,0.0,0.0,1.0,1.0,1.0,1.0,STABLE,-3.0,,5,0,
2026-10-06T23:57:38+00:00,13408,Tanner Koziol,TE,JAX,2026,True,2,0,4,16.0,10.5,10.5,0,0.0,0.0,0,0.0,0.0,0,0.0,0.0,0.0,STABLE,-3.0,,3,0,
2026-10-06T23:57:38+00:00,2078,Odell Beckham,WR,,2026,True,3,1,3,9.0,10.0,10.0,1.0,1.0,1.0,0.0,0.0,0.0,0.0,0.0,1.0,1.0,STABLE,-3.0,,,0,
2026-10-06T23:57:38+00:00,12700,Gavin Bartholomew,TE,MIN,2026,True,4,1,4,22.0,9.7,7.3,1.0,1.0,1.0,0.0,0.0,0.0,1.0,1.0,1.0,1.0,STABLE,-3.0,,2,0,
2026-10-06T23:57:38+00:00,13307,Marlin Klein,TE,HOU,2026,True,3,1,3,7.0,9.7,9.7,1.0,1.0,1.0,0.0,0.0,0.0,1.0,1.0,1.0,1.0,STABLE,-3.0,Out,6,0,
2026-10-06T23:57:38+00:00,11575,Ray Davis,RB,BUF,2026,True,4,3,4,7.0,9.7,9.5,1.0,0.33,0.33,1.0,0.67,0.67,1.0,0.33,1.0,1.0,STABLE,-3.0,,3,0,
2026-10-06T23:57:38+00:00,5133,Tyler Conklin,TE,DET,2026,True,2,0,2,6.0,9.5,9.5,0,0.0,0.0,0,0.0,0.0,0,0.0,0.0,0.0,STABLE,-3.0,Out,3,0,
2026-10-06T23:57:38+00:00,6659,Craig Reynolds,RB,WAS,2026,True,1,1,4,9.0,9.0,9.0,0.0,0.0,0.0,2.0,2.0,2.0,0.0,0.0,2.0,2.0,STABLE,-3.0,,,0,
2026-10-06T23:57:38+00:00,7568,Brevin Jordan,TE,HOU,2026,True,1,1,4,9.0,9.0,9.0,1.0,1.0,1.0,0.0,0.0,0.0,1.0,1.0,1.0,1.0,STABLE,-3.0,,4,0,
2026-10-06T23:57:38+00:00,13329,Malik Benson,WR,LV,2026,True,4,4,4,8.0,9.0,9.2,0.0,0.67,1.0,0.0,0.0,0.25,0.0,0.0,0.67,1.0,STABLE,-3.0,,4,0,
2026-10-06T23:57:38+00:00,12079,Treyton Welch,TE,NO,2026,True,3,2,4,9.0,9.0,9.0,1.0,0.5,0.5,0.0,0.0,0.0,0.0,0.0,0.5,0.5,STABLE,-3.0,,5,0,
2026-10-06T23:57:38+00:00,11574,Dylan Laube,RB,LV,2026,True,4,4,4,8.0,9.0,10.5,0.0,0.0,0.0,0.0,0.0,0.0,0.0,0.0,0.0,0.0,STABLE,-3.0,,4,0,
2026-10-06T23:57:38+00:00,7496,Nick Westbrook-Ikhine,WR,IND,2026,True,2,1,4,17.0,9.0,9.0,0.0,0.0,0.0,0.0,0.0,0.0,0.0,0.0,0.0,0.0,STABLE,-3.0,,,0,
2026-10-06T23:57:38+00:00,12540,Chimere Dike,WR,TEN,2026,True,4,4,4,12.0,8.7,8.5,1.0,0.67,0.75,0.0,0.0,0.0,1.0,0.67,0.67,0.75,STABLE,-3.0,,5,0,
2026-10-06T23:57:38+00:00,12503,Isaiah Bond,WR,CLE,2026,True,4,2,4,11.0,8.3,9.8,1.0,1.0,1.0,0.0,0.0,0.0,1.0,1.0,1.0,1.0,STABLE,-3.0,,4,0,
2026-10-06T23:57:38+00:00,10212,Josh Whyle,TE,GB,2026,True,4,0,4,23.0,8.3,10.2,0,0.0,0.0,0,0.0,0.0,0,0.0,0.0,0.0,STABLE,-3.0,,3,0,
2026-10-06T23:57:38+00:00,12641,Jaylin Lane,WR,WAS,2026,True,4,4,4,2.0,8.0,12.5,0.0,0.33,0.5,0.0,0.0,0.0,0.0,0.33,0.33,0.5,STABLE,-3.0,IR,8,0,
2026-10-06T23:57:38+00:00,13411,Zavion Thomas,WR,CHI,2026,True,4,3,4,10.0,8.0,6.0,0.0,0.33,0.33,0.0,0.0,0.0,0.0,0.33,0.33,0.33,STABLE,-3.0,,5,0,
2026-10-06T23:57:38+00:00,13288,Nicholas Singleton,RB,TEN,2026,True,3,2,4,12.0,7.7,7.7,0.0,0.0,0.0,3.0,3.5,3.5,0.0,0.0,3.5,3.5,STABLE,-3.0,,3,1,
2026-10-06T23:57:38+00:00,12491,Corey Kiner,RB,NE,2026,True,4,4,4,3.0,7.7,8.5,0.0,0.33,0.25,0.0,2.67,3.5,0.0,0.33,3.0,3.75,STABLE,-3.0,,3,0,
2026-10-06T23:57:38+00:00,2359,Ameer Abdullah,RB,JAX,2026,True,4,4,4,2.0,7.7,8.0,0.0,0.67,0.75,0.0,2.0,2.5,0.0,0.33,2.67,3.25,STABLE,-3.0,,3,0,
2026-10-06T23:57:38+00:00,11617,Malachi Corley,WR,CLE,2026,True,4,4,4,22.0,7.7,5.8,0.0,0.0,0.0,0.0,0.0,0.0,0.0,0.0,0.0,0.0,STABLE,-3.0,,5,0,
2026-10-06T23:57:38+00:00,11439,Jaleel McLaughlin,RB,CLE,2026,True,3,2,4,2.0,7.3,7.3,0.0,0.5,0.5,1.0,1.0,1.0,0.0,0.0,1.5,1.5,STABLE,-3.0,,3,0,
2026-10-06T23:57:38+00:00,11655,Tyrone Tracy,RB,NYG,2026,True,4,4,4,18.0,7.3,6.2,0.0,0.0,0.0,1.0,0.67,1.0,0.0,0.0,0.67,1.0,STABLE,-3.0,,3,0,
2026-10-06T23:57:38+00:00,13347,Demond Claiborne,RB,MIN,2026,True,3,3,4,12.0,7.0,7.0,0.0,0.33,0.33,3.0,2.0,2.0,0.0,0.33,2.33,2.33,STABLE,-3.0,,3,0,
2026-10-06T23:57:38+00:00,11618,Jalen McMillan,WR,TB,2026,True,2,1,3,3.0,7.0,7.0,1.0,1.0,1.0,0.0,0.0,0.0,0.0,0.0,1.0,1.0,STABLE,-3.0,IR,7,0,
2026-10-06T23:57:38+00:00,13276,Omar Cooper,WR,NYJ,2026,True,1,1,1,7.0,7.0,7.0,1.0,1.0,1.0,0.0,0.0,0.0,1.0,1.0,1.0,1.0,STABLE,-3.0,IR,10,1,
2026-10-06T23:57:38+00:00,5121,Braxton Berrios,WR,NYG,2026,True,4,4,4,3.0,6.7,9.2,1.0,0.33,0.25,0.0,0.0,0.0,0.0,0.0,0.33,0.25,STABLE,-3.0,Out,5,0,
2026-10-06T23:57:38+00:00,13308,Bauer Sharp,TE,TB,2026,True,4,3,4,6.0,6.7,5.5,0.0,0.0,0.0,0.0,0.0,0.0,0.0,0.0,0.0,0.0,STABLE,-3.0,,3,0,
2026-10-06T23:57:38+00:00,6529,Chris Myarick,TE,LV,2026,True,2,0,2,5.0,6.0,6.0,0,0.0,0.0,0,0.0,0.0,0,0.0,0.0,0.0,STABLE,-3.0,,,0,
2026-10-06T23:57:38+00:00,12357,David Martin-Robinson,TE,TEN,2026,True,4,0,4,2.0,6.0,4.5,0,0.0,0.0,0,0.0,0.0,0,0.0,0.0,0.0,STABLE,-3.0,,5,0,
2026-10-06T23:57:38+00:00,12938,Jackson Meeks,TE,DET,2026,True,4,1,4,0.0,5.7,4.2,1.0,1.0,1.0,0.0,0.0,0.0,1.0,1.0,1.0,1.0,STABLE,-3.0,,4,0,
2026-10-06T23:57:38+00:00,13079,Jahdae Walker,WR,CHI,2026,True,4,1,4,2.0,5.7,15.5,1.0,1.0,1.0,0.0,0.0,0.0,1.0,1.0,1.0,1.0,STABLE,-3.0,,4,0,
2026-10-06T23:57:38+00:00,10234,Derius Davis,WR,LAC,2026,True,4,4,4,4.0,5.7,8.8,1.0,0.67,0.75,0.0,0.0,0.0,1.0,0.33,0.67,0.75,STABLE,-3.0,,5,0,
2026-10-06T23:57:38+00:00,5970,Greg Dortch,WR,BUF,2026,True,4,4,4,3.0,5.3,4.0,0.0,0.0,0.0,0.0,0.0,0.0,0.0,0.0,0.0,0.0,STABLE,-3.0,,5,0,
2026-10-06T23:57:38+00:00,5938,Lil'Jordan Humphrey,WR,DEN,2026,True,1,1,2,5.0,5.0,5.0,1.0,1.0,1.0,0.0,0.0,0.0,0.0,0.0,1.0,1.0,STABLE,-3.0,,,0,
2026-10-06T23:57:38+00:00,13533,Barion Brown,WR,NO,2026,True,3,3,4,4.0,5.0,5.0,0.0,0.0,0.0,1.0,0.67,0.67,0.0,0.0,0.0,0.0,STABLE,-3.0,,4,0,
2026-10-06T23:57:38+00:00,12765,Keleki Latu,TE,BUF,2026,True,4,3,4,2.0,5.0,5.5,0.0,0.0,0.0,0.0,0.0,0.0,0.0,0.0,0.0,0.0,STABLE,-3.0,,4,0,
2026-10-06T23:57:38+00:00,13413,Cyrus Allen,WR,KC,2026,True,4,2,4,8.0,4.7,3.8,1.0,1.0,1.0,0.0,0.0,0.0,0.0,0.0,1.0,1.0,STABLE,-3.0,,4,0,
2026-10-06T23:57:38+00:00,11034,Jalen Brooks,WR,ARI,2026,True,4,3,4,5.0,4.7,4.8,0.0,0.33,0.33,0.0,0.0,0.0,0.0,0.0,0.33,0.33,STABLE,-3.0,,4,0,
2026-10-06T23:57:38+00:00,10235,Roschon Johnson,RB,CHI,2026,True,4,2,4,11.0,4.0,3.0,1.0,0.5,0.5,4.0,2.0,2.0,1.0,0.5,2.5,2.5,STABLE,-3.0,,3,0,
2026-10-06T23:57:38+00:00,12969,Lan Larison,RB,NE,2026,True,1,1,1,4.0,4.0,4.0,2.0,2.0,2.0,0.0,0.0,0.0,2.0,2.0,2.0,2.0,STABLE,-3.0,,,0,
2026-10-06T23:57:38+00:00,7812,Simi Fehoko,WR,ARI,2026,True,4,3,4,0.0,4.0,5.0,0.0,0.0,0.0,0.0,0.0,0.0,0.0,0.0,0.0,0.0,STABLE,-3.0,,6,0,
2026-10-06T23:57:38+00:00,6012,Travis Homer,RB,PIT,2026,True,3,3,4,3.0,3.7,3.7,0.0,0.0,0.0,2.0,1.67,1.67,0.0,0.0,1.67,1.67,STABLE,-3.0,,2,0,
2026-10-06T23:57:38+00:00,12455,Brashard Smith,RB,KC,2026,True,4,2,4,3.0,3.7,2.8,1.0,0.5,0.5,0.0,0.0,0.0,1.0,0.5,0.5,0.5,STABLE,-3.0,,3,0,
2026-10-06T23:57:38+00:00,4274,David Moore,WR,CAR,2026,True,2,2,4,1.0,3.5,3.5,0.0,1.0,1.0,0.0,0.0,0.0,0.0,0.0,1.0,1.0,STABLE,-3.0,,4,0,
2026-10-06T23:57:38+00:00,4602,Robert Tonyan,TE,PIT,2026,True,4,1,4,1.0,3.3,3.2,1.0,1.0,1.0,0.0,0.0,0.0,1.0,1.0,1.0,1.0,STABLE,-3.0,,3,0,
2026-10-06T23:57:38+00:00,13433,Riley Nowakowski,TE,PIT,2026,True,4,1,4,1.0,3.3,5.5,0.0,0.0,0.0,0.0,0.0,0.0,0.0,0.0,0.0,0.0,STABLE,-3.0,,3,0,
2026-10-06T23:57:38+00:00,11994,Kameron Johnson,WR,TB,2026,True,4,4,4,8.0,3.0,4.5,2.0,0.67,0.5,0.0,0.0,0.0,1.0,0.33,0.67,0.5,STABLE,-3.0,,5,0,
2026-10-06T23:57:38+00:00,6323,Andrew Beck,RB,NYJ,2026,True,4,2,4,0.0,2.7,5.3,0.0,0.0,0.0,0.0,0.0,0.0,0.0,0.0,0.0,0.0,STABLE,-3.0,,3,0,
2026-10-06T23:57:38+00:00,9510,Lew Nichols,RB,PIT,2026,True,2,2,4,0.0,2.5,2.5,0.0,0.0,0.0,0.0,0.5,0.5,0.0,0.0,0.5,0.5,STABLE,-3.0,,,0,
2026-10-06T23:57:38+00:00,9506,Sean Tucker,RB,TB,2026,True,3,1,4,5.0,2.0,2.0,0.0,0.0,0.0,3.0,3.0,3.0,0.0,0.0,3.0,3.0,STABLE,-3.0,,3,0,
2026-10-06T23:57:38+00:00,8122,Zonovan Knight,RB,ARI,2026,True,4,1,4,0.0,2.0,2.5,0.0,0.0,0.0,2.0,2.0,2.0,0.0,0.0,2.0,2.0,STABLE,-3.0,,3,0,
2026-10-06T23:57:38+00:00,12539,Arian Smith,WR,NYJ,2026,True,2,2,2,1.0,2.0,2.0,0.0,0.5,0.5,0.0,0.0,0.0,0.0,0.0,0.5,0.5,STABLE,-3.0,IR,9,0,
2026-10-06T23:57:38+00:00,13423,Eli Heidenreich,RB,PIT,2026,True,2,2,2,0.0,2.0,2.0,0.0,0.0,0.0,0.0,0.0,0.0,0.0,0.0,0.0,0.0,STABLE,-3.0,Out,6,0,
2026-10-06T23:57:38+00:00,7531,Feleipe Franks,TE,CAR,2026,True,4,4,4,0.0,2.0,3.2,0.0,0.0,0.0,0.0,0.0,0.0,0.0,0.0,0.0,0.0,STABLE,-3.0,,4,0,
2026-10-06T23:57:38+00:00,11571,Isaiah Davis,RB,NYJ,2026,True,4,3,4,6.0,2.0,1.5,0.0,0.0,0.0,0.0,0.0,0.0,0.0,0.0,0.0,0.0,STABLE,-3.0,,2,1,
2026-10-06T23:57:38+00:00,8484,Ko Kieft,TE,TB,2026,True,3,1,3,3.0,1.7,1.7,0.0,0.0,0.0,0.0,0.0,0.0,0.0,0.0,0.0,0.0,STABLE,-3.0,Out,4,0,
2026-10-06T23:57:38+00:00,12939,Anthony Tyus,RB,CAR,2026,True,2,2,4,3.0,1.5,1.5,0.0,0.0,0.0,0.0,0.0,0.0,0.0,0.0,0.0,0.0,STABLE,-3.0,,6,0,
2026-10-06T23:57:38+00:00,13580,Carsen Ryan,TE,CLE,2026,True,4,2,4,2.0,1.3,1.0,0.0,0.0,0.0,0.0,0.0,0.0,0.0,0.0,0.0,0.0,STABLE,-3.0,,3,0,
2026-10-06T23:57:38+00:00,10228,Charlie Jones,WR,NYG,2026,True,1,1,4,1.0,1.0,1.0,0.0,0.0,0.0,0.0,0.0,0.0,0.0,0.0,0.0,0.0,STABLE,-3.0,,4,0,
2026-10-06T23:57:38+00:00,13282,Jack Endries,TE,CIN,2026,True,2,0,4,0.0,1.0,1.0,0,0.0,0.0,0,0.0,0.0,0,0.0,0.0,0.0,STABLE,-3.0,,5,1,
2026-10-06T23:57:38+00:00,11237,Jacob Saylors,RB,DET,2026,True,4,4,4,0.0,1.0,0.8,0.0,0.0,0.0,0.0,0.0,0.0,0.0,0.0,0.0,0.0,STABLE,-3.0,,3,0,
2026-10-06T23:57:38+00:00,8250,Tay Martin,WR,DET,2026,True,4,3,4,0.0,1.0,0.8,0.0,0.0,0.0,0.0,0.0,0.0,0.0,0.0,0.0,0.0,STABLE,-3.0,,4,0,
2026-10-06T23:57:38+00:00,8223,Velus Jones,WR,SEA,2026,True,3,0,4,3.0,1.0,1.0,0,0.0,0.0,0,0.0,0.0,0,0.0,0.0,0.0,STABLE,-3.0,,3,0,
2026-10-06T23:57:38+00:00,11273,Ben VanSumeren,RB,KC,2026,True,4,2,4,2.0,0.7,1.5,0.0,0.0,0.0,0.0,0.0,0.0,0.0,0.0,0.0,0.0,STABLE,-3.0,,4,0,
2026-10-06T23:57:38+00:00,12543,Tahj Brooks,RB,CIN,2026,True,4,2,4,0.0,0.7,1.2,0.0,0.0,0.0,0.0,0.0,0.0,0.0,0.0,0.0,0.0,STABLE,-3.0,,3,0,
2026-10-06T23:57:38+00:00,13278,Max Klare,TE,LAR,2026,True,3,0,4,1.0,0.3,0.3,0,0.0,0.0,0,0.0,0.0,0,0.0,0.0,0.0,STABLE,-3.0,,3,0,
2026-10-06T23:57:38+00:00,6588,Tom Kennedy,WR,DET,2026,True,4,4,4,1.0,0.3,0.2,0.0,0.0,0.0,0.0,0.0,0.0,0.0,0.0,0.0,0.0,STABLE,-3.0,,5,0,
2026-10-06T23:57:38+00:00,6386,Alex Bachman,WR,LAR,2026,True,1,1,4,0.0,0.0,0.0,0.0,0.0,0.0,0.0,0.0,0.0,0.0,0.0,0.0,0.0,STABLE,-3.0,,6,0,
2026-10-06T23:57:38+00:00,11762,Anthony Gould,WR,IND,2026,True,3,3,4,0.0,0.0,0.0,0.0,0.0,0.0,0.0,0.0,0.0,0.0,0.0,0.0,0.0,STABLE,-3.0,,5,0,
2026-10-06T23:57:38+00:00,8414,Britain Covey,WR,PHI,2026,True,4,4,4,0.0,0.0,0.0,0.0,0.0,0.0,0.0,0.0,0.0,0.0,0.0,0.0,0.0,STABLE,-3.0,,5,0,
2026-10-06T23:57:38+00:00,12171,British Brooks,RB,HOU,2026,True,3,1,3,0.0,0.0,0.0,0.0,0.0,0.0,0.0,0.0,0.0,0.0,0.0,0.0,0.0,STABLE,-3.0,IR,5,0,
2026-10-06T23:57:38+00:00,4718,Dare Ogunbowale,RB,HOU,2026,True,1,0,4,0.0,0.0,0.0,0,0.0,0.0,0,0.0,0.0,0,0.0,0.0,0.0,STABLE,-3.0,,3,0,
2026-10-06T23:57:38+00:00,13315,Dean Connors,RB,LAR,2026,True,2,2,4,0.0,0.0,0.0,0.0,0.0,0.0,0.0,0.0,0.0,0.0,0.0,0.0,0.0,STABLE,-3.0,,3,0,
2026-10-06T23:57:38+00:00,6847,Devin Duvernay,WR,ARI,2026,True,4,4,4,0.0,0.0,0.0,0.0,0.0,0.0,0.0,0.0,0.0,0.0,0.0,0.0,0.0,STABLE,-3.0,,5,0,
2026-10-06T23:57:38+00:00,13621,Dillon Bell,WR,MIN,2026,True,1,0,2,0.0,0.0,0.0,0,0.0,0.0,0,0.0,0.0,0,0.0,0.0,0.0,STABLE,-3.0,,,0,
2026-10-06T23:57:38+00:00,12469,Dylan Sampson,RB,CLE,2026,True,1,1,1,0.0,0.0,0.0,0.0,0.0,0.0,0.0,0.0,0.0,0.0,0.0,0.0,0.0,STABLE,-3.0,IR,6,0,
2026-10-06T23:57:38+00:00,6045,Gary Jennings,WR,LAC,2026,True,1,0,2,0.0,0.0,0.0,0,0.0,0.0,0,0.0,0.0,0,0.0,0.0,0.0,STABLE,-3.0,,,0,
2026-10-06T23:57:38+00:00,11506,Jalen Cropper,WR,NO,2026,True,1,1,3,0.0,0.0,0.0,0.0,0.0,0.0,0.0,0.0,0.0,0.0,0.0,0.0,0.0,STABLE,-3.0,,,0,
2026-10-06T23:57:38+00:00,12925,Jamaal Pritchett,WR,NYJ,2026,True,1,1,3,0.0,0.0,0.0,0.0,0.0,0.0,0.0,0.0,0.0,0.0,0.0,0.0,0.0,STABLE,-3.0,,8,0,
2026-10-06T23:57:38+00:00,12787,Josh Williams,RB,TB,2026,True,1,1,1,0.0,0.0,0.0,0.0,0.0,0.0,0.0,0.0,0.0,0.0,0.0,0.0,0.0,STABLE,-3.0,,,0,
2026-10-06T23:57:38+00:00,7050,Josiah Deguara,TE,PHI,2026,True,1,0,4,0.0,0.0,0.0,0,0.0,0.0,0,0.0,0.0,0,0.0,0.0,0.0,STABLE,-3.0,,,0,
2026-10-06T23:57:38+00:00,8254,Julius Chestnut,RB,TEN,2026,True,4,3,4,0.0,0.0,0.0,0.0,0.0,0.0,0.0,0.0,0.0,0.0,0.0,0.0,0.0,STABLE,-3.0,,4,0,
2026-10-06T23:57:38+00:00,13400,Justin Joly,TE,MIA,2026,True,1,0,3,0.0,0.0,0.0,0,0.0,0.0,0,0.0,0.0,0,0.0,0.0,0.0,STABLE,-3.0,Out,6,0,
2026-10-06T23:57:38+00:00,13491,Kaden Wetjen,WR,PIT,2026,True,4,4,4,0.0,0.0,0.0,0.0,0.0,0.0,0.0,0.0,0.0,0.0,0.0,0.0,0.0,STABLE,-3.0,,6,0,
2026-10-06T23:57:38+00:00,12971,Ke'Shawn Williams,WR,CIN,2026,True,1,1,3,0.0,0.0,0.0,0.0,0.0,0.0,0.0,0.0,0.0,0.0,0.0,0.0,0.0,STABLE,-3.0,,,0,
2026-10-06T23:57:38+00:00,12670,KeAndre Lambert-Smith,WR,LAC,2026,True,1,0,1,0.0,0.0,0.0,0,0.0,0.0,0,0.0,0.0,0,0.0,0.0,0.0,STABLE,-3.0,IR,8,0,
2026-10-06T23:57:38+00:00,7720,Kene Nwangwu,RB,NYJ,2026,True,1,1,4,0.0,0.0,0.0,0.0,0.0,0.0,0.0,0.0,0.0,0.0,0.0,0.0,0.0,STABLE,-3.0,,4,0,
2026-10-06T23:57:38+00:00,13981,Kolbe Katsis,WR,DEN,2026,True,1,1,3,0.0,0.0,0.0,0.0,0.0,0.0,0.0,0.0,0.0,0.0,0.0,0.0,0.0,STABLE,-3.0,,,0,
2026-10-06T23:57:38+00:00,7602,Kylen Granson,TE,TEN,2026,True,1,0,1,0.0,0.0,0.0,0,0.0,0.0,0,0.0,0.0,0,0.0,0.0,0.0,STABLE,-3.0,Out,3,0,
2026-10-06T23:57:38+00:00,11650,Luke McCaffrey,WR,WAS,2026,True,1,1,3,0.0,0.0,0.0,0.0,0.0,0.0,0.0,0.0,0.0,0.0,0.0,0.0,0.0,STABLE,-3.0,Out,7,0,
2026-10-06T23:57:38+00:00,5781,Malik Turner,WR,SF,2026,True,1,0,4,0.0,0.0,0.0,0,0.0,0.0,0,0.0,0.0,0,0.0,0.0,0.0,STABLE,-3.0,,,0,
2026-10-06T23:57:38+00:00,13199,Montorie Foster,WR,SEA,2026,True,1,1,1,0.0,0.0,0.0,0.0,0.0,0.0,0.0,0.0,0.0,0.0,0.0,0.0,0.0,STABLE,-3.0,Out,8,0,
2026-10-06T23:57:38+00:00,11320,Nikko Remigio,WR,KC,2026,True,4,4,4,0.0,0.0,0.0,0.0,0.0,0.0,0.0,0.0,0.0,0.0,0.0,0.0,0.0,STABLE,-3.0,,5,0,
2026-10-06T23:57:38+00:00,11570,Rasheen Ali,RB,BAL,2026,True,4,3,4,0.0,0.0,0.0,0.0,0.0,0.0,0.0,0.0,0.0,0.0,0.0,0.0,0.0,STABLE,-3.0,,3,0,
2026-10-06T23:57:38+00:00,13429,Seydou Traore,TE,MIA,2026,True,4,0,4,0.0,0.0,0.0,0,0.0,0.0,0,0.0,0.0,0,0.0,0.0,0.0,STABLE,-3.0,,3,0,
