league_id,league,league_type,player_id,player,position,nfl_team,waiver_score,priority,depth_chart_order,injury_status,rostered_other_active_leagues,other_active_leagues_checked,recent_adds,recent_drops,faab_remaining,faab_low_pct,faab_high_pct,faab_low,faab_high,reasons,league_rank,heuristic_score,consensus_ecr,consensus_rank_type,consensus_owned_avg,consensus_scrape_date,quality_source,keeper_cost_if_added,estimated_market_round,keeper_round_surplus,usage_season,usage_signal,last3_snap_pct,last3_opportunities_pg,usage_adjustment,waiver_score_before_usage,waiver_score_before_return,return_projection_points,return_points_confidence_adjusted,return_roles,return_confidence,dual_role_offense_return,offensive_depth_rank
1389740418316374016,10-Team Redraft — Big Tiger Takeover,redraft,13298,KC Concepcion,WR,CLE,69.4,MEDIUM,2,,4,4,0,0,100,7,12,7,12,"consensus ECR 79.67 | rostered in most comparable leagues | primary backup | 2026 usage STABLE — snaps L3 81.3%, opps 7.67/g",1,72.0,79.67,ro,63.9,2026-10-02,FantasyPros consensus via DynastyProcess,,,,2026,STABLE,81.3,7.67,4.0,63.4,,,,,,,
1389740418316374016,10-Team Redraft — Big Tiger Takeover,redraft,5947,Jakobi Meyers,WR,JAX,67.9,MEDIUM,2,,4,4,0,0,100,7,12,7,12,"consensus ECR 87.5 | rostered in most comparable leagues | primary backup | 2026 usage STABLE — snaps L3 84.3%, opps 4.33/g",2,72.0,87.5,ro,66.4,2026-10-02,FantasyPros consensus via DynastyProcess,,,,2026,STABLE,84.3,4.33,3.0,63.4,,,,,,,
1389740418316374016,10-Team Redraft — Big Tiger Takeover,redraft,8110,Jake Ferguson,TE,DAL,67.2,MEDIUM,1,,4,4,0,0,100,7,12,7,12,"consensus ECR 132.5 | rostered in most comparable leagues | depth-chart starter | thin TE depth on your roster | 2026 usage STABLE — snaps L3 66.7%, opps 4.33/g",3,87.0,132.5,ro,81.5,2026-10-02,FantasyPros consensus via DynastyProcess,,,,2026,STABLE,66.7,4.33,2.0,64.2,,,,,,,
1389740418316374016,10-Team Redraft — Big Tiger Takeover,redraft,9480,Brenton Strange,TE,JAX,62.6,MEDIUM,1,,3,4,0,0,100,3,7,3,7,"consensus ECR 135.67 | rostered in most comparable leagues | depth-chart starter | thin TE depth on your roster | 2026 usage STABLE — snaps L3 82.3%, opps 5.0/g",4,78.0,135.67,ro,33.2,2026-10-02,FantasyPros consensus via DynastyProcess,,,,2026,STABLE,82.3,5.0,3.0,58.1,,,,,,,
1389740418316374016,10-Team Redraft — Big Tiger Takeover,redraft,7553,Kyle Pitts,TE,ATL,60.1,SPECULATIVE,1,,3,4,0,0,100,3,7,3,7,consensus ECR 124 | rostered in most comparable leagues | depth-chart starter | thin TE depth on your roster,5,78.0,124.0,ro,80.0,2026-10-02,FantasyPros consensus via DynastyProcess,,,,2026,STABLE,49.3,2.67,0.0,,,,,,,,
1389740418316374016,10-Team Redraft — Big Tiger Takeover,redraft,9758,C.J. Stroud,QB,HOU,57.0,SPECULATIVE,1,,4,4,1,0,100,3,7,3,7,"consensus ECR 136.67 | rostered in most comparable leagues | depth-chart starter | 1 recent cross-league add(s) | 2026 usage STABLE — snaps L3 100.0%, opps 0.0/g | QB room already covered (1 rostered)",6,91.0,136.67,ro,41.7,2026-10-02,FantasyPros consensus via DynastyProcess,,,,2026,STABLE,100.0,0.0,2.0,64.0,,,,,,,
1389740418316374016,10-Team Redraft — Big Tiger Takeover,redraft,6797,Justin Herbert,QB,LAC,55.8,SPECULATIVE,1,,4,4,0,1,100,3,7,3,7,"consensus ECR 108.67 | rostered in most comparable leagues | depth-chart starter | 2026 usage STABLE — snaps L3 100.0%, opps 0.0/g | QB room already covered (1 rostered)",7,84.0,108.67,ro,84.7,2026-10-02,FantasyPros consensus via DynastyProcess,,,,2026,STABLE,100.0,0.0,2.0,62.8,,,,,,,
1389740418316374016,10-Team Redraft — Big Tiger Takeover,redraft,11581,MarShawn Lloyd,RB,GB,55.4,SPECULATIVE,1,,4,4,0,0,100,3,7,3,7,"consensus ECR 171.67 | rostered in most comparable leagues | depth-chart starter | 2026 usage STABLE — snaps L3 35.0%, opps 9.0/g",8,82.0,171.67,ro,57.4,2026-10-02,FantasyPros consensus via DynastyProcess,,,,2026,STABLE,35.0,9.0,1.0,53.9,,,,,,,
1389740418316374016,10-Team Redraft — Big Tiger Takeover,redraft,11603,AJ Barner,TE,SEA,55.1,SPECULATIVE,1,,3,4,1,1,100,3,7,3,7,"consensus ECR 157.83 | rostered in most comparable leagues | depth-chart starter | 1 recent cross-league add(s) | thin TE depth on your roster | 2026 usage STABLE — snaps L3 87.0%, opps 4.33/g",9,79.0,157.83,ro,15.4,2026-10-02,FantasyPros consensus via DynastyProcess,,,,2026,STABLE,87.0,4.33,3.0,50.6,,,,,,,
1389740418316374016,10-Team Redraft — Big Tiger Takeover,redraft,11610,Malik Washington,WR,MIA,54.4,SPECULATIVE,1,,3,4,0,0,100,1,3,1,3,"consensus ECR 152.67 | rostered in most comparable leagues | depth-chart starter | 2026 usage STABLE — snaps L3 82.0%, opps 6.67/g",10,73.0,152.67,ro,30.2,2026-10-02,FantasyPros consensus via DynastyProcess,,,,2026,STABLE,82.0,6.67,3.0,49.9,,,,,,,
1389740418316374016,10-Team Redraft — Big Tiger Takeover,redraft,7600,Pat Freiermuth,TE,PIT,53.1,SPECULATIVE,1,,3,4,0,0,100,1,3,1,3,"consensus ECR 164.5 | rostered in most comparable leagues | depth-chart starter | thin TE depth on your roster | 2026 usage STABLE — snaps L3 67.0%, opps 4.67/g",11,78.0,164.5,ro,18.3,2026-10-02,FantasyPros consensus via DynastyProcess,,,,2026,STABLE,67.0,4.67,2.0,50.1,,,,,,,
1389740418316374016,10-Team Redraft — Big Tiger Takeover,redraft,8111,Cade Otton,TE,TB,52.6,SPECULATIVE,1,,3,4,0,0,100,1,3,1,3,"consensus ECR 172.83 | rostered in most comparable leagues | depth-chart starter | thin TE depth on your roster | 2026 usage STABLE — snaps L3 92.7%, opps 6.0/g",12,78.0,172.83,ro,6.8,2026-10-02,FantasyPros consensus via DynastyProcess,,,,2026,STABLE,92.7,6.0,3.0,48.1,,,,,,,
1389740418316374016,10-Team Redraft — Big Tiger Takeover,redraft,5849,Kyler Murray,QB,MIN,51.6,SPECULATIVE,1,,3,4,0,0,100,1,3,1,3,"consensus ECR 125 | rostered in most comparable leagues | depth-chart starter | 2026 usage STABLE — snaps L3 72.3%, opps 0.0/g | QB room already covered (1 rostered)",13,78.0,125.0,ro,63.9,2026-10-02,FantasyPros consensus via DynastyProcess,,,,2026,STABLE,72.3,0.0,1.0,60.1,,,,,,,
1389740418316374016,10-Team Redraft — Big Tiger Takeover,redraft,12502,Gunnar Helm,TE,TEN,51.1,SPECULATIVE,1,,3,4,0,0,100,1,3,1,3,"consensus ECR 174.5 | rostered in most comparable leagues | depth-chart starter | thin TE depth on your roster | 2026 usage STABLE — snaps L3 80.3%, opps 2.33/g",14,78.0,174.5,ro,3.8,2026-10-02,FantasyPros consensus via DynastyProcess,,,,2026,STABLE,80.3,2.33,2.0,48.1,,,,,,,
1389740418316374016,10-Team Redraft — Big Tiger Takeover,redraft,9511,Keaton Mitchell,RB,LAC,50.9,SPECULATIVE,2,,4,4,0,0,100,1,3,1,3,"consensus ECR 184.33 | rostered in most comparable leagues | primary backup | 2026 usage STABLE — snaps L3 33.3%, opps 11.0/g",15,72.0,184.33,ro,31.1,2026-10-02,FantasyPros consensus via DynastyProcess,,,,2026,STABLE,33.3,11.0,1.0,49.4,,,,,,,
1389740418316374016,10-Team Redraft — Big Tiger Takeover,redraft,12474,Woody Marks,RB,HOU,50.9,SPECULATIVE,2,,4,4,0,0,100,1,3,1,3,"consensus ECR 174.67 | rostered in most comparable leagues | primary backup | 2026 usage STABLE — snaps L3 43.0%, opps 9.0/g",16,72.0,174.67,ro,52.9,2026-10-02,FantasyPros consensus via DynastyProcess,,,,2026,STABLE,43.0,9.0,1.0,49.4,,,,,,,
1389740418316374016,10-Team Redraft — Big Tiger Takeover,redraft,12493,Oronde Gadsden,TE,LAC,50.3,SPECULATIVE,1,,3,4,0,1,100,1,3,1,3,"consensus ECR 154.33 | rostered in most comparable leagues | depth-chart starter | thin TE depth on your roster | 2026 usage STABLE — snaps L3 52.0%, opps 4.33/g",17,75.0,154.33,ro,18.4,2026-10-02,FantasyPros consensus via DynastyProcess,,,,2026,STABLE,52.0,4.33,1.0,48.8,,,,,,,
1389740418316374016,10-Team Redraft — Big Tiger Takeover,redraft,4943,Sam Darnold,QB,SEA,50.1,SPECULATIVE,1,,3,4,1,1,100,1,3,1,3,"consensus ECR 131 | rostered in most comparable leagues | depth-chart starter | 1 recent cross-league add(s) | 2026 usage STABLE — snaps L3 70.0%, opps 0.0/g | QB room already covered (1 rostered)",18,79.0,131.0,ro,49.0,2026-10-02,FantasyPros consensus via DynastyProcess,,,,2026,STABLE,70.0,0.0,1.0,58.6,,,,,,,
1389740418316374016,10-Team Redraft — Big Tiger Takeover,redraft,8161,Malik Willis,QB,MIA,49.1,WATCH,1,,3,4,0,0,100,1,3,1,3,"consensus ECR 122.67 | rostered in most comparable leagues | depth-chart starter | 2026 usage STABLE — snaps L3 100.0%, opps 0.0/g | QB room already covered (1 rostered)",19,78.0,122.67,ro,25.4,2026-10-02,FantasyPros consensus via DynastyProcess,,,,2026,STABLE,100.0,0.0,2.0,56.1,,,,,,,
1389740418316374016,10-Team Redraft — Big Tiger Takeover,redraft,4066,Evan Engram,TE,DEN,48.1,WATCH,1,,3,4,0,0,100,1,3,1,3,consensus ECR 195 | rostered in most comparable leagues | depth-chart starter | thin TE depth on your roster,20,78.0,195.0,ro,4.0,2026-10-02,FantasyPros consensus via DynastyProcess,,,,2026,STABLE,59.7,2.67,0.0,,,,,,,,
1389740418316374016,10-Team Redraft — Big Tiger Takeover,redraft,4993,Mike Gesicki,TE,CIN,47.5,WATCH,1,,3,4,2,2,100,1,3,1,3,"consensus ECR 208.83 | rostered in most comparable leagues | depth-chart starter | 2 recent cross-league add(s) | thin TE depth on your roster | 2026 usage STABLE — snaps L3 49.3%, opps 5.0/g",21,80.0,208.83,ro,10.1,2026-10-02,FantasyPros consensus via DynastyProcess,,,,2026,STABLE,49.3,5.0,1.0,46.0,,,,,,,
1389740418316374016,10-Team Redraft — Big Tiger Takeover,redraft,13414,Kaelon Black,RB,SF,46.4,WATCH,2,,4,4,0,0,100,1,3,1,3,"consensus ECR 165.67 | rostered in most comparable leagues | primary backup | 2026 usage STABLE — snaps L3 24.7%, opps 6.0/g",22,72.0,165.67,ro,33.9,2026-10-02,FantasyPros consensus via DynastyProcess,,,,2026,STABLE,24.7,6.0,-2.0,49.4,,,,,,,
1389740418316374016,10-Team Redraft — Big Tiger Takeover,redraft,8132,Tyler Allgeier,RB,ARI,46.4,WATCH,2,,4,4,0,0,100,1,3,1,3,"consensus ECR 188.67 | rostered in most comparable leagues | primary backup | 2026 usage FALLING — snaps L3 51.7%, opps 7.67/g",23,72.0,188.67,ro,42.6,2026-10-02,FantasyPros consensus via DynastyProcess,,,,2026,FALLING,51.7,7.67,-2.0,49.4,,,,,,,
1389740418316374016,10-Team Redraft — Big Tiger Takeover,redraft,3271,Tyler Higbee,TE,LAR,44.6,WATCH,1,,3,4,3,1,100,0,1,0,1,"consensus ECR 273.2 | rostered in most comparable leagues | depth-chart starter | 3 recent cross-league add(s) | thin TE depth on your roster | 2026 usage STABLE — snaps L3 54.0%, opps 6.33/g",24,87.0,273.2,ro,2.3,2026-10-02,FantasyPros consensus via DynastyProcess,,,,2026,STABLE,54.0,6.33,1.0,43.1,,,,,,,
1389740418316374016,10-Team Redraft — Big Tiger Takeover,redraft,1166,Kirk Cousins,QB,LV,44.4,WATCH,1,,4,4,2,1,100,0,1,0,1,"consensus ECR 234.33 | rostered in most comparable leagues | depth-chart starter | 2 recent cross-league add(s) | 2026 usage STABLE — snaps L3 100.0%, opps 0.0/g | QB room already covered (1 rostered)",25,92.0,234.33,ro,24.2,2026-10-02,FantasyPros consensus via DynastyProcess,,,,2026,STABLE,100.0,0.0,2.0,51.4,,,,,,,
1389740418316374016,10-Team Redraft — Big Tiger Takeover,redraft,7049,Jauan Jennings,WR,MIN,44.2,WATCH,2,,4,4,1,0,100,0,1,0,1,consensus ECR 213 | rostered in most comparable leagues | primary backup | 1 recent cross-league add(s),26,76.0,213.0,ro,12.3,2026-10-02,FantasyPros consensus via DynastyProcess,,,,2026,STABLE,74.3,1.33,0.0,,,,,,,,
1389740418316374016,10-Team Redraft — Big Tiger Takeover,redraft,6083,Matt Gay,K,LV,42.9,WATCH,1,,2,4,1,0,100,0,1,0,1,consensus ECR 213 | depth-chart starter | 1 recent cross-league add(s) | thin K depth on your roster,27,73.0,213.0,ro,11.6,2026-10-02,FantasyPros consensus via DynastyProcess,,,,,,,,,,,,,,,,
1389740418316374016,10-Team Redraft — Big Tiger Takeover,redraft,11643,Jaylen Wright,RB,MIA,40.1,WATCH,2,,4,4,2,1,100,0,1,0,1,"consensus ECR 204.83 | rostered in most comparable leagues | primary backup | 2 recent cross-league add(s) | 2026 usage STABLE — snaps L3 14.3%, opps 2.67/g",28,77.0,204.83,ro,23.1,2026-10-02,FantasyPros consensus via DynastyProcess,,,,2026,STABLE,14.3,2.67,-3.0,44.6,,,,,,,
1389740418316374016,10-Team Redraft — Big Tiger Takeover,redraft,12522,Cam Ward,QB,TEN,38.1,WATCH,1,,3,4,0,0,100,0,1,0,1,"consensus ECR 225.33 | rostered in most comparable leagues | depth-chart starter | 2026 usage STABLE — snaps L3 100.0%, opps 0.0/g | QB room already covered (1 rostered)",29,78.0,225.33,ro,10.4,2026-10-02,FantasyPros consensus via DynastyProcess,,,,2026,STABLE,100.0,0.0,2.0,45.1,,,,,,,
1389740418316374016,10-Team Redraft — Big Tiger Takeover,redraft,9757,Kendre Miller,RB,NO,35.6,WATCH,2,,4,4,2,1,100,0,1,0,1,"consensus ECR 257.33 | rostered in most comparable leagues | primary backup | 2 recent cross-league add(s) | 2026 usage STABLE — snaps L3 24.7%, opps 8.33/g",30,77.0,257.33,ro,6.7,2026-10-02,FantasyPros consensus via DynastyProcess,,,,2026,STABLE,24.7,8.33,-2.0,38.6,,,,,,,
1370453762442797056,18-Team Chopped — Surviving the Chamber,chopped,10232,Michael Wilson,WR,ARI,83.4,HIGH,1,,4,4,0,1,1000,17,30,170,300,"consensus ECR 75.67 | rostered in most comparable leagues | depth-chart starter | 2026 usage STABLE — snaps L3 93.7%, opps 12.33/g | return role PR +0.04 pts/g | offense+return dual role",1,94.0,75.67,ro,87.6,2026-10-02,FantasyPros consensus via DynastyProcess,,,,2026,STABLE,93.7,12.33,4.0,73.3,79.3,0.07,0.04,PR,LOW,True,1
1370453762442797056,18-Team Chopped — Surviving the Chamber,chopped,12518,Tyler Warren,TE,IND,81.6,HIGH,1,,4,4,0,1,1000,17,30,170,300,"consensus ECR 72.67 | rostered in most comparable leagues | depth-chart starter | thin TE depth on your roster | 2026 usage STABLE — snaps L3 89.3%, opps 7.33/g",2,99.0,72.67,ro,98.7,2026-10-02,FantasyPros consensus via DynastyProcess,,,,2026,STABLE,89.3,7.33,4.0,75.6,,,,,,,
1370453762442797056,18-Team Chopped — Surviving the Chamber,chopped,12490,Bhayshul Tuten,RB,JAX,79.7,HIGH,1,,4,4,0,1,1000,17,30,170,300,"consensus ECR 53.67 | rostered in most comparable leagues | depth-chart starter | 2026 usage STABLE — snaps L3 52.7%, opps 17.0/g | return role KR +0.43 pts/g | offense+return dual role",3,91.0,53.67,ro,94.1,2026-10-02,FantasyPros consensus via DynastyProcess,,,,2026,STABLE,52.7,17.0,2.0,72.0,75.0,0.54,0.43,KR,MEDIUM,True,1
1370453762442797056,18-Team Chopped — Surviving the Chamber,chopped,9754,Quentin Johnston,WR,LAC,72.8,MEDIUM,1,,3,4,0,1,1000,10,18,100,180,"consensus ECR 99.67 | rostered in most comparable leagues | depth-chart starter | 2026 usage STABLE — snaps L3 81.0%, opps 4.33/g",4,83.0,99.67,ro,66.3,2026-10-02,FantasyPros consensus via DynastyProcess,,,,2026,STABLE,81.0,4.33,3.0,68.3,,,,,,,
1370453762442797056,18-Team Chopped — Surviving the Chamber,chopped,5892,David Montgomery,RB,HOU,70.5,MEDIUM,1,,4,4,0,1,1000,10,18,100,180,"consensus ECR 56.5 | rostered in most comparable leagues | depth-chart starter | 2026 usage FALLING — snaps L3 57.0%, opps 10.33/g",5,91.0,56.5,ro,96.4,2026-10-02,FantasyPros consensus via DynastyProcess,,,,2026,FALLING,57.0,10.33,-1.0,72.0,,,,,,,
1370453762442797056,18-Team Chopped — Surviving the Chamber,chopped,7553,Kyle Pitts,TE,ATL,66.0,MEDIUM,1,,3,4,0,0,1000,10,18,100,180,consensus ECR 124 | rostered in most comparable leagues | depth-chart starter | thin TE depth on your roster,6,91.0,124.0,ro,80.0,2026-10-02,FantasyPros consensus via DynastyProcess,,,,2026,STABLE,49.3,2.67,0.0,,,,,,,,
1370453762442797056,18-Team Chopped — Surviving the Chamber,chopped,6819,Michael Pittman,WR,PIT,62.6,MEDIUM,2,,4,4,0,1,1000,5,11,50,110,"consensus ECR 119.17 | rostered in most comparable leagues | primary backup | 2026 usage STABLE — snaps L3 77.7%, opps 4.0/g",7,77.0,119.17,ro,75.0,2026-10-02,FantasyPros consensus via DynastyProcess,,,,2026,STABLE,77.7,4.0,2.0,59.6,,,,,,,
1370453762442797056,18-Team Chopped — Surviving the Chamber,chopped,12536,Jaylin Noel,WR,HOU,56.7,SPECULATIVE,4,,2,,0,0,1000,5,11,50,110,return-scoring league candidate injected before final ranking | return role KR+PR +6.67 pts/g,8,46.0,185.83,ro,4.6,2026-10-02,FantasyPros consensus via DynastyProcess,,,,2026,STABLE,49.3,3.33,0.0,,46.0,6.67,6.67,KR+PR,HIGH,False,
1370453762442797056,18-Team Chopped — Surviving the Chamber,chopped,5844,T.J. Hockenson,TE,MIN,56.1,SPECULATIVE,1,,2,4,0,1,1000,5,11,50,110,"consensus ECR 153.5 | depth-chart starter | thin TE depth on your roster | 2026 usage STABLE — snaps L3 79.0%, opps 7.0/g",9,77.0,153.5,ro,42.6,2026-10-02,FantasyPros consensus via DynastyProcess,,,,2026,STABLE,79.0,7.0,3.0,51.6,,,,,,,
1370453762442797056,18-Team Chopped — Surviving the Chamber,chopped,4943,Sam Darnold,QB,SEA,55.9,SPECULATIVE,1,,3,4,1,1,1000,5,11,50,110,"consensus ECR 131 | rostered in most comparable leagues | depth-chart starter | 1 recent cross-league add(s) | 2026 usage STABLE — snaps L3 70.0%, opps 0.0/g | QB room already covered (1 rostered)",10,92.0,131.0,ro,49.0,2026-10-02,FantasyPros consensus via DynastyProcess,,,,2026,STABLE,70.0,0.0,1.0,64.4,,,,,,,
1370453762442797056,18-Team Chopped — Surviving the Chamber,chopped,11786,Cam Little,K,JAX,53.6,SPECULATIVE,1,,2,4,0,0,1000,2,5,20,50,consensus ECR 197.5 | depth-chart starter | thin K depth on your roster,11,77.0,197.5,ro,86.2,2026-10-02,FantasyPros consensus via DynastyProcess,,,,,,,,,,,,,,,,
1370453762442797056,18-Team Chopped — Surviving the Chamber,chopped,8210,Chig Okonkwo,TE,WAS,51.0,SPECULATIVE,1,,2,4,0,0,1000,2,5,20,50,consensus ECR 158.17 | depth-chart starter | thin TE depth on your roster,12,80.0,158.17,ro,19.7,2026-10-02,FantasyPros consensus via DynastyProcess,,,,2026,STABLE,57.0,3.5,0.0,,,,,,,,
1370453762442797056,18-Team Chopped — Surviving the Chamber,chopped,11577,Will Shipley,RB,PHI,50.9,SPECULATIVE,2,,1,,0,0,1000,2,5,20,50,return-scoring league candidate injected before final ranking | return role KR +5.55 pts/g | offense+return dual role,13,38.0,306.8,ro,0.9,2026-10-02,FantasyPros consensus via DynastyProcess,,,,2026,STABLE,41.7,6.0,0.0,,38.0,5.55,5.55,KR,HIGH,True,2
1370453762442797056,18-Team Chopped — Surviving the Chamber,chopped,5870,Daniel Jones,QB,IND,50.5,SPECULATIVE,1,,2,4,1,1,1000,2,5,20,50,"consensus ECR 146.67 | depth-chart starter | 1 recent cross-league add(s) | 2026 usage STABLE — snaps L3 100.0%, opps 0.0/g | QB room already covered (1 rostered)",14,81.0,146.67,ro,24.5,2026-10-02,FantasyPros consensus via DynastyProcess,,,,2026,STABLE,100.0,0.0,2.0,57.5,,,,,,,
1370453762442797056,18-Team Chopped — Surviving the Chamber,chopped,1373,Geno Smith,QB,NYJ,50.0,SPECULATIVE,1,,2,4,0,0,1000,2,5,20,50,"consensus ECR 137 | depth-chart starter | 2026 usage STABLE — snaps L3 100.0%, opps 0.0/g | QB room already covered (1 rostered)",15,80.0,137.0,ro,11.8,2026-10-02,FantasyPros consensus via DynastyProcess,,,,2026,STABLE,100.0,0.0,2.0,57.0,,,,,,,
1370453762442797056,18-Team Chopped — Surviving the Chamber,chopped,9501,DeMario Douglas,WR,NE,49.1,WATCH,3,,2,,0,0,1000,2,5,20,50,return-scoring league candidate injected before final ranking | return role PR +0.04 pts/g | offense+return dual role,16,45.0,249.17,ro,2.9,2026-10-02,FantasyPros consensus via DynastyProcess,,,,2026,STABLE,50.7,3.33,0.0,,45.0,0.07,0.04,PR,LOW,True,3
1370453762442797056,18-Team Chopped — Surviving the Chamber,chopped,8119,Jahan Dotson,WR,ATL,47.6,WATCH,2,,1,,0,0,1000,2,5,20,50,"return-scoring league candidate injected before final ranking | 2026 usage STABLE — snaps L3 68.0%, opps 3.33/g | return role PR +0.04 pts/g | offense+return dual role",17,42.0,280.0,ro,1.7,2026-10-02,FantasyPros consensus via DynastyProcess,,,,2026,STABLE,68.0,3.33,1.0,42.0,43.5,0.05,0.04,PR,MEDIUM,True,2
1370453762442797056,18-Team Chopped — Surviving the Chamber,chopped,11575,Ray Davis,RB,BUF,47.0,WATCH,3,,2,,0,0,1000,2,5,20,50,"return-scoring league candidate injected before final ranking | 2026 usage STABLE — snaps L3 9.7%, opps 1.0/g | return role KR+PR +1.55 pts/g | offense+return dual role",18,45.0,235.67,ro,7.4,2026-10-02,FantasyPros consensus via DynastyProcess,,,,2026,STABLE,9.7,1.0,-3.0,45.0,40.5,1.94,1.55,KR+PR,MEDIUM,True,3
1370453762442797056,18-Team Chopped — Surviving the Chamber,chopped,8172,Greg Dulcich,TE,MIA,47.0,WATCH,1,,1,4,0,0,1000,2,5,20,50,"consensus ECR 160 | depth-chart starter | thin TE depth on your roster | 2026 usage STABLE — snaps L3 60.7%, opps 4.0/g",19,69.0,160.0,ro,7.0,2026-10-02,FantasyPros consensus via DynastyProcess,,,,2026,STABLE,60.7,4.0,2.0,44.0,,,,,,,
1370453762442797056,18-Team Chopped — Surviving the Chamber,chopped,5995,Justice Hill,RB,BAL,46.4,WATCH,2,,1,,0,0,1000,2,5,20,50,return-scoring league candidate injected before final ranking | return role KR +0.22 pts/g | offense+return dual role,20,42.0,276.17,ro,8.3,2026-10-02,FantasyPros consensus via DynastyProcess,,,,2026,STABLE,39.3,4.33,0.0,,42.0,0.28,0.22,KR,MEDIUM,True,2
1370453762442797056,18-Team Chopped — Surviving the Chamber,chopped,3257,Jacoby Brissett,QB,ARI,42.6,WATCH,1,,2,4,0,1,1000,0,2,0,20,"consensus ECR 167.5 | depth-chart starter | 2026 usage STABLE — snaps L3 100.0%, opps 0.0/g | QB room already covered (1 rostered)",21,77.0,167.5,ro,12.6,2026-10-02,FantasyPros consensus via DynastyProcess,,,,2026,STABLE,100.0,0.0,2.0,49.6,,,,,,,
1370453762442797056,18-Team Chopped — Surviving the Chamber,chopped,4663,Austin Ekeler,RB,WAS,42.3,WATCH,2,,1,,0,0,1000,0,2,0,20,return-scoring league candidate injected before final ranking | return role KR +0.17 pts/g | offense+return dual role,22,38.0,319.0,ro,1.9,2026-10-02,FantasyPros consensus via DynastyProcess,,,,2026,STABLE,27.0,6.0,0.0,,38.0,0.28,0.17,KR,LOW,True,2
1370453762442797056,18-Team Chopped — Surviving the Chamber,chopped,11559,Michael Penix,QB,ATL,42.0,WATCH,1,,2,4,0,0,1000,0,2,0,20,"consensus ECR 168.67 | depth-chart starter | 2026 usage STABLE — snaps L3 100.0%, opps 0.0/g | QB room already covered (1 rostered)",23,80.0,168.67,ro,8.0,2026-10-02,FantasyPros consensus via DynastyProcess,,,,2026,STABLE,100.0,0.0,2.0,49.0,,,,,,,
1370453762442797056,18-Team Chopped — Surviving the Chamber,chopped,11729,Sione Vaki,RB,DET,41.6,WATCH,2,,1,,0,0,1000,0,2,0,20,"return-scoring league candidate injected before final ranking | 2026 usage STABLE — snaps L3 21.7%, opps 3.67/g | return role KR +0.06 pts/g | offense+return dual role",24,42.0,295.5,ro,1.1,2026-10-02,FantasyPros consensus via DynastyProcess,,,,2026,STABLE,21.7,3.67,-3.0,42.0,37.5,0.07,0.06,KR,MEDIUM,True,2
1370453762442797056,18-Team Chopped — Surviving the Chamber,chopped,13347,Demond Claiborne,RB,MIN,40.8,WATCH,3,,2,,0,0,1000,0,2,0,20,"return-scoring league candidate injected before final ranking | 2026 usage STABLE — snaps L3 7.0%, opps 2.33/g | return role KR +0.17 pts/g | offense+return dual role",25,41.0,289.0,ro,3.7,2026-10-02,FantasyPros consensus via DynastyProcess,,,,2026,STABLE,7.0,2.33,-3.0,41.0,36.5,0.28,0.17,KR,LOW,True,3
1370453762442797056,18-Team Chopped — Surviving the Chamber,chopped,6039,Ty Johnson,RB,BUF,40.8,WATCH,2,,1,,0,0,1000,0,2,0,20,"return-scoring league candidate injected before final ranking | 2026 usage STABLE — snaps L3 27.5%, opps 3.5/g | return role KR +0.17 pts/g | offense+return dual role",26,38.0,310.4,ro,1.6,2026-10-02,FantasyPros consensus via DynastyProcess,,,,2026,STABLE,27.5,3.5,-1.0,38.0,36.5,0.21,0.17,KR,MEDIUM,True,2
1370453762442797056,18-Team Chopped — Surviving the Chamber,chopped,11655,Tyrone Tracy Jr.,RB,NYG,40.7,WATCH,3,,2,,0,0,1000,0,2,0,20,"return-scoring league candidate injected before final ranking | 2026 usage STABLE — snaps L3 7.3%, opps 0.67/g | return role KR +0.1 pts/g | offense+return dual role",27,41.0,273.5,ro,7.5,2026-10-02,FantasyPros consensus via DynastyProcess,,,,2026,STABLE,7.3,0.67,-3.0,41.0,36.5,0.13,0.1,KR,MEDIUM,True,3
1370453762442797056,18-Team Chopped — Surviving the Chamber,chopped,96,Aaron Rodgers,QB,PIT,37.0,WATCH,1,,2,4,0,0,1000,0,2,0,20,"consensus ECR 202.33 | depth-chart starter | 2026 usage STABLE — snaps L3 98.7%, opps 0.0/g | QB room already covered (1 rostered)",28,80.0,202.33,ro,9.9,2026-10-02,FantasyPros consensus via DynastyProcess,,,,2026,STABLE,98.7,0.0,2.0,44.0,,,,,,,
1370453762442797056,18-Team Chopped — Surviving the Chamber,chopped,4017,Deshaun Watson,QB,CLE,33.0,WATCH,1,,2,4,0,0,1000,0,2,0,20,"consensus ECR 275.17 | depth-chart starter | 2026 usage STABLE — snaps L3 99.7%, opps 0.0/g | QB room already covered (1 rostered)",29,80.0,275.17,ro,8.7,2026-10-02,FantasyPros consensus via DynastyProcess,,,,2026,STABLE,99.7,0.0,2.0,40.0,,,,,,,
1370453762442797056,18-Team Chopped — Surviving the Chamber,chopped,2306,Jameis Winston,QB,NYG,33.0,WATCH,1,,2,4,0,0,1000,0,2,0,20,"consensus ECR 275.33 | depth-chart starter | 2026 usage STABLE — snaps L3 96.0%, opps 0.0/g | QB room already covered (1 rostered)",30,80.0,275.33,ro,4.6,2026-10-02,FantasyPros consensus via DynastyProcess,,,,2026,STABLE,96.0,0.0,2.0,40.0,,,,,,,
1366076769534251008,10-Team Dynasty — Dynasty V2,dynasty,11637,Keon Coleman,WR,BUF,38.5,WATCH,3,,3,4,0,0,100,0,1,0,1,"consensus ECR 226.67 | rostered in most comparable leagues | young dynasty stash value | 2026 usage STABLE — snaps L3 66.7%, opps 5.0/g",1,61.0,226.67,dsf,8.7,2026-10-02,FantasyPros consensus via DynastyProcess,,,,2026,STABLE,66.7,5.0,2.0,35.5,,,,,,,
1366076769534251008,10-Team Dynasty — Dynasty V2,dynasty,4177,Mack Hollins,WR,NE,32.7,WATCH,2,Questionable,3,4,2,0,100,0,1,0,1,"consensus ECR 280.4 | rostered in most comparable leagues | primary backup | 2 recent cross-league add(s) | injury: Questionable | 2026 usage STABLE — snaps L3 62.7%, opps 5.0/g",2,57.0,280.4,dsf,5.8,2026-10-02,FantasyPros consensus via DynastyProcess,,,,2026,STABLE,62.7,5.0,2.0,29.7,,,,,,,
1366076769534251008,10-Team Dynasty — Dynasty V2,dynasty,11608,Isaiah Williams,WR,NYJ,29.1,WATCH,2,,2,4,0,0,100,0,1,0,1,"consensus ECR 517 | primary backup | young dynasty stash value | 2026 usage STABLE — snaps L3 88.3%, opps 3.67/g",3,58.0,517.0,dsf,1.7,2026-10-02,FantasyPros consensus via DynastyProcess,,,,2026,STABLE,88.3,3.67,2.0,26.1,,,,,,,
1366076769534251008,10-Team Dynasty — Dynasty V2,dynasty,6828,AJ Dillon,RB,CAR,16.8,WATCH,2,,2,4,1,0,100,0,1,0,1,"primary backup | 1 recent cross-league add(s) | 2026 usage STABLE — snaps L3 12.3%, opps 4.67/g",4,55.0,,dsf,0,,heuristic only,,,,2026,STABLE,12.3,4.67,-2.0,19.8,,,,,,,
1359546418284494848,12-Team 2-Keeper — League Is Rigged V2,keeper,6911,Brandon Jones,DB,DEN,95,MUST ADD,1,,,,,,100,12,20,12,20,current-season IDP value proxy 16.8 pts/g; keeper value ignored,1,,,,,,,,,0,,,,,,,,,,,,,
1359546418284494848,12-Team 2-Keeper — League Is Rigged V2,keeper,11427,Christian Izien,DB,DET,95,MUST ADD,2,,,,,,100,12,20,12,20,current-season IDP value proxy 18.0 pts/g; keeper value ignored,2,,,,,,,,,0,,,,,,,,,,,,,
1359546418284494848,12-Team 2-Keeper — League Is Rigged V2,keeper,10878,Deonte Banks,DB,NYG,95,MUST ADD,1,,,,,,100,12,20,12,20,current-season IDP value proxy 21.5 pts/g; keeper value ignored,3,,,,,,,,,0,,,,,,,,,,,,,
1359546418284494848,12-Team 2-Keeper — League Is Rigged V2,keeper,5876,Julian Love,DB,SEA,95,MUST ADD,1,,,,,,100,12,20,12,20,current-season IDP value proxy 17.3 pts/g; keeper value ignored,4,,,,,,,,,0,,,,,,,,,,,,,
1359546418284494848,12-Team 2-Keeper — League Is Rigged V2,keeper,4963,Minkah Fitzpatrick,DB,NYJ,95,MUST ADD,1,,,,,,100,12,20,12,20,current-season IDP value proxy 33.0 pts/g; keeper value ignored,5,,,,,,,,,0,,,,,,,,,,,,,
1359546418284494848,12-Team 2-Keeper — League Is Rigged V2,keeper,7811,Talanoa Hufanga,DB,DEN,95,MUST ADD,1,,,,,,100,12,20,12,20,current-season IDP value proxy 16.5 pts/g; keeper value ignored,6,,,,,,,,,0,,,,,,,,,,,,,
1359546418284494848,12-Team 2-Keeper — League Is Rigged V2,keeper,2617,Alex Singleton,LB,DEN,95,MUST ADD,1,,,,,,100,12,20,12,20,current-season IDP value proxy 18.0 pts/g; keeper value ignored,7,,,,,,,,,0,,,,,,,,,,,,,
1359546418284494848,12-Team 2-Keeper — League Is Rigged V2,keeper,11470,Drake Thomas,LB,SEA,95,MUST ADD,1,,,,,,100,12,20,12,20,current-season IDP value proxy 17.2 pts/g; keeper value ignored,8,,,,,,,,,0,,,,,,,,,,,,,
1359546418284494848,12-Team 2-Keeper — League Is Rigged V2,keeper,7672,Ernest Jones,LB,SEA,95,MUST ADD,1,,,,,,100,12,20,12,20,current-season IDP value proxy 19.8 pts/g; keeper value ignored,9,,,,,,,,,0,,,,,,,,,,,,,
1359546418284494848,12-Team 2-Keeper — League Is Rigged V2,keeper,12566,Jihaad Campbell,LB,PHI,95,MUST ADD,1,,,,,,100,12,20,12,20,current-season IDP value proxy 17.2 pts/g; keeper value ignored,10,,,,,,,,,0,,,,,,,,,,,,,
1359546418284494848,12-Team 2-Keeper — League Is Rigged V2,keeper,13379,Josiah Trotter,LB,TB,95,MUST ADD,1,Questionable,,,,,100,12,20,12,20,current-season IDP value proxy 20.4 pts/g; keeper value ignored,11,,,,,,,,,0,,,,,,,,,,,,,
1359546418284494848,12-Team 2-Keeper — League Is Rigged V2,keeper,11727,Payton Wilson,LB,PIT,95,MUST ADD,1,,,,,,100,12,20,12,20,current-season IDP value proxy 16.8 pts/g; keeper value ignored,12,,,,,,,,,0,,,,,,,,,,,,,
1359546418284494848,12-Team 2-Keeper — League Is Rigged V2,keeper,4968,Tremaine Edmunds,LB,NYG,95,MUST ADD,1,,,,,,100,12,20,12,20,current-season IDP value proxy 16.8 pts/g; keeper value ignored,13,,,,,,,,,0,,,,,,,,,,,,,
1359546418284494848,12-Team 2-Keeper — League Is Rigged V2,keeper,1052,Demario Davis,LB,NYJ,94.0,MUST ADD,1,,,,,,100,12,20,12,20,current-season IDP value proxy 16.0 pts/g; keeper value ignored,14,,,,,,,,,0,,,,,,,,,,,,,
1359546418284494848,12-Team 2-Keeper — League Is Rigged V2,keeper,13365,Anthony Hill,LB,TEN,93.0,MUST ADD,1,,,,,,100,12,20,12,20,current-season IDP value proxy 15.8 pts/g; keeper value ignored,15,,,,,,,,,0,,,,,,,,,,,,,
1359546418284494848,12-Team 2-Keeper — League Is Rigged V2,keeper,10947,Ventrell Miller,LB,JAX,93.0,MUST ADD,1,,,,,,100,12,20,12,20,current-season IDP value proxy 15.8 pts/g; keeper value ignored,16,,,,,,,,,0,,,,,,,,,,,,,
1359546418284494848,12-Team 2-Keeper — League Is Rigged V2,keeper,11725,Jarrian Jones,DB,JAX,92.7,MUST ADD,2,,,,,,100,12,20,12,20,current-season IDP value proxy 15.7 pts/g; keeper value ignored,17,,,,,,,,,0,,,,,,,,,,,,,
1359546418284494848,12-Team 2-Keeper — League Is Rigged V2,keeper,8406,Reed Blankenship,DB,HOU,92.0,MUST ADD,1,,,,,,100,12,20,12,20,current-season IDP value proxy 15.5 pts/g; keeper value ignored,18,,,,,,,,,0,,,,,,,,,,,,,
1359546418284494848,12-Team 2-Keeper — League Is Rigged V2,keeper,6860,Akeem Davis-Gaither,LB,IND,92.0,MUST ADD,1,,,,,,100,12,20,12,20,current-season IDP value proxy 15.5 pts/g; keeper value ignored,19,,,,,,,,,0,,,,,,,,,,,,,
1359546418284494848,12-Team 2-Keeper — League Is Rigged V2,keeper,10935,Trenton Simpson,LB,BAL,91.0,MUST ADD,1,,,,,,100,12,20,12,20,current-season IDP value proxy 15.2 pts/g; keeper value ignored,20,,,,,,,,,0,,,,,,,,,,,,,
1359546418284494848,12-Team 2-Keeper — League Is Rigged V2,keeper,5908,Amani Hooker,DB,TEN,90.0,MUST ADD,1,,,,,,100,12,20,12,20,current-season IDP value proxy 15.0 pts/g; keeper value ignored,21,,,,,,,,,0,,,,,,,,,,,,,
1359546418284494848,12-Team 2-Keeper — League Is Rigged V2,keeper,12646,Barrett Carter,LB,CIN,90.0,MUST ADD,1,,,,,,100,12,20,12,20,current-season IDP value proxy 15.0 pts/g; keeper value ignored,22,,,,,,,,,0,,,,,,,,,,,,,
1359546418284494848,12-Team 2-Keeper — League Is Rigged V2,keeper,5944,Bobby Okereke,LB,CAR,88.0,MUST ADD,1,,,,,,100,12,20,12,20,current-season IDP value proxy 14.5 pts/g; keeper value ignored,23,,,,,,,,,0,,,,,,,,,,,,,
1359546418284494848,12-Team 2-Keeper — League Is Rigged V2,keeper,6141,Drue Tranquill,LB,KC,88.0,MUST ADD,1,,,,,,100,12,20,12,20,current-season IDP value proxy 14.5 pts/g; keeper value ignored,24,,,,,,,,,0,,,,,,,,,,,,,
1359546418284494848,12-Team 2-Keeper — League Is Rigged V2,keeper,10898,Tuli Tuipulotu,DL,LAC,87.0,MUST ADD,1,,,,,,100,12,20,12,20,current-season IDP value proxy 14.2 pts/g; keeper value ignored,25,,,,,,,,,0,,,,,,,,,,,,,
1359546418284494848,12-Team 2-Keeper — League Is Rigged V2,keeper,10880,Jack Campbell,LB,DET,87.0,MUST ADD,1,,,,,,100,12,20,12,20,current-season IDP value proxy 14.2 pts/g; keeper value ignored,26,,,,,,,,,0,,,,,,,,,,,,,
1359546418284494848,12-Team 2-Keeper — League Is Rigged V2,keeper,8286,Dax Hill,DB,CIN,86.0,MUST ADD,1,,,,,,100,12,20,12,20,current-season IDP value proxy 14.0 pts/g; keeper value ignored,27,,,,,,,,,0,,,,,,,,,,,,,
1359546418284494848,12-Team 2-Keeper — League Is Rigged V2,keeper,11685,Kamari Lassiter,DB,HOU,86.0,MUST ADD,1,,,,,,100,12,20,12,20,current-season IDP value proxy 14.0 pts/g; keeper value ignored,28,,,,,,,,,0,,,,,,,,,,,,,
1359546418284494848,12-Team 2-Keeper — League Is Rigged V2,keeper,12617,Demetrius Knight,LB,CIN,84.0,HIGH,1,,,,,,100,12,20,12,20,current-season IDP value proxy 13.5 pts/g; keeper value ignored,29,,,,,,,,,0,,,,,,,,,,,,,
1359546418284494848,12-Team 2-Keeper — League Is Rigged V2,keeper,10923,Dorian Williams,LB,BUF,84.0,HIGH,1,,,,,,100,12,20,12,20,current-season IDP value proxy 13.5 pts/g; keeper value ignored,30,,,,,,,,,0,,,,,,,,,,,,,
