snapshot_utc,game_id,week,gameday,gametime,kickoff_utc,home_team,away_team,stadium,roof,forecast_source,forecast_error,temperature_f,wind_mph,gust_mph,precip_probability,precip_inches,weather_severity,pass_weather_adjustment,run_weather_adjustment,kick_weather_adjustment,weather_notes
2026-09-30T01:07:37+00:00,2026_04_PIT_CLE,4,2026-10-01,20:15,2026-10-02T00:15:00+00:00,CLE,PIT,Huntington Bank Field,outdoors,Open-Meteo game-time forecast,,76.9,8.9,18.8,4.0,0.0,LOW,0.0,0.0,0.0,no material weather signal
2026-09-30T01:07:37+00:00,2026_04_IND_WAS,4,2026-10-04,09:30,2026-10-04T13:30:00+00:00,WAS,IND,Tottenham Hotspur Stadium,outdoors,Open-Meteo game-time forecast,,62.9,3.4,5.8,44.0,0.0,LOW,0.0,0.0,0.0,no material weather signal
2026-09-30T01:07:37+00:00,2026_04_TEN_BAL,4,2026-10-04,13:00,2026-10-04T17:00:00+00:00,BAL,TEN,M&T Bank Stadium,outdoors,Open-Meteo game-time forecast,,66.5,3.4,3.1,44.0,0.0,LOW,0.0,0.0,0.0,no material weather signal
2026-09-30T01:07:37+00:00,2026_04_NE_BUF,4,2026-10-04,13:00,2026-10-04T17:00:00+00:00,BUF,NE,Highmark Stadium,outdoors,Open-Meteo game-time forecast,,65.5,10.0,12.3,7.0,0.0,LOW,0.0,0.0,0.0,no material weather signal
2026-09-30T01:07:37+00:00,2026_04_NYJ_CHI,4,2026-10-04,13:00,2026-10-04T17:00:00+00:00,CHI,NYJ,Soldier Field,outdoors,Open-Meteo game-time forecast,,65.3,9.9,13.4,3.0,0.0,LOW,0.0,0.0,0.0,no material weather signal
2026-09-30T01:07:37+00:00,2026_04_JAX_CIN,4,2026-10-04,13:00,2026-10-04T17:00:00+00:00,CIN,JAX,Paycor Stadium,outdoors,Open-Meteo game-time forecast,,71.3,4.7,6.0,21.0,0.0,LOW,0.0,0.0,0.0,no material weather signal
2026-09-30T01:07:37+00:00,2026_04_DAL_HOU,4,2026-10-04,13:00,2026-10-04T17:00:00+00:00,HOU,DAL,Reliant Stadium,,Open-Meteo game-time forecast,,82.6,12.5,17.4,45.0,0.0,LOW,0.0,0.0,0.0,no material weather signal
2026-09-30T01:07:37+00:00,2026_04_ARI_NYG,4,2026-10-04,13:00,2026-10-04T17:00:00+00:00,NYG,ARI,MetLife Stadium,outdoors,Open-Meteo game-time forecast,,69.6,4.8,5.6,34.0,0.0,LOW,0.0,0.0,0.0,no material weather signal
2026-09-30T01:07:37+00:00,2026_04_LA_PHI,4,2026-10-04,13:00,2026-10-04T17:00:00+00:00,PHI,LAR,Lincoln Financial Field,outdoors,Open-Meteo game-time forecast,,69.2,4.1,3.6,38.0,0.0,LOW,0.0,0.0,0.0,no material weather signal
2026-09-30T01:07:37+00:00,2026_04_GB_TB,4,2026-10-04,13:00,2026-10-04T17:00:00+00:00,TB,GB,Raymond James Stadium,outdoors,Open-Meteo game-time forecast,,90.8,9.6,11.2,2.0,0.0,LOW,0.0,0.0,0.0,no material weather signal
2026-09-30T01:07:37+00:00,2026_04_MIA_MIN,4,2026-10-04,16:05,2026-10-04T20:05:00+00:00,MIN,MIA,U.S. Bank Stadium,dome,indoor/no weather adjustment,,,,,,,INDOOR,0.0,0.0,0.0,indoor
2026-09-30T01:07:37+00:00,2026_04_KC_LV,4,2026-10-04,16:25,2026-10-04T20:25:00+00:00,LV,KC,Allegiant Stadium,dome,indoor/no weather adjustment,,,,,,,INDOOR,0.0,0.0,0.0,indoor
2026-09-30T01:07:37+00:00,2026_04_LAC_SEA,4,2026-10-04,16:25,2026-10-04T20:25:00+00:00,SEA,LAC,Lumen Field,outdoors,Open-Meteo game-time forecast,,69.8,6.8,6.3,0.0,0.0,LOW,0.0,0.0,0.0,no material weather signal
2026-09-30T01:07:37+00:00,2026_04_DEN_SF,4,2026-10-04,16:25,2026-10-04T20:25:00+00:00,SF,DEN,Levi's Stadium,outdoors,schedule fallback,<urlopen error _ssl.c:993: The handshake operation timed out>,,,,,,LOW,0.0,0.0,0.0,no material weather signal
2026-09-30T01:07:37+00:00,2026_04_DET_CAR,4,2026-10-04,20:20,2026-10-05T00:20:00+00:00,CAR,DET,Bank of America Stadium,outdoors,Open-Meteo game-time forecast,,63.9,4.6,8.1,62.0,0.039,LOW,0.0,0.0,0.0,no material weather signal
2026-09-30T01:07:37+00:00,2026_04_ATL_NO,4,2026-10-05,20:15,2026-10-06T00:15:00+00:00,NO,ATL,Caesars Superdome,dome,indoor/no weather adjustment,,,,,,,INDOOR,0.0,0.0,0.0,indoor
