sleeper_id,fantasypros_id,player,position,team,rank,ecr,sd,best,worst,pos_rank,start_sit_grade,projected_points,opponent,owned_avg,scrape_date
4984,17298,Josh Allen,QB,BUF,1,1,0,1,1,QB1,A+,22.6,vs. NE,99.9,2026-10-03
4881,17233,Lamar Jackson,QB,BAL,2,2.29,0.8,2,6,QB2,A,21.5,vs. TEN,99.8,2026-10-03
7523,19780,Trevor Lawrence,QB,JAX,3,3.71,1.3,2,8,QB3,A,20.7,at CIN,91.6,2026-10-03
6770,19196,Joe Burrow,QB,CIN,4,4.5,1.47,2,9,QB4,A,20.1,vs. JAC,98.3,2026-10-03
4046,16413,Patrick Mahomes,QB,KC,5,5.26,1.59,3,11,QB5,A,19.5,at LV,93.8,2026-10-03
12545,23096,Tyler Shough,QB,NO,6,6.02,1.34,3,9,QB6,B+,19.2,vs. ATL,88.3,2026-10-03
8183,19797,Brock Purdy,QB,SF,7,6.62,1.29,3,9,QB7,B+,19.0,vs. DEN,92.4,2026-10-03
3163,15501,Jared Goff,QB,DET,8,7.69,1.46,4,12,QB8,B,18.7,at CAR,83.3,2026-10-03
3294,15600,Dak Prescott,QB,DAL,9,9.1,1.11,5,12,QB9,B,18.4,at HOU,95.6,2026-10-03
9228,22900,Bryce Young,QB,CAR,10,9.88,1.47,5,12,QB10,B,18.1,vs. DET,60,2026-10-03
6904,19275,Jalen Hurts,QB,PHI,11,11.71,2.68,6,18,QB11,B-,17.9,vs. LAR,98.5,2026-10-03
5849,18600,Kyler Murray,QB,MIN,12,12.9,2.4,9,20,QB12,C+,17.8,vs. MIA,64.4,2026-10-03
6804,19246,Jordan Love,QB,GB,13,14.07,1.8,11,18,QB13,C,17.6,at TB,62.5,2026-10-03
11564,23046,Drake Maye,QB,NE,14,14.57,2.32,12,21,QB14,C,17.3,at BUF,87.5,2026-10-03
9758,23071,CJ Stroud,QB,HOU,15,14.67,2.2,11,22,QB15,C,17.2,vs. DAL,41.7,2026-10-03
421,9451,Matthew Stafford,QB,LAR,16,15.19,2.01,11,20,QB16,C,17.0,at PHI,89.9,2026-10-03
11563,22910,Bo Nix,QB,DEN,17,16.19,2.43,11,23,QB17,C-,16.8,at SF,78.1,2026-10-03
2307,13890,Marcus Mariota,QB,WAS,18,17.83,1.41,14,21,QB18,C-,16.6,vs. IND,13.1,2026-10-03
3257,15642,Jacoby Brissett,QB,ARI,19,19.57,1.5,15,22,QB19,D+,16.5,at NYG,13,2026-10-03
5870,18232,Daniel Jones,QB,IND,20,19.76,1.9,15,24,QB20,D,16.2,at WAS,24.4,2026-10-03
4943,17236,Sam Darnold,QB,SEA,21,20.1,1.96,14,22,QB21,D,15.9,vs. LAC,50.1,2026-10-03
1373,11687,Geno Smith,QB,NYJ,22,21.36,1.81,17,26,QB22,D-,15.5,at CHI,11.7,2026-10-03
6797,18635,Justin Herbert,QB,LAC,23,24.36,1.8,22,29,QB23,F,15.1,at SEA,83.7,2026-10-03
1166,11177,Kirk Cousins,QB,LV,24,25.07,1.68,21,29,QB24,F,14.8,vs. KC,25.4,2026-10-03
11559,22973,Michael Penix,QB,ATL,25,25.5,1.52,23,29,QB25,F,14.6,at NO,8.5,2026-10-03
4017,16398,Deshaun Watson,QB,CLE,26,26.19,1.56,23,29,QB26,F,14.4,vs. PIT,9.1,2026-10-03
2306,13891,Jameis Winston,QB,NYG,27,27.6,1.93,23,31,QB27,F,14.1,vs. ARI,4.5,2026-10-03
96,9001,Aaron Rodgers,QB,PIT,28,28.24,1.85,23,31,QB28,F,13.9,at CLE,9.9,2026-10-03
13425,26060,Jalon Daniels,QB,TB,29,29.38,1.85,24,32,QB29,F,13.7,vs. GB,1.7,2026-10-03
8161,23499,Malik Willis,QB,MIA,30,30.31,1.49,26,33,QB30,F,13.3,at MIN,24.9,2026-10-03
12522,24755,Cam Ward,QB,TEN,31,31.74,0.82,30,33,QB31,F,13.0,at BAL,10.1,2026-10-03
1737,11425,Case Keenum,QB,CHI,32,28,4.48,19,33,QB32,F,12.5,vs. NYJ,4.6,2026-10-03
11256,25321,Tyson Bagent,QB,CHI,33,29.75,3.93,22,37,QB33,F,1.4,vs. NYJ,1.1,2026-10-03
12524,25968,Shedeur Sanders,QB,CLE,34,34.5,1.05,34,38,QB34,F,1.0,vs. PIT,2.6,2026-10-03
5854,18225,Drew Lock,QB,SEA,35,36,3.7,34,48,QB35,F,0.8,vs. LAC,2,2026-10-03
3161,15520,Carson Wentz,QB,MIN,36,35.8,0.75,35,37,QB36,F,0.6,vs. MIA,1.3,2026-10-03
13269,28013,Fernando Mendoza,QB,LV,37,37.4,1.02,36,39,QB37,F,0.6,vs. KC,15,2026-10-03
11560,23084,Caleb Williams,QB,CHI,38,36.5,16.04,15,60,QB38,F,0.5,vs. NYJ,91.9,2026-10-03
7527,20156,Mac Jones,QB,SF,39,42.5,4.72,38,50,QB39,F,0.5,vs. DEN,1,2026-10-03
11565,23018,JJ McCarthy,QB,NYG,40,44.75,10.87,33,61,QB40,F,0.5,vs. ARI,2.6,2026-10-03
13272,22953,Carson Beck,QB,ARI,41,45.5,6.26,39,54,QB41,F,0.5,at NYG,2.5,2026-10-03
7610,20082,Trey Lance,QB,LAC,42,45.5,2.96,42,50,QB42,F,0.5,at SEA,0.6,2026-10-03
6136,18604,Jarrett Stidham,QB,DEN,43,46,4.06,41,52,QB43,F,0.5,at SF,0.6,2026-10-03
4972,17234,Mason Rudolph,QB,PIT,44,47.25,6.76,36,53,QB44,F,0.5,at CLE,0.7,2026-10-03
9229,24347,Anthony Richardson,QB,IND,45,48,10.56,40,66,QB45,F,0.5,at WAS,1.6,2026-10-03
13303,24361,Cade Klubnik,QB,NYJ,46,49.25,7.15,41,59,QB46,F,0.5,at CHI,1.2,2026-10-03
11562,23081,Spencer Rattler,QB,NO,47,41.33,3.86,36,45,QB47,F,0.5,vs. ATL,0.6,2026-10-03
4574,16477,Cooper Rush,QB,ATL,48,51,6.6,40,57,QB48,F,0.4,at NO,0.7,2026-10-03
7591,19781,Justin Fields,QB,KC,49,44,7.87,37,55,QB49,F,0.4,at LV,0.9,2026-10-03
13275,25368,Ty Simpson,QB,LAR,50,44.67,2.05,42,47,QB50,F,0.4,at PHI,3.6,2026-10-03
12470,25373,Riley Leonard,QB,IND,51,46.33,6.13,39,54,QB51,F,0.4,at WAS,1,2026-10-03
6768,19198,Tua Tagovailoa,QB,ATL,52,54,13.45,35,73,QB52,F,0.4,at NO,4.9,2026-10-03
827,10007,Tyrod Taylor,QB,GB,53,55.25,9.26,42,68,QB53,F,0.4,at TB,0.6,2026-10-03
19,9300,Joe Flacco,QB,CIN,54,48.67,8.01,43,60,QB54,F,0.4,vs. JAC,0.8,2026-10-03
3976,16381,Mitchell Trubisky,QB,TEN,55,49,8.6,38,59,QB55,F,0.4,at BAL,1,2026-10-03
829,9907,Andy Dalton,QB,PHI,56,49.67,7.41,40,58,QB56,F,0.4,vs. LAR,1,2026-10-03
12494,23066,Kyle McCord,QB,MIA,57,49.67,0.94,49,51,QB57,F,0.3,at MIN,1,2026-10-03
6011,18562,Gardner Minshew,QB,ARI,58,59.25,6.42,49,66,QB58,F,0.3,at NYG,0.6,2026-10-03
8162,23045,Sam Howell,QB,DAL,59,54.67,5.79,47,61,QB59,F,0.3,at HOU,0.6,2026-10-03
7585,22799,Davis Mills,QB,HOU,60,64.25,12.75,47,83,QB60,F,0.2,vs. DAL,1.1,2026-10-03
4464,16726,Nick Mullens,QB,JAX,61,49.5,8.5,41,58,QB61,F,0.2,at CIN,1,2026-10-03
8160,22722,Kenny Pickett,QB,CAR,62,50,12,38,62,QB62,F,0.2,vs. DET,1,2026-10-03
11292,25746,Tommy DeVito,QB,NE,63,64,13.77,42,79,QB63,F,0.1,at BUF,0.9,2026-10-03
7083,19297,Tyler Huntley,QB,BAL,64,59.33,10.14,45,67,QB64,F,0.1,vs. TEN,1.2,2026-10-03
4179,16417,Joshua Dobbs,QB,DET,65,59.33,6.02,51,65,QB65,F,0.0,at CAR,0.6,2026-10-03
9998,24332,Hendon Hooker,QB,TEN,66,54.5,8.5,46,63,QB66,F,0.0,at BAL,1.2,2026-10-03
12510,22884,Jalen Milroe,QB,SEA,67,63.67,5.79,56,70,QB67,F,0.0,vs. LAC,0.6,2026-10-03
1837,12208,Jimmy Garoppolo,QB,LAR,68,67.33,14.29,50,85,QB68,F,0.0,at PHI,1.4,2026-10-03
7538,22679,Zach Wilson,QB,NO,69,68,0.82,67,69,QB69,F,0.0,vs. ATL,1,2026-10-03
12538,27161,Brady Cook,QB,MIA,70,67,2,65,69,QB70,F,0.0,at MIN,1,2026-10-03
12775,27580,Max Brosmer,QB,MIN,71,69.5,0.5,69,70,QB71,F,0.0,vs. MIA,1,2026-10-03
9230,24740,Tanner McKee,QB,PHI,72,73,4.08,68,78,QB72,F,0.0,vs. LAR,1.3,2026-10-03
11557,25967,Joe Milton,QB,DAL,73,72,0,72,72,QB73,F,NA,at HOU,0.6,2026-10-03
13404,22998,Garrett Nussmeier,QB,KC,74,78.33,8.5,70,90,QB74,F,NA,at LV,1.4,2026-10-03
12477,27129,Kurtis Rourke,QB,SF,75,75.5,1.5,74,77,QB75,F,NA,vs. DEN,1,2026-10-03
9221,22968,Jahmyr Gibbs,RB,DET,1,1.05,0.22,1,2,RB1,A+,25.6,at CAR,99.9,2026-10-03
9509,23133,Bijan Robinson,RB,ATL,2,1.97,0.28,1,3,RB2,A+,21.8,at NO,99.8,2026-10-03
8151,23021,Kenneth Walker,RB,KC,3,3.67,1.02,3,6,RB3,A,21.0,at LV,99.6,2026-10-03
4034,16393,Christian McCaffrey,RB,SF,4,4.03,0.77,2,5,RB4,A,19.5,vs. DEN,99.8,2026-10-03
6813,19217,Jonathan Taylor,RB,IND,5,5.51,1.5,3,9,RB5,A,18.8,at WAS,99.8,2026-10-03
3198,15514,Derrick Henry,RB,BAL,6,6.21,1.77,4,9,RB6,A,18.6,vs. TEN,99.7,2026-10-03
8228,24209,Jaylen Warren,RB,PIT,7,7.97,2.03,5,12,RB7,A,17.7,at CLE,93.2,2026-10-03
12527,25989,Ashton Jeanty,RB,LV,8,8.33,1.54,6,12,RB8,A,16.7,vs. KC,99.7,2026-10-03
8138,22958,James Cook,RB,BUF,9,8.92,1.1,6,13,RB9,A,16.7,vs. NE,99.8,2026-10-03
13287,25403,Jeremiyah Love,RB,ARI,10,10.36,2.48,6,16,RB10,A-,16.5,at NYG,99.2,2026-10-03
9224,25324,Chase Brown,RB,CIN,11,10.72,2.07,6,14,RB11,A-,16.3,vs. JAC,99.5,2026-10-03
7594,19792,Chuba Hubbard,RB,CAR,12,11.46,2.18,7,15,RB12,A-,16.1,vs. DET,94.9,2026-10-03
4199,16673,Aaron Jones,RB,MIN,13,13.21,1.65,10,18,RB13,B+,16.1,vs. MIA,86.1,2026-10-03
8150,23059,Kyren Williams,RB,LAR,14,14.15,1.78,10,18,RB14,B+,15.8,at PHI,99,2026-10-03
6790,19210,DAndre Swift,RB,CHI,15,14.92,1.7,8,17,RB15,B+,15.0,vs. NYJ,96.7,2026-10-03
4866,17240,Saquon Barkley,RB,PHI,16,15.62,1.73,12,20,RB16,B,14.8,vs. LAR,99.7,2026-10-03
12481,27166,Cam Skattebo,RB,NYG,17,16.38,2.23,12,22,RB17,B,14.2,vs. ARI,98.1,2026-10-03
7588,22739,Javonte Williams,RB,DAL,18,17.77,0.73,16,19,RB18,B,14.2,at HOU,99.2,2026-10-03
11584,25981,Bucky Irving,RB,TB,19,19.51,1.38,16,24,RB19,B,13.8,vs. GB,97,2026-10-03
12490,27297,Bhayshul Tuten,RB,JAX,20,20.26,1.86,16,27,RB20,B,13.7,at CIN,94.2,2026-10-03
11576,24346,Braelon Allen,RB,NYJ,21,21.31,1.65,19,28,RB21,B-,13.0,at CHI,76.4,2026-10-03
5892,18239,David Montgomery,RB,HOU,22,21.72,1.4,18,25,RB22,B-,11.7,vs. DAL,96.4,2026-10-03
12512,25391,Quinshon Judkins,RB,CLE,23,23.92,1.35,22,28,RB23,B-,11.7,vs. PIT,94.7,2026-10-03
12507,25395,Omarion Hampton,RB,LAC,24,25,2.18,21,30,RB24,C+,11.5,at SEA,99,2026-10-03
4035,16421,Alvin Kamara,RB,NO,25,26.08,3.52,20,33,RB25,C+,11.0,vs. ATL,58.1,2026-10-03
12533,27316,Jacory Croskey-Merritt,RB,WAS,26,26.08,2.55,22,37,RB26,C+,10.7,vs. IND,79.3,2026-10-03
7611,22726,Rhamondre Stevenson,RB,NE,27,26.23,1.89,21,30,RB27,C+,10.1,at BUF,90.7,2026-10-03
12529,23065,TreVeyon Henderson,RB,NE,28,28.41,2.91,17,35,RB28,C,10.1,at BUF,91.7,2026-10-03
5967,18705,Tony Pollard,RB,TEN,29,29.05,1.93,24,34,RB29,C,9.8,at BAL,88,2026-10-03
12489,27142,RJ Harvey,RB,DEN,30,29.44,2.2,26,33,RB30,C,9.7,at SF,78.4,2026-10-03
6806,19245,JK Dobbins,RB,DEN,31,31.1,2.41,26,40,RB31,C,9.5,at SF,82.1,2026-10-03
12474,27520,Woody Marks,RB,HOU,32,33.44,1.86,29,37,RB32,C,9.3,vs. DAL,53.9,2026-10-03
12534,27131,Kyle Monangai,RB,CHI,33,33.77,2.06,29,36,RB33,C,9.2,vs. NYJ,80,2026-10-03
12495,25984,Ollie Gordon,RB,MIA,34,35.23,2.09,33,43,RB34,C-,8.7,at MIN,67.2,2026-10-03
8132,24172,Tyler Allgeier,RB,ARI,35,38.05,2.71,34,48,RB35,C-,8.0,at NYG,42.1,2026-10-03
11586,23013,Blake Corum,RB,LAR,36,39.18,1.3,36,41,RB36,D+,7.9,at PHI,78.3,2026-10-03
11435,25885,Emanuel Wilson,RB,SEA,37,39.87,7.54,24,52,RB37,D+,7.9,vs. LAC,25.4,2026-10-03
9757,24360,Kendre Miller,RB,NO,38,40.1,4.61,35,53,RB38,D+,7.9,vs. ATL,10.4,2026-10-03
12504,27165,Kaleb Johnson,RB,GB,39,41.77,2.84,39,51,RB39,D,7.9,at TB,7.4,2026-10-03
9511,25360,Keaton Mitchell,RB,LAC,40,42.38,3.91,37,54,RB40,D,7.7,at SEA,30.8,2026-10-03
7567,23310,Kenny Gainwell,RB,TB,41,43.77,4.34,33,54,RB41,D,7.5,vs. GB,61.3,2026-10-03
13337,28107,Emmett Johnson,RB,KC,42,44.26,3.68,34,52,RB42,D,7.0,at LV,26.7,2026-10-03
11581,23118,MarShawn Lloyd,RB,GB,43,44.74,3.54,37,51,RB43,D,6.9,at TB,55.8,2026-10-03
9508,25323,Tyjae Spears,RB,TEN,44,44.87,2.92,35,51,RB44,D-,6.7,at BAL,39,2026-10-03
10219,22986,Chris Rodriguez,RB,JAX,45,46.72,4.48,40,58,RB45,D-,6.0,at CIN,31,2026-10-03
13305,28108,Mike Washington,RB,LV,46,47.13,5.64,36,60,RB46,D-,5.9,vs. KC,39.6,2026-10-03
8154,20094,Brian Robinson,RB,ATL,47,48.77,4.18,38,55,RB47,F,5.9,at NO,35.1,2026-10-03
5995,18256,Justice Hill,RB,BAL,48,50.05,2.41,46,57,RB48,F,5.8,vs. TEN,8.2,2026-10-03
13414,28401,Kaelon Black,RB,SF,49,50.13,5.34,37,59,RB49,F,5.8,vs. DEN,33.2,2026-10-03
7528,19302,Najee Harris,RB,NYG,50,51.92,3.39,45,62,RB50,F,5.8,vs. ARI,7.1,2026-10-03
12048,22915,George Holani,RB,SEA,51,50.89,6.18,36,59,RB51,F,5.7,vs. LAC,3.9,2026-10-03
13286,27329,Jadarian Price,RB,SEA,52,31.29,2.45,25,39,RB52,C-,5.5,vs. LAC,91.3,2026-10-03
4147,16423,Samaje Perine,RB,CIN,53,54.18,2.64,48,60,RB53,F,5.3,vs. JAC,5.5,2026-10-03
11643,25987,Jaylen Wright,RB,MIA,54,52.68,11.17,36,101,RB54,F,5.2,at MIN,27.9,2026-10-03
6039,18406,Ty Johnson,RB,BUF,55,54.45,3.02,49,61,RB55,F,5.1,vs. NE,1.5,2026-10-03
12472,24351,Raheim Sanders,RB,CLE,56,55.94,4.6,39,62,RB56,F,4.9,vs. PIT,3.3,2026-10-03
11571,25977,Isaiah Davis,RB,NYJ,57,52.71,6.3,43,68,RB57,F,4.7,at CHI,6,2026-10-03
11370,25823,Chris Brooks,RB,GB,58,58.89,3.41,51,68,RB58,F,4.4,at TB,6.7,2026-10-03
11577,22930,Will Shipley,RB,PHI,59,60.71,4.59,56,79,RB59,F,4.3,vs. LAR,0.9,2026-10-03
11729,26309,Sione Vaki,RB,DET,60,61.15,2.9,58,74,RB60,F,3.7,at CAR,1.1,2026-10-03
9225,22908,Tank Bigsby,RB,PHI,61,64.17,4.56,58,81,RB61,F,3.6,vs. LAR,27,2026-10-03
6828,19358,AJ Dillon,RB,CAR,62,63.74,3.35,56,71,RB62,F,3.6,vs. DET,1,2026-10-03
1379,11798,Kyle Juszczyk,RB,SF,63,62.67,3.87,55,78,RB63,F,3.4,vs. DEN,0.9,2026-10-03
6931,19521,DeeJay Dallas,RB,MIN,64,62.13,2.43,55,67,RB64,F,3.2,vs. MIA,0.2,2026-10-03
13347,28084,Demond Claiborne,RB,MIN,65,67.27,3.39,60,76,RB65,F,3.2,vs. MIA,3.7,2026-10-03
11647,26355,Kimani Vidal,RB,LAC,66,68.03,3.61,59,79,RB66,F,3.1,at SEA,2.2,2026-10-03
11575,26191,Ray Davis,RB,BUF,67,69.06,4.94,63,81,RB67,F,2.7,vs. NE,7.1,2026-10-03
13405,24362,Kaytron Allen,RB,WAS,68,71.36,4.61,58,80,RB68,F,2.6,vs. IND,4.2,2026-10-03
13424,23079,Seth McGowan,RB,IND,69,73.27,3.33,69,80,RB69,F,2.5,at WAS,1.8,2026-10-03
12544,27285,LeQuint Allen,RB,JAX,70,71.19,5.63,64,84,RB70,F,2.3,at CIN,0.8,2026-10-03
2359,13924,Ameer Abdullah,RB,JAX,71,72.9,5.27,64,85,RB71,F,2.3,at CIN,0.6,2026-10-03
11655,22980,Tyrone Tracy,RB,NYG,72,73.83,4.93,67,83,RB72,F,2.2,vs. ARI,7.4,2026-10-03
8208,23812,Tyler Badie,RB,DEN,73,72.04,5.34,62,83,RB73,F,1.9,at SF,1,2026-10-03
9506,23679,Sean Tucker,RB,TB,74,76.33,6.24,58,99,RB74,F,1.9,vs. GB,3.4,2026-10-03
13277,25396,CJ Donaldson,RB,NO,75,74.68,6.25,65,87,RB75,F,1.8,vs. ATL,2.3,2026-10-03
6012,18616,Travis Homer,RB,PIT,76,74.48,3.61,65,81,RB76,F,1.7,at CLE,0.6,2026-10-03
13288,24343,Nicholas Singleton,RB,TEN,77,77.97,4.75,69,87,RB77,F,1.4,at BAL,8.1,2026-10-03
8207,22976,Tyler Goodson,RB,DAL,78,73.96,6.97,61,85,RB78,F,1.4,at HOU,0.7,2026-10-03
11199,25654,Emari Demercado,RB,DAL,79,80,10.99,67,108,RB79,F,1.3,at HOU,1.2,2026-10-03
11510,25941,Hunter Luepke,RB,DAL,80,78.21,4.56,72,88,RB80,F,1.3,at HOU,0.6,2026-10-03
12455,27259,Brashard Smith,RB,KC,81,81.62,3.21,77,91,RB81,F,1.2,at LV,1.3,2026-10-03
11237,25693,Jacob Saylors,RB,DET,82,84.07,8.97,71,105,RB82,F,1.0,at CAR,1,2026-10-03
12491,22997,Corey Kiner,RB,NE,83,84.73,7.22,71,97,RB83,F,1.0,at BUF,0.6,2026-10-03
11570,25983,Rasheen Ali,RB,BAL,84,86.78,4.1,80,94,RB84,F,1.0,vs. TEN,0.6,2026-10-03
6109,18571,Alec Ingold,RB,LAC,85,81.26,5.25,72,89,RB85,F,1.0,at SEA,1,2026-10-03
8122,24901,Bam Knight,RB,ARI,86,87.09,5.05,74,99,RB86,F,0.9,at NYG,0.6,2026-10-03
8155,22982,Breece Hall,RB,NYJ,87,78.06,17.27,50,110,RB87,F,0.9,at CHI,97.9,2026-10-03
9510,25443,Lew Nichols,RB,PIT,88,84.72,6.24,75,95,RB88,F,0.8,at CLE,2,2026-10-03
11439,25876,Jaleel McLaughlin,RB,CLE,89,84.78,6.62,76,98,RB89,F,0.8,vs. PIT,0.6,2026-10-03
10235,25322,Roschon Johnson,RB,CHI,90,89.65,4.67,82,99,RB90,F,0.7,vs. NYJ,1.2,2026-10-03
4353,17145,Patrick Ricard,RB,NYG,91,87.44,1.92,83,91,RB91,F,0.7,vs. ARI,0.8,2026-10-03
12543,26212,Tahj Brooks,RB,CIN,92,89.16,4.4,83,96,RB92,F,0.7,vs. JAC,0.7,2026-10-03
12467,27310,Jordan James,RB,SF,93,93.82,6.7,82,105,RB93,F,0.5,vs. DEN,1.3,2026-10-03
11574,26194,Dylan Laube,RB,LV,94,92.29,2.95,87,97,RB94,F,0.5,vs. KC,0.8,2026-10-03
4663,16483,Austin Ekeler,RB,WAS,95,70.75,12.19,56,88,RB95,F,0.5,vs. IND,1.9,2026-10-03
6130,18280,Devin Singletary,RB,NYG,96,90.5,8.17,71,98,RB96,F,0.5,vs. ARI,6.5,2026-10-03
6323,18748,Andrew Beck,RB,NYJ,97,91.29,3.94,84,102,RB97,F,0.5,at CHI,0,2026-10-03
8025,23451,Adam Prentice,RB,DEN,98,89.77,2.01,87,92,RB98,F,0.4,at SF,1,2026-10-03
7204,19844,Reggie Gilliam,RB,NE,99,96.82,2.48,92,100,RB99,F,0.4,at BUF,0.1,2026-10-03
11569,24335,Jarquez Hunter,RB,MIA,100,92.23,7.37,79,102,RB100,F,0.4,at MIN,1,2026-10-03
12171,26748,British Brooks,RB,HOU,102,98,3.7,94,106,RB102,F,0.3,vs. DAL,0,2026-10-03
12787,27444,Josh Williams,RB,TB,103,94.2,11.16,76,111,RB103,F,0.3,vs. GB,0,2026-10-03
2471,14191,Michael Burton,RB,CLE,104,97.6,4.54,93,103,RB104,F,0.1,vs. PIT,1,2026-10-03
12939,27700,Anthony Tyus,RB,CAR,105,98.8,9.22,85,113,RB105,F,0.0,vs. DET,0,2026-10-03
8254,24689,Julius Chestnut,RB,TEN,106,101.33,5.44,93,107,RB106,F,0.0,at BAL,1.2,2026-10-03
7720,23249,Kene Nwangwu,RB,NYJ,107,99.2,2.93,95,104,RB107,F,0.0,at CHI,0.1,2026-10-03
5850,18269,Josh Jacobs,RB,GB,108,99.4,8.71,86,112,RB108,F,0.0,at TB,85.4,2026-10-03
12471,27097,DJ Giddens,RB,IND,109,96.75,8.53,84,108,RB109,F,0.0,at WAS,0.6,2026-10-03
13315,28113,Dean Connors,RB,LAR,111,102.6,2.33,99,106,RB111,F,0.0,at PHI,1,2026-10-03
12476,23682,Devin Neal,RB,MIN,112,96.67,9.98,86,110,RB112,F,0.0,vs. MIA,1.3,2026-10-03
11573,25980,Frank Gore,RB,BUF,113,97.67,16.03,75,109,RB113,F,0.0,vs. NE,1,2026-10-03
11588,26329,Jawhar Jordan,RB,HOU,114,107,7,100,114,RB114,F,0.0,vs. DAL,1,2026-10-03
9488,23070,Jaxon Smith-Njigba,WR,SEA,1,1.03,0.16,1,2,WR1,A+,21.8,vs. LAC,99.8,2026-10-03
7547,19799,Amon-Ra St Brown,WR,DET,2,2.42,0.67,2,5,WR2,A+,20.3,at CAR,99.8,2026-10-03
7564,19788,JaMarr Chase,WR,CIN,3,2.92,1.13,2,9,WR3,A+,19.9,vs. JAC,99.8,2026-10-03
8144,20111,Chris Olave,WR,NO,4,4.11,0.75,2,7,WR4,A+,19.5,vs. ATL,99.5,2026-10-03
6786,19202,CeeDee Lamb,WR,DAL,5,6.21,1.47,4,9,WR5,A+,19.2,at HOU,99.8,2026-10-03
8146,23072,Garrett Wilson,WR,NYJ,6,6.29,1.02,5,11,WR6,A+,17.1,at CHI,98.3,2026-10-03
8112,23163,Drake London,WR,ATL,7,7.03,1.4,5,12,WR7,A,16.9,at NO,99.6,2026-10-03
9997,22916,Zay Flowers,WR,BAL,8,9.16,2.01,5,17,WR8,A,16.7,vs. TEN,99.1,2026-10-03
9487,23106,Parker Washington,WR,JAX,9,9.5,1.59,5,14,WR9,A,16.2,at CIN,94.4,2026-10-03
8167,23886,Christian Watson,WR,GB,10,12.34,1.61,9,17,WR10,A,16.0,at TB,95.2,2026-10-03
7569,20130,Nico Collins,WR,HOU,11,12.84,4.47,8,34,WR11,A,15.8,vs. DAL,99.2,2026-10-03
12526,25417,Tetairoa McMillan,WR,CAR,12,13.95,2.55,11,21,WR12,A,14.7,vs. DET,97.9,2026-10-03
9493,23180,Puka Nacua,WR,LAR,13,14.08,12.91,4,62,WR13,A,14.6,at PHI,99.8,2026-10-03
8137,22963,George Pickens,WR,DAL,14,15.29,2.28,12,20,WR14,A,14.5,at HOU,99.5,2026-10-03
2133,12123,Davante Adams,WR,LAR,15,15.53,4.19,9,21,WR15,A,14.5,at PHI,97.9,2026-10-03
6801,19211,Tee Higgins,WR,CIN,16,16.37,2.87,12,21,WR16,A-,14.2,vs. JAC,98.1,2026-10-03
10229,23113,Rashee Rice,WR,KC,17,16.74,2.27,12,23,WR17,A-,14.1,at LV,98.8,2026-10-03
9500,24706,Josh Downs,WR,IND,18,17.18,2.6,14,23,WR18,A-,13.8,at WAS,84.5,2026-10-03
12501,26024,Matthew Golden,WR,GB,19,19.16,2.52,15,27,WR19,A-,13.7,at TB,88.5,2026-10-03
7526,19790,Jaylen Waddle,WR,DEN,20,21.26,2.53,16,27,WR20,A-,13.6,at SF,96.9,2026-10-03
10232,25333,Michael Wilson,WR,ARI,21,21.84,2.31,16,26,WR21,B+,12.9,at NYG,88.5,2026-10-03
11632,25409,Malik Nabers,WR,NYG,22,23.08,2.94,19,30,WR22,B+,12.7,vs. ARI,98.6,2026-10-03
4983,17265,DJ Moore,WR,BUF,23,23.42,2.94,17,31,WR23,B+,12.4,vs. NE,95.9,2026-10-03
12519,27016,Luther Burden,WR,CHI,24,26.58,2.56,21,33,WR24,B,12.4,vs. NYJ,93,2026-10-03
9756,23107,Jordan Addison,WR,MIN,25,28.21,5.76,18,41,WR25,B,11.8,vs. MIA,81.7,2026-10-03
5927,18466,Terry McLaurin,WR,WAS,26,28.5,2.62,23,40,WR26,B-,11.8,vs. IND,94.9,2026-10-03
2449,13981,Stefon Diggs,WR,WAS,27,29.16,4.16,23,37,WR27,B,11.7,vs. IND,88.1,2026-10-03
11635,26122,Ladd McConkey,WR,LAC,28,27.86,3.59,21,39,WR28,B-,11.5,at SEA,97,2026-10-03
5872,18244,Deebo Samuel,WR,SF,29,31.79,4.74,24,42,WR29,C+,11.4,vs. DEN,79.7,2026-10-03
5846,18219,DK Metcalf,WR,PIT,30,31.79,1.99,27,37,WR30,C+,11.4,at CLE,90.9,2026-10-03
11834,26409,Devaughn Vele,WR,NO,31,32.03,4.27,24,39,WR31,C+,10.9,vs. ATL,45.2,2026-10-03
8148,23677,Jameson Williams,WR,DET,32,32.11,2.87,26,42,WR32,C+,10.9,at CAR,93.7,2026-10-03
5947,18598,Jakobi Meyers,WR,JAX,33,34.74,4.6,26,47,WR33,C+,10.7,at CIN,66.9,2026-10-03
1479,11616,Keenan Allen,WR,IND,34,35.42,3.53,27,46,WR34,C+,10.6,at WAS,43.7,2026-10-03
9486,24354,Dontayvion Wicks,WR,PHI,35,37.74,6.95,18,50,WR35,C+,10.6,vs. LAR,34.3,2026-10-03
11610,26314,Malik Washington,WR,MIA,36,37.82,3.01,34,48,WR36,C,10.5,at MIN,32,2026-10-03
12514,23062,Emeka Egbuka,WR,TB,37,38,4.32,31,47,WR37,C,10.5,vs. GB,96.7,2026-10-03
13279,26009,Carnell Tate,WR,TEN,38,39.08,2.97,33,46,WR38,C,10.3,at BAL,86.2,2026-10-03
13346,27339,Denzel Boston,WR,CLE,39,39.97,4.43,28,50,WR39,C,10.3,vs. PIT,64,2026-10-03
13298,27331,KC Concepcion,WR,CLE,40,42.18,3.27,37,50,WR40,C,10.3,vs. PIT,63.7,2026-10-03
8126,22985,WanDale Robinson,WR,TEN,41,42.5,4.48,35,51,WR41,C,10.1,at BAL,64.5,2026-10-03
8121,23794,Romeo Doubs,WR,NE,42,43.45,4.08,34,56,WR42,C,10.1,at BUF,62.6,2026-10-03
11620,25411,Rome Odunze,WR,CHI,43,45.37,4.59,40,59,WR43,C,9.8,vs. NYJ,88.6,2026-10-03
5045,17253,Courtland Sutton,WR,DEN,44,46.42,2.9,41,53,WR44,C,9.6,at SF,80,2026-10-03
3634,16081,Kalif Raymond,WR,CHI,45,47.74,6.23,29,57,WR45,C,9.6,vs. NYJ,47.6,2026-10-03
10213,25337,Tre Tucker,WR,LV,46,48.16,2.79,43,53,WR46,C,9.6,vs. KC,44.9,2026-10-03
8134,23748,Khalil Shakir,WR,BUF,47,48.84,4.09,39,56,WR47,C-,9.6,vs. NE,57,2026-10-03
4177,16489,Mack Hollins,WR,NE,48,49.26,5.16,38,59,WR48,C-,9.5,at BUF,6.7,2026-10-03
11624,23019,Xavier Worthy,WR,KC,49,49.45,4.38,41,64,WR49,C-,9.2,at LV,68.3,2026-10-03
6819,19278,Michael Pittman,WR,PIT,50,53.13,5.44,37,70,WR50,C-,9.2,at CLE,74.5,2026-10-03
7571,19794,Rashod Bateman,WR,BAL,51,53.45,5.1,45,65,WR51,C-,9.1,vs. TEN,32.6,2026-10-03
4037,16406,Chris Godwin,WR,TB,52,54.24,6.31,41,67,WR52,C-,9.1,vs. GB,74.7,2026-10-03
11646,26403,Jalen Coker,WR,CAR,53,48.44,25.74,17,129,WR53,C,8.8,vs. DET,89.9,2026-10-03
9754,23123,Quentin Johnston,WR,LAC,54,54.79,2.13,50,60,WR54,D+,8.8,at SEA,65.5,2026-10-03
11631,23000,Brian Thomas,WR,JAX,55,55.18,3.66,48,64,WR55,D+,8.7,at CIN,72.7,2026-10-03
13294,25420,Makai Lemon,WR,PHI,56,56.26,9.19,33,73,WR56,D+,8.7,vs. LAR,59.9,2026-10-03
11628,23064,Marvin Harrison,WR,ARI,57,57.26,3.46,49,66,WR57,D,8.4,at NYG,73.7,2026-10-03
12509,26215,Tre Harris,WR,LAC,58,58.47,4.19,46,67,WR58,D,8.3,at SEA,7.4,2026-10-03
11783,26398,Ryan Flournoy,WR,DAL,59,58.47,3.07,53,69,WR59,D,8.3,at HOU,7.2,2026-10-03
13311,26038,Chris Bell,WR,MIA,60,59.18,4.58,50,74,WR60,D-,8.1,at MIN,7.9,2026-10-03
12492,27211,Pat Bryant,WR,DEN,61,63.03,3.3,56,74,WR61,D-,8.0,at SF,9.2,2026-10-03
2216,12119,Mike Evans,WR,SF,62,60.19,32.63,19,177,WR62,C-,8.0,vs. DEN,94.1,2026-10-03
8676,24687,Rashid Shaheed,WR,SEA,63,66.29,3.18,63,79,WR63,F,7.8,vs. LAC,35.5,2026-10-03
9504,22989,Kayshon Boutte,WR,HOU,64,67.05,5.95,60,92,WR64,F,7.7,vs. DAL,18.4,2026-10-03
4454,17066,Kendrick Bourne,WR,ARI,65,67.71,7.92,60,109,WR65,F,7.7,at NYG,1.3,2026-10-03
10218,25332,Xavier Hutchinson,WR,HOU,66,66.27,5.04,57,82,WR66,F,7.2,vs. DAL,7.1,2026-10-03
13285,27994,Malachi Fields,WR,NYG,67,69.63,4.74,65,91,WR67,F,7.2,vs. ARI,11.4,2026-10-03
13317,28130,Ted Hurst,WR,TB,69,72.19,4.53,60,84,WR69,F,6.9,vs. GB,4.5,2026-10-03
8180,24177,Jalen Nailor,WR,LV,70,72.86,3.77,67,81,WR70,F,6.9,vs. KC,18.8,2026-10-03
7049,19590,Jauan Jennings,WR,MIN,71,72.89,10.79,51,92,WR71,F,6.8,vs. MIA,12.6,2026-10-03
9501,25304,Demario Douglas,WR,NE,72,70.33,5.55,56,82,WR72,F,6.7,at BUF,2.9,2026-10-03
4039,16433,Cooper Kupp,WR,SEA,73,73.64,5.94,62,103,WR73,F,6.7,vs. LAC,12.8,2026-10-03
11608,26379,Isaiah Williams,WR,NYJ,74,71.74,5.51,57,86,WR74,F,6.5,at CHI,1.7,2026-10-03
6794,19236,Justin Jefferson,WR,MIN,75,42.62,27.47,10,128,WR75,C,6.3,vs. MIA,99.8,2026-10-03
12536,27122,Jaylin Noel,WR,HOU,76,78.39,7.57,67,101,WR76,F,6.3,vs. DAL,4.4,2026-10-03
8188,22913,Tyquan Thornton,WR,KC,77,79.14,5.45,70,99,WR77,F,6.2,at LV,2.6,2026-10-03
11637,26019,Keon Coleman,WR,BUF,78,79.91,6.49,64,107,WR78,F,6.2,vs. NE,8.1,2026-10-03
13301,25418,Antonio Williams,WR,WAS,79,78.71,6.61,58,97,WR79,F,6.2,vs. IND,8.4,2026-10-03
12535,27446,Isaac TeSlaa,WR,DET,80,82.91,5.08,75,100,WR80,F,6.2,at CAR,3.8,2026-10-03
12718,27449,Konata Mumpfield,WR,LAR,81,85.71,11.44,64,114,WR81,F,6.1,at PHI,4.7,2026-10-03
7090,19810,Darnell Mooney,WR,NYG,82,84.25,4.78,76,99,WR82,F,6.1,vs. ARI,3.2,2026-10-03
12499,27059,Elic Ayomanor,WR,TEN,83,84.47,3.21,79,95,WR83,F,6.0,at BAL,1.5,2026-10-03
8119,23101,Jahan Dotson,WR,ATL,84,82.03,5.28,72,99,WR84,F,6.0,at NO,1.7,2026-10-03
7670,22845,Josh Palmer,WR,BUF,85,87.59,6.68,73,100,WR85,F,5.9,vs. NE,2.5,2026-10-03
11157,25631,Brycen Tremayne,WR,CAR,86,86.97,13.52,50,122,WR86,F,5.7,vs. DET,0.1,2026-10-03
3155,15495,Laquon Treadwell,WR,IND,87,87.52,9.26,72,122,WR87,F,5.6,at WAS,0.1,2026-10-03
13420,28129,Bryce Lance,WR,NO,88,87.61,3.27,82,97,WR88,F,5.6,vs. ATL,1,2026-10-03
6783,19201,Jerry Jeudy,WR,CLE,89,87.83,3.82,82,98,WR89,F,5.4,vs. PIT,15.5,2026-10-03
12634,27486,Jordan Watkins,WR,SF,90,95.94,13.93,78,140,WR90,F,5.4,vs. DEN,0.6,2026-10-03
6271,18864,Olamide Zaccheaus,WR,ATL,91,94.77,5.45,88,110,WR91,F,5.2,at NO,0.6,2026-10-03
12547,27487,Kyle Williams,WR,NE,92,95,6.39,85,122,WR92,F,4.9,at BUF,1.6,2026-10-03
13274,26039,Germie Bernard,WR,PIT,93,93.14,5.76,83,107,WR93,F,4.9,at CLE,5.6,2026-10-03
4981,17258,Calvin Ridley,WR,TEN,94,98.23,7.18,86,120,WR94,F,4.8,at BAL,6.1,2026-10-03
12485,27147,Tez Johnson,WR,TB,95,100.03,5.29,94,112,WR95,F,4.7,vs. GB,0.6,2026-10-03
13338,28067,Kevin Coleman,WR,MIA,96,98.21,8.35,80,119,WR96,F,4.6,at MIN,1.1,2026-10-03
3269,15654,Chris Moore,WR,BAL,97,101.1,5.38,87,113,WR97,F,4.5,vs. TEN,0.4,2026-10-03
8168,23905,Skyy Moore,WR,GB,98,97.15,8.24,82,123,WR98,F,4.4,at TB,1.4,2026-10-03
11627,23092,Troy Franklin,WR,DEN,99,102.55,8.64,88,125,WR99,F,4.2,at SF,1.7,2026-10-03
13320,25419,Zachariah Branch,WR,ATL,100,103.34,7.55,92,118,WR100,F,4.0,at NO,8.7,2026-10-03
13264,28178,Dohnte Meyers,WR,CIN,101,94.04,10.59,79,127,WR101,F,3.9,vs. JAC,1.5,2026-10-03
11629,26011,Devontez Walker,WR,BAL,102,109.24,6.27,101,127,WR102,F,3.9,vs. TEN,0.6,2026-10-03
11616,25289,Jacob Cowing,WR,SF,103,101.68,6.69,86,112,WR103,F,3.8,vs. DEN,0.6,2026-10-03
8917,18520,KaVontae Turpin,WR,DAL,104,109.54,7.36,100,124,WR104,F,3.8,at HOU,2.7,2026-10-03
13394,28137,Josh Cameron,WR,JAX,105,105.15,8.42,86,121,WR105,F,3.6,at CIN,0.7,2026-10-03
8147,22895,John Metchie,WR,CAR,106,104.28,11.94,73,121,WR106,F,3.4,vs. DET,1.3,2026-10-03
12530,26034,Travis Hunter,WR,JAX,107,111.44,7.45,98,127,WR107,F,3.3,at CIN,49.5,2026-10-03
7039,19739,Cody White,WR,LV,108,102.74,9.56,74,115,WR108,F,3.3,vs. KC,0.7,2026-10-03
11625,24357,Adonai Mitchell,WR,NYJ,109,98.33,22.06,48,143,WR109,F,3.3,at CHI,34.9,2026-10-03
12497,26022,Tory Horton,WR,SEA,110,108.11,6.47,93,121,WR110,F,3.3,vs. LAC,1.8,2026-10-03
8135,22905,Treylon Burks,WR,WAS,111,106.41,7.44,98,125,WR111,F,3.2,vs. IND,1.7,2026-10-03
12540,27315,Chimere Dike,WR,TEN,112,118.67,12.64,100,139,WR112,F,3.0,at BAL,1.6,2026-10-03
7587,20113,Dyami Brown,WR,WAS,113,110.47,9.31,90,127,WR113,F,3.0,vs. IND,0.6,2026-10-03
11056,25495,Jared Wayne,WR,HOU,114,113.18,8.54,87,121,WR114,F,2.8,vs. DAL,0,2026-10-03
7562,20126,Tutu Atwell,WR,LAR,115,116.18,15.66,102,167,WR115,F,2.7,at PHI,0.8,2026-10-03
3200,15569,Sterling Shepard,WR,NYJ,116,112.14,16.99,91,143,WR116,F,2.6,at CHI,1.8,2026-10-03
13296,28135,Caleb Douglas,WR,MIA,117,83.22,21.29,62,116,WR117,F,2.6,at MIN,19,2026-10-03
12505,27076,Jalen Royals,WR,KC,118,119,3.88,113,129,WR118,F,2.4,at LV,0.6,2026-10-03
13150,27866,Darius Cooper,WR,PHI,119,113.15,25.93,60,144,WR119,F,2.3,vs. LAR,0.6,2026-10-03
6149,18706,Darius Slayton,WR,IND,120,109.83,13.42,96,149,WR120,F,2.2,at WAS,1,2026-10-03
8204,24049,Bo Melton,WR,GB,121,118.07,8,110,136,WR121,F,2.2,at TB,0.6,2026-10-03
11623,23135,Jordan Whittington,WR,LAR,122,119.71,7.7,103,131,WR122,F,2.2,at PHI,0.6,2026-10-03
13770,26139,J Michael Sturdivant,WR,GB,123,116.77,12.12,98,141,WR123,F,2.2,at TB,0,2026-10-03
12496,27182,Tai Felton,WR,MIN,124,124.43,25.16,82,152,WR124,F,2.1,vs. MIA,0.6,2026-10-03
9494,23080,Marvin Mims,WR,DEN,125,118.42,16.55,104,169,WR125,F,2.1,at SF,2.6,2026-10-03
13329,26012,Malik Benson,WR,LV,126,122.67,6.64,107,130,WR126,F,2.0,vs. KC,0.6,2026-10-03
11626,26136,Xavier Legette,WR,CAR,127,108.5,22.25,87,158,WR127,F,2.0,vs. DET,1.2,2026-10-03
5773,18166,KhaDarel Hodge,WR,FA,128,111.13,13.72,97,134,WR128,F,2.0,,1.2,2026-10-03
11421,25857,Ryan Miller,WR,MIA,129,128.27,18.08,104,176,WR129,F,2.0,at MIN,1,2026-10-03
13413,28424,Cyrus Allen,WR,KC,130,135.38,9.58,113,149,WR130,F,2.0,at LV,10.5,2026-10-03
11168,25627,Xavier Smith,WR,FA,131,126.2,6.95,116,141,WR131,F,2.0,,0.6,2026-10-03
13333,27093,Deion Burks,WR,IND,132,121.78,8.3,112,135,WR132,F,1.9,at WAS,2,2026-10-03
12699,27447,LaJohntay Wester,WR,BAL,133,127.1,10.47,104,137,WR133,F,1.9,vs. TEN,0.7,2026-10-03
13411,28132,Zavion Thomas,WR,CHI,134,133.09,6.35,126,146,WR134,F,1.9,vs. NYJ,1.8,2026-10-03
12542,27445,Efton Chism,WR,NE,135,126.11,7.4,116,137,WR135,F,1.6,at BUF,0.6,2026-10-03
7757,22843,Ben Skowronek,WR,PIT,136,128.67,7.66,117,140,WR136,F,1.5,at CLE,0.1,2026-10-03
12503,24371,Isaiah Bond,WR,CLE,137,134.7,6.81,123,144,WR137,F,1.5,vs. PIT,0.6,2026-10-03
12641,27454,Jaylin Lane,WR,WAS,138,132.56,6.26,123,146,WR138,F,1.5,vs. IND,0.6,2026-10-03
13268,27463,Elijah Sarratt,WR,BAL,139,125.43,22.59,101,173,WR139,F,1.4,vs. TEN,4.1,2026-10-03
8527,24570,Dareke Young,WR,LV,140,135.22,3.55,129,140,WR140,F,1.2,vs. KC,1,2026-10-03
13079,27810,Jahdae Walker,WR,CHI,141,138.4,11.07,121,155,WR141,F,1.1,vs. NYJ,0.8,2026-10-03
10225,23030,Jonathan Mingo,WR,DAL,142,134,4.03,127,141,WR142,F,1.0,at HOU,0.6,2026-10-03
5121,17289,Braxton Berrios,WR,NYG,143,131.14,5.41,125,139,WR143,F,0.9,vs. ARI,0.6,2026-10-03
8117,23770,Jalen Tolbert,WR,MIA,144,131.86,14.88,106,148,WR144,F,0.8,at MIN,1.1,2026-10-03
2197,12122,Brandin Cooks,WR,SF,145,118.8,22.37,93,160,WR145,F,0.6,vs. DEN,0.8,2026-10-03
13075,27805,Myles Price,WR,MIN,146,143.1,6.36,128,151,WR146,F,0.5,vs. MIA,1.2,2026-10-03
13477,26037,Colbie Young,WR,CIN,147,124,22.88,106,168,WR147,F,0.3,vs. JAC,0.8,2026-10-03
8200,23049,Kevin Austin,WR,NO,148,140.63,7.45,130,153,WR148,F,0.3,vs. ATL,1,2026-10-03
11068,24370,Mitch Tinsley,WR,CIN,149,126.6,2.06,124,129,WR149,F,0.2,vs. JAC,1,2026-10-03
7521,22684,Chris Blair,WR,ATL,150,138.57,5.26,127,145,WR150,F,0.0,at NO,0,2026-10-03
5086,17528,Marquez Valdes-Scantling,WR,LAC,151,143.38,6.56,131,154,WR151,F,0.0,at SEA,1.3,2026-10-03
10234,25334,Derius Davis,WR,LAC,152,140.29,3.99,134,147,WR152,F,0.0,at SEA,1,2026-10-03
6427,18656,Ashton Dulin,WR,IND,154,143.6,10.59,124,156,WR154,F,0.0,at WAS,0.7,2026-10-03
12483,27224,Jack Bech,WR,LV,155,128.33,21.93,109,159,WR155,F,0.0,vs. KC,1.4,2026-10-03
4274,16757,David Moore,WR,CAR,156,115.5,14.5,101,130,WR156,F,0.0,vs. DET,1.4,2026-10-03
13380,28133,Brenen Thompson,WR,LAC,157,143.25,24.22,114,174,WR157,F,0.0,at SEA,0.9,2026-10-03
11034,25468,Jalen Brooks,WR,ARI,158,150.5,7.41,136,158,WR158,F,0.0,at NYG,1,2026-10-03
11650,26328,Luke McCaffrey,WR,WAS,159,143.33,34.59,110,191,WR159,F,0.0,vs. IND,0.6,2026-10-03
10228,25336,Charlie Jones,WR,NYG,161,148.2,6.71,140,160,WR161,F,0.0,vs. ARI,1.2,2026-10-03
8414,24234,Britain Covey,WR,PHI,162,150,10.77,135,161,WR162,F,0.0,vs. LAR,1,2026-10-03
11320,25772,Nikko Remigio,WR,KC,163,158,17.92,142,193,WR163,F,0.0,at LV,0.6,2026-10-03
11994,26626,Kameron Johnson,WR,TB,164,154.2,4.07,151,162,WR164,F,0.0,vs. GB,0.1,2026-10-03
8250,24029,Tay Martin,WR,DET,165,146.67,11.09,131,155,WR165,F,0.0,at CAR,1,2026-10-03
7596,20114,Elijah Moore,WR,PHI,166,154.8,12.16,132,166,WR166,F,0.0,vs. LAR,1.1,2026-10-03
5970,18585,Greg Dortch,WR,BUF,167,155.2,2.4,151,158,WR167,F,0.0,vs. NE,0.6,2026-10-03
12523,27294,Jimmy Horn,WR,CLE,168,139,11,128,150,WR168,F,0.0,vs. PIT,0.7,2026-10-03
11617,26023,Malachi Corley,WR,CLE,169,156,5.87,149,163,WR169,F,0.0,vs. PIT,1,2026-10-03
5938,18590,LilJordan Humphrey,WR,FA,170,150.33,16.01,132,171,WR170,F,0.0,,1.1,2026-10-03
7812,23196,Simi Fehoko,WR,ARI,171,157,6.1,147,165,WR171,F,0.0,at NYG,1,2026-10-03
6588,19052,Tom Kennedy,WR,DET,172,163.8,16.95,146,196,WR172,F,0.0,at CAR,0,2026-10-03
13402,28126,Skyler Bell,WR,BUF,173,146.5,15.5,131,162,WR173,F,0.0,vs. NE,3,2026-10-03
7496,19747,Nick Westbrook-Ikhine,WR,IND,175,157.5,31.5,126,189,WR175,F,0.0,at WAS,1,2026-10-03
13297,28141,Reggie Virgil,WR,ARI,176,156,29,127,185,WR176,F,0.0,at NYG,1.2,2026-10-03
5848,18226,Marquise Brown,WR,PHI,177,158.67,20.07,133,182,WR177,F,0.0,vs. LAR,1.2,2026-10-03
11762,26404,Anthony Gould,WR,IND,178,160,32,128,192,WR178,F,0.0,at WAS,1,2026-10-03
13541,28144,Lewis Bond,WR,HOU,179,156,27,129,183,WR179,F,0.0,vs. DAL,1.1,2026-10-03
13533,25416,Barion Brown,WR,NO,180,163.6,12.03,155,187,WR180,F,0.0,vs. ATL,1.4,2026-10-03
13491,28435,Kaden Wetjen,WR,PIT,181,165,15.18,150,194,WR181,F,0.0,at CLE,0.7,2026-10-03
13981,28833,Kolbe Katsis,WR,DEN,182,153,9,144,162,WR182,F,0.0,at SF,0,2026-10-03
6847,19270,Devin Duvernay,WR,ARI,183,170,14,156,184,WR183,F,0.0,at NYG,0.6,2026-10-03
12925,27453,Jamaal Pritchett,WR,NYJ,184,176,19,157,195,WR184,F,0.0,at CHI,0,2026-10-03
11506,25359,Jalen Cropper,WR,NO,185,167,5,162,172,WR185,F,0.0,vs. ATL,0,2026-10-03
11604,22955,Brock Bowers,TE,LV,1,1.23,0.42,1,2,TE1,A+,18.8,vs. KC,99.7,2026-10-03
8130,22936,Trey McBride,TE,ARI,2,1.77,0.42,1,2,TE2,A,16.5,at NYG,99.7,2026-10-03
4217,16499,George Kittle,TE,SF,3,3.15,0.36,3,4,TE3,A,13.2,vs. DEN,96.2,2026-10-03
12518,26434,Tyler Warren,TE,IND,4,4.23,0.77,3,6,TE4,A-,12.7,at WAS,98.8,2026-10-03
1466,11594,Travis Kelce,TE,KC,5,5.21,0.91,3,9,TE5,A-,12.7,at LV,95.9,2026-10-03
10236,25247,Dalton Kincaid,TE,BUF,6,6.31,1.74,4,12,TE6,B+,12.0,vs. NE,95.1,2026-10-03
10859,22978,Sam LaPorta,TE,DET,7,7.31,1.02,6,11,TE7,B,11.6,at CAR,97.2,2026-10-03
7002,19562,Juwan Johnson,TE,NO,8,7.59,1.37,5,10,TE8,B-,11.5,vs. ATL,67.5,2026-10-03
12506,27050,Harold Fannin,TE,CLE,9,10.41,1.84,8,15,TE9,C+,11.4,vs. PIT,92.7,2026-10-03
8131,23781,Isaiah Likely,TE,NYG,10,10.56,1.66,8,14,TE10,C+,11.2,vs. ARI,88.2,2026-10-03
9484,25298,Tucker Kraft,TE,GB,11,11.05,0.9,8,14,TE11,C+,10.6,at TB,93.1,2026-10-03
5001,17349,Dalton Schultz,TE,HOU,12,12.13,2.65,7,17,TE12,C,10.2,vs. DAL,67.6,2026-10-03
13330,26055,Kenyon Sadiq,TE,NYJ,13,12.44,1.72,9,16,TE13,C,10.1,at CHI,53.8,2026-10-03
5012,17269,Mark Andrews,TE,BAL,14,14.05,2.23,11,18,TE14,C-,10.1,vs. TEN,80.7,2026-10-03
12517,26006,Colston Loveland,TE,CHI,15,15.1,2.2,10,20,TE15,C-,9.3,vs. NYJ,93.7,2026-10-03
2505,14104,Darren Waller,TE,CAR,16,16.23,2.45,9,20,TE16,D+,9.2,vs. DET,31.7,2026-10-03
9480,25345,Brenton Strange,TE,JAX,17,17.51,2.47,14,24,TE17,D+,9.1,at CIN,33.1,2026-10-03
5844,18290,TJ Hockenson,TE,MIN,18,18.92,2.76,13,23,TE18,D,8.6,vs. MIA,42.3,2026-10-03
8110,22718,Jake Ferguson,TE,DAL,19,19.1,2.04,14,24,TE19,D,8.6,at HOU,81.4,2026-10-03
3214,15561,Hunter Henry,TE,NE,20,19.44,1.82,17,23,TE20,D,8.4,at BUF,54,2026-10-03
7600,20163,Pat Freiermuth,TE,PIT,21,20.56,2.72,16,26,TE21,D-,8.3,at CLE,18,2026-10-03
7553,20164,Kyle Pitts,TE,ATL,22,21.87,2.36,17,30,TE22,D-,8.2,at NO,78.8,2026-10-03
3271,15623,Tyler Higbee,TE,LAR,23,23.23,4.18,16,34,TE23,F,8.2,at PHI,2.4,2026-10-03
11603,26335,AJ Barner,TE,SEA,24,23.72,1.3,20,27,TE24,F,7.8,vs. LAC,16,2026-10-03
12493,25997,Oronde Gadsden,TE,LAC,25,24.74,2.12,19,30,TE25,F,7.2,at SEA,17.3,2026-10-03
4993,17272,Mike Gesicki,TE,CIN,26,26.42,1.5,24,30,TE26,F,7.0,vs. JAC,10.3,2026-10-03
9482,23056,Michael Mayer,TE,LV,27,28.55,2.64,24,36,TE27,F,6.8,vs. KC,8.5,2026-10-03
4066,16411,Evan Engram,TE,DEN,28,29.03,1.64,27,34,TE28,F,6.7,at SF,3.9,2026-10-03
8111,23181,Cade Otton,TE,TB,29,27.72,2.66,21,34,TE29,F,6.6,vs. GB,6.8,2026-10-03
8172,23153,Greg Dulcich,TE,MIA,30,29.67,2.24,21,33,TE30,F,6.6,at MIN,7,2026-10-03
9479,22967,Darnell Washington,TE,PIT,31,32.34,2.34,28,37,TE31,F,6.4,at CLE,2.5,2026-10-03
12502,27109,Gunnar Helm,TE,TEN,32,31.48,1.37,28,34,TE32,F,6.2,at BAL,3.6,2026-10-03
1339,11689,Zach Ertz,TE,PHI,33,34.19,1.57,31,38,TE33,F,6.1,vs. LAR,3.4,2026-10-03
5857,17527,Noah Fant,TE,NO,34,33.55,2.13,27,36,TE34,F,5.8,vs. ATL,2,2026-10-03
6865,19372,Colby Parkinson,TE,LAR,35,35.25,5.78,26,61,TE35,F,4.7,at PHI,3.5,2026-10-03
7694,22795,Tommy Tremble,TE,CAR,36,38.35,3.32,35,47,TE36,F,4.6,vs. DET,0.6,2026-10-03
8210,23982,Chigoziem Okonkwo,TE,WAS,37,34.05,17.62,24,107,TE37,F,4.3,vs. IND,19.3,2026-10-03
6826,19229,Cole Kmet,TE,CHI,38,40,2.85,38,47,TE38,F,4.3,vs. NYJ,1.8,2026-10-03
8145,23742,Jeremy Ruckert,TE,NYJ,39,38.47,4.22,34,50,TE39,F,4.2,at CHI,0.6,2026-10-03
5906,18631,Dawson Knox,TE,BUF,40,40.74,2.77,37,48,TE40,F,4.2,vs. NE,1.7,2026-10-03
10214,23761,Davis Allen,TE,LAR,41,44.68,8.39,37,64,TE41,F,4.2,at PHI,1,2026-10-03
7828,19539,Noah Gray,TE,KC,42,43.11,4.81,39,57,TE42,F,3.7,at LV,0.6,2026-10-03
5985,18397,Foster Moreau,TE,HOU,43,43.82,4.36,39,52,TE43,F,3.6,vs. DAL,1.2,2026-10-03
4144,16460,Jonnu Smith,TE,GB,44,45.24,5,40,61,TE44,F,3.6,at TB,0.9,2026-10-03
11597,23104,Theo Johnson,TE,NYG,45,46.5,8.22,38,75,TE45,F,3.4,vs. ARI,1.5,2026-10-03
3202,15581,Austin Hooper,TE,ATL,46,47.4,4.01,42,55,TE46,F,3.2,at NO,0.9,2026-10-03
12473,27138,Mitchell Evans,TE,CAR,47,49.8,5.75,45,69,TE47,F,3.0,vs. DET,1,2026-10-03
6001,18561,Drew Sample,TE,CIN,48,48.79,4.95,43,59,TE48,F,2.9,vs. JAC,0.6,2026-10-03
12521,23004,Elijah Arroyo,TE,SEA,50,50.64,4.48,43,58,TE50,F,2.9,vs. LAC,0.9,2026-10-03
11593,26003,Brevyn Spann-Ford,TE,DAL,51,53.33,6.32,42,63,TE51,F,2.8,at HOU,0.1,2026-10-03
8225,24238,Daniel Bellinger,TE,TEN,52,58.08,5.3,51,72,TE52,F,2.8,at BAL,2.8,2026-10-03
4314,16743,Johnny Mundt,TE,PHI,53,55.33,6.33,45,67,TE53,F,2.8,vs. LAR,0.1,2026-10-03
11592,23837,Erick All,TE,CIN,54,59,6.66,49,67,TE54,F,2.7,vs. JAC,0.6,2026-10-03
11596,26310,Ben Sinnott,TE,WAS,55,60.75,14.1,41,82,TE55,F,2.7,vs. IND,0.6,2026-10-03
11433,25881,Nate Adkins,TE,DEN,56,52.3,7.94,41,69,TE56,F,2.6,at SF,0.6,2026-10-03
7891,23341,Brock Wright,TE,DET,57,57.73,6.51,49,68,TE57,F,2.5,at CAR,0.6,2026-10-03
6869,19423,Adam Trautman,TE,DEN,58,57.82,2.76,54,62,TE58,F,2.4,at SF,0.6,2026-10-03
12487,23091,Terrance Ferguson,TE,LAR,59,49.11,24.47,27,111,TE59,F,2.3,at PHI,22.5,2026-10-03
13434,28403,Will Kacmarek,TE,MIA,60,64.67,4.31,59,76,TE60,F,2.3,at MIN,0.7,2026-10-03
7716,22833,John Bates,TE,WAS,61,61,10.6,44,73,TE61,F,2.2,vs. IND,1.2,2026-10-03
13299,28427,Nate Boerkircher,TE,JAX,62,57.4,8.08,49,71,TE62,F,2.1,at CIN,1.7,2026-10-03
10231,23119,Elijah Higgins,TE,ARI,63,58.2,6.27,44,66,TE63,F,2.0,at NYG,0.6,2026-10-03
11201,25657,Blake Whiteheart,TE,CLE,64,59.1,4.76,53,71,TE64,F,1.9,vs. PIT,0,2026-10-03
10871,25267,Luke Schoonmaker,TE,DAL,65,63.64,5.48,53,73,TE65,F,1.9,at HOU,0.8,2026-10-03
5008,17508,Durham Smythe,TE,BAL,66,63.7,7.27,55,79,TE66,F,1.8,vs. TEN,0.6,2026-10-03
13322,28161,Sam Roush,TE,CHI,67,65.5,7.37,54,75,TE67,F,1.7,vs. NYJ,0.7,2026-10-03
7842,19501,Luke Farrell,TE,SF,68,64.11,3.25,57,67,TE68,F,1.7,vs. DEN,0.6,2026-10-03
13307,28157,Marlin Klein,TE,HOU,69,68.78,14.72,53,91,TE69,F,1.7,vs. DAL,0.6,2026-10-03
12658,27469,Jackson Hawes,TE,BUF,70,73.9,5.66,65,82,TE70,F,1.7,vs. NE,0.6,2026-10-03
5409,17826,Tanner Hudson,TE,CIN,71,60.14,4.94,56,71,TE71,F,1.7,vs. JAC,2.3,2026-10-03
13278,27993,Max Klare,TE,LAR,72,71,7.99,55,87,TE72,F,1.6,at PHI,2,2026-10-03
4054,16579,Mo Alie-Cox,TE,IND,73,66.88,6.39,60,77,TE73,F,1.5,at WAS,0.6,2026-10-03
13319,25430,Oscar Delp,TE,NO,74,68,6,62,81,TE74,F,1.5,vs. ATL,1.2,2026-10-03
7075,19665,Charlie Woerner,TE,ATL,75,73.38,2.29,69,77,TE75,F,1.4,at NO,0,2026-10-03
8219,23829,Jelani Woods,TE,NYJ,76,73.63,5.61,62,82,TE76,F,1.4,at CHI,3.9,2026-10-03
11942,26576,Colson Yankoff,TE,WAS,77,63.33,8.22,50,77,TE77,F,1.3,vs. IND,1.1,2026-10-03
13421,28154,Eli Raridon,TE,NE,78,68.33,23.76,45,117,TE78,F,1.3,at BUF,1.5,2026-10-03
8489,24561,Andrew Ogletree,TE,IND,79,78.63,2.6,75,84,TE79,F,1.2,at WAS,1,2026-10-03
7536,22820,Quintin Morris,TE,JAX,80,74.71,2.6,72,80,TE80,F,1.2,at CIN,1.4,2026-10-03
4189,16706,Eric Saubert,TE,SEA,81,74.86,7.26,67,86,TE81,F,1.2,vs. LAC,1.6,2026-10-03
11599,25269,Cade Stover,TE,HOU,82,80.25,3.34,76,87,TE82,F,1.2,vs. DAL,0.6,2026-10-03
7535,22783,Hunter Long,TE,ARI,83,79.43,2.13,77,83,TE83,F,1.2,at NYG,1,2026-10-03
12389,26946,Hayden Rucci,TE,LAC,84,78.17,3.72,73,85,TE84,F,1.2,at SEA,0,2026-10-03
12700,26002,Gavin Bartholomew,TE,MIN,85,82.71,7.55,76,96,TE85,F,1.2,vs. MIA,0,2026-10-03
13273,28155,Josh Cuevas,TE,BAL,86,84,4.5,75,90,TE86,F,1.2,vs. TEN,1.1,2026-10-03
12498,26005,Mason Taylor,TE,NYJ,87,79.4,19.82,50,100,TE87,F,1.2,at CHI,1.8,2026-10-03
4602,16502,Robert Tonyan,TE,PIT,88,80.6,3.93,73,84,TE88,F,1.2,at CLE,0,2026-10-03
4995,17387,Ian Thomas,TE,LV,89,82.2,12.06,59,92,TE89,F,1.1,vs. KC,0,2026-10-03
12817,22924,Jake Briningstool,TE,KC,90,84.4,6.77,74,92,TE90,F,1.1,at LV,0,2026-10-03
11304,25756,EJ Jenkins,TE,PHI,91,88.33,3.4,83,92,TE91,F,1.1,vs. LAR,1,2026-10-03
13827,28166,Tanner Arkin,TE,NE,92,85.2,11.75,76,107,TE92,F,1.1,at BUF,0,2026-10-03
10227,25346,Payne Durham,TE,TB,93,92.4,15.04,80,121,TE93,F,1.1,vs. GB,1.1,2026-10-03
3048,14014,Chris Manhertz,TE,NYG,94,86.5,2.6,83,89,TE94,F,1.1,vs. ARI,0,2026-10-03
5022,17270,Dallas Goedert,TE,PHI,95,80,23.55,48,104,TE95,F,1.0,vs. LAR,74.9,2026-10-03
10212,22923,Josh Whyle,TE,GB,96,92.25,8.87,77,99,TE96,F,1.0,at TB,1.1,2026-10-03
12765,27287,Keleki Latu,TE,BUF,98,88.33,3.09,84,91,TE98,F,0.9,vs. NE,0,2026-10-03
10210,24331,Cameron Latu,TE,NE,99,93.5,5.68,85,101,TE99,F,0.9,at BUF,1.2,2026-10-03
13408,27499,Tanner Koziol,TE,JAX,100,96.5,17.74,70,120,TE100,F,0.7,at CIN,1.4,2026-10-03
11600,24334,JaTavion Sanders,TE,CAR,101,84,26,58,110,TE101,F,0.6,vs. DET,0.6,2026-10-03
13429,28163,Seydou Traore,TE,MIA,103,96,10.89,78,106,TE103,F,0.5,at MIN,0,2026-10-03
13308,28165,Bauer Sharp,TE,TB,104,89.5,3.5,86,93,TE104,F,0.4,vs. GB,0,2026-10-03
5133,17598,Tyler Conklin,TE,DET,105,101,14.76,82,118,TE105,F,0.2,at CAR,0.6,2026-10-03
13433,28437,Riley Nowakowski,TE,PIT,106,93,3,90,96,TE106,F,0.1,at CLE,0.6,2026-10-03
8523,24239,Nick Muse,TE,ATL,107,98.33,0.94,97,99,TE107,F,0.0,at NO,0,2026-10-03
12357,26922,David Martin-Robinson,TE,TEN,108,99.67,3.3,95,102,TE108,F,0.0,at BAL,0,2026-10-03
13580,28399,Carsen Ryan,TE,CLE,109,99,1,98,100,TE109,F,0.0,vs. PIT,1.1,2026-10-03
12079,26661,Treyton Welch,TE,NO,110,102.33,5.73,95,109,TE110,F,0.0,vs. ATL,0,2026-10-03
10224,25469,Brayden Willis,TE,SF,111,101,0,101,101,TE111,F,0.0,vs. DEN,0,2026-10-03
8484,24568,Ko Kieft,TE,TB,112,110,8.49,104,122,TE112,F,0.0,vs. GB,0,2026-10-03
13400,28079,Justin Joly,TE,MIA,113,114,9,105,123,TE113,F,0.0,at MIN,2.5,2026-10-03
13151,27867,Nick Kallerup,TE,SEA,114,110,4,106,114,TE114,F,0.0,vs. LAC,1,2026-10-03
7839,23297,Evan McPherson,K,CIN,1,2.24,1.44,1,7,K1,B+,9.6,vs. JAC,64.5,2026-10-03
11533,26068,Brandon Aubrey,K,DAL,3,3.54,2.91,1,15,K3,B,9.0,at HOU,99,2026-10-03
3451,15756,Kaimi Fairbairn,K,HOU,4,4.11,1.52,2,9,K4,B,8.8,vs. DAL,91,2026-10-03
4227,16712,Harrison Butker,K,KC,5,5.78,2.35,3,14,K5,B-,8.7,at LV,59.4,2026-10-03
11792,26341,Will Reichard,K,MIN,6,6.11,2.39,1,13,K6,B-,8.4,vs. MIA,53.2,2026-10-03
2747,14003,Jason Myers,K,SEA,7,8.43,1.79,4,13,K7,C+,8.3,vs. LAC,89.9,2026-10-03
5189,17575,Eddy Pineiro,K,SF,9,8.65,2.67,5,16,K9,C,8.1,vs. DEN,54.9,2026-10-03
11786,26475,Cam Little,K,JAX,10,9.62,2.19,5,15,K10,C+,7.8,at CIN,85.6,2026-10-03
11539,26075,Jake Bates,K,DET,11,11.32,2.88,4,18,K11,C,7.8,at CAR,60.5,2026-10-03
1945,13029,Chris Boswell,K,PIT,12,12.51,3,5,19,K12,C,7.7,at CLE,34.8,2026-10-03
7042,19760,Tyler Bass,K,BUF,13,12.76,3.44,6,24,K13,C,7.7,vs. NE,13.1,2026-10-03
5095,17420,Daniel Carlson,K,NO,15,14.49,1.98,9,18,K15,C,7.7,vs. ATL,3.3,2026-10-03
6083,18545,Matt Gay,K,LV,17,17.54,3.5,12,25,K17,C-,7.6,vs. KC,12.2,2026-10-03
650,9491,Nick Folk,K,ATL,19,19.33,3.24,14,27,K19,C-,7.3,at NO,2.4,2026-10-03
2020,13731,Cairo Santos,K,CHI,20,19.86,3.7,14,28,K20,D+,7.3,vs. NYJ,24.5,2026-10-03
10955,25354,Chad Ryland,K,ARI,21,20.58,2.84,13,27,K21,D+,7.3,at NYG,1.2,2026-10-03
3678,16026,Wil Lutz,K,DEN,22,22.31,2.12,18,28,K22,D+,7.0,at SF,8.4,2026-10-03
5119,17533,Jason Sanders,K,NYJ,23,23.14,2.23,19,28,K23,D,7.0,at CHI,0.7,2026-10-03
6650,19058,Chase McLaughlin,K,TB,24,23.94,4.44,10,30,K24,D,6.8,vs. GB,22.3,2026-10-03
4195,16540,Jake Elliott,K,PHI,27,25.65,2.42,20,30,K27,D,6.6,vs. LAR,7,2026-10-03
8259,23901,Cameron Dicker,K,LAC,28,27.27,2.08,22,31,K28,D-,6.5,at SEA,82.5,2026-10-03
11261,25713,Andre Szmyt,K,CLE,30,28.89,2.2,20,32,K30,D-,6.3,vs. PIT,0.8,2026-10-03
6528,19028,Joey Slye,K,TEN,31,31.11,0.72,29,32,K31,F,6.0,at BAL,0.8,2026-10-03
7922,23370,Riley Patterson,K,MIA,32,31.44,0.87,29,32,K32,F,5.7,at MIN,0.8,2026-10-03
10892,24717,Will Anderson,DL,HOU,1,1.79,1.04,1,4,DE1,NA,19.9,vs. DAL,65.6,2026-10-03
8289,22738,Aidan Hutchinson,DL,DET,2,2.83,1.46,1,6,DE2,NA,19.4,at CAR,70.5,2026-10-03
5991,18702,Maxx Crosby,DL,LV,3,3.67,2.3,2,13,DE3,NA,19.3,vs. KC,69.6,2026-10-03
11667,26097,Dallas Turner,DL,MIN,4,5.71,3.61,2,19,DE4,NA,18.9,vs. MIA,37.8,2026-10-03
6125,18207,Jeffery Simmons,DL,TEN,5,6.67,2.48,3,13,DT1,NA,18.7,at BAL,53.3,2026-10-03
7627,19787,Gregory Rousseau,DL,BUF,6,7.29,3.56,2,16,DE5,NA,18.6,vs. NE,63,2026-10-03
2393,14036,Danielle Hunter,DL,HOU,10,11.17,2.44,7,19,DE6,NA,18.2,vs. DAL,39.7,2026-10-03
5840,18201,Josh Hines-Allen,DL,JAX,12,13.5,2.66,10,20,DE8,NA,18.1,at CIN,24.4,2026-10-03
10898,25364,Tuli Tuipulotu,DL,LAC,13,14.46,2.24,11,21,DE9,NA,18.0,at SEA,31.2,2026-10-03
3172,15494,DeForest Buckner,DL,IND,15,16.13,5.75,8,31,DT2,NA,17.9,at WAS,16.3,2026-10-03
7635,22734,Jaelan Phillips,DL,CAR,16,18.46,5.55,12,33,DE10,NA,17.6,vs. DET,5.9,2026-10-03
2311,13892,Leonard Williams,DL,SEA,17,18.75,2.63,12,23,DT3,NA,17.6,vs. LAC,17.6,2026-10-03
10917,25449,Byron Young,DL,LAR,18,19.71,6.42,8,37,DE11,NA,17.6,at PHI,28.2,2026-10-03
8280,23763,Nik Bonitto,DL,DEN,19,19.96,6,9,36,DE12,NA,17.6,at SF,34.1,2026-10-03
11669,26096,Laiatu Latu,DL,IND,20,22.17,5.84,13,40,DE13,NA,17.4,at WAS,10.5,2026-10-03
6782,19195,Chase Young,DL,NO,21,22.25,3.99,11,31,DE14,NA,17.4,vs. ATL,12.7,2026-10-03
8385,23501,George Karlaftis,DL,KC,22,22.42,3.62,16,31,DE15,NA,17.2,at LV,6.2,2026-10-03
10885,25291,Lukas Van Ness,DL,GB,23,23.08,5.19,9,35,DE16,NA,17.1,at TB,11.1,2026-10-03
6124,18213,Montez Sweat,DL,CHI,25,25.38,3.39,17,33,DE18,NA,17.0,vs. NYJ,11.9,2026-10-03
11665,25234,Jared Verse,DL,CLE,26,28.58,5.12,20,40,DE19,NA,16.9,vs. PIT,26.5,2026-10-03
6784,19205,Derrick Brown,DL,CAR,29,31,4.98,17,44,DT4,NA,16.6,vs. DET,8.1,2026-10-03
8265,23724,Travon Walker,DL,JAX,31,32,4.72,25,48,DE20,NA,16.3,at CIN,9.7,2026-10-03
7626,22714,Odafe Oweh,DL,WAS,33,34.83,5.01,23,45,DE21,NA,16.1,vs. IND,5.9,2026-10-03
5871,18221,Zach Allen,DL,DEN,34,35.92,6.13,20,50,DE22,NA,15.9,at SF,7,2026-10-03
843,9862,Cameron Heyward,DL,PIT,35,37.67,5.3,31,50,DT6,NA,15.9,at CLE,9.2,2026-10-03
6118,18200,Quinnen Williams,DL,DAL,38,39,3.64,31,50,DT7,NA,15.8,at HOU,10.6,2026-10-03
10921,25264,YaYa Diaby,DL,TB,40,41.38,7.33,30,68,DE24,NA,15.7,vs. GB,7,2026-10-03
4135,16719,Trey Hendrickson,DL,BAL,41,25.76,6.39,15,41,DE25,NA,15.7,vs. TEN,26,2026-10-03
5912,18295,Carl Granderson,DL,NO,42,43,6.96,28,65,DE26,NA,15.6,vs. ATL,11.8,2026-10-03
8398,23733,Jermaine Johnson,DL,TEN,44,47.67,3.61,42,54,DE27,NA,15.5,at BAL,1.8,2026-10-03
10873,24711,Nolan Smith,DL,PHI,45,48.67,7.67,42,78,DE28,NA,15.4,vs. LAR,3.1,2026-10-03
10916,25283,Kobie Turner,DL,LAR,46,49.71,7.25,31,65,DT8,NA,15.2,at PHI,6.8,2026-10-03
7633,22682,Kwity Paye,DL,LV,47,50.25,8.39,33,79,DE29,NA,15.2,vs. KC,1.5,2026-10-03
10888,24703,Jalen Carter,DL,PHI,48,48.57,6.31,40,67,DT9,NA,14.6,vs. LAR,15.1,2026-10-03
10944,25478,Tavius Robinson,DL,BAL,50,51.26,10.08,44,96,DE31,NA,14.4,vs. TEN,1.2,2026-10-03
5847,18211,Dexter Lawrence,DL,CIN,51,52,9.31,34,71,DT10,NA,14.3,vs. JAC,7.5,2026-10-03
5297,17548,Zach Sieler,DL,MIA,52,55.08,15.12,40,102,DT11,NA,14.1,at MIN,2.6,2026-10-03
2064,12217,DeMarcus Lawrence,DL,SEA,53,57.46,8.84,48,79,DE32,NA,14.1,vs. LAC,8.6,2026-10-03
5841,18202,Ed Oliver,DL,BUF,54,57.77,5.37,49,67,DT12,NA,14.0,vs. NE,6.1,2026-10-03
3558,15620,Chris Jones,DL,KC,55,57.85,7.23,51,76,DT13,NA,13.9,at LV,5.6,2026-10-03
7711,22784,Tommy Togiai,DL,HOU,57,51.2,7.14,40,61,DT14,NA,13.8,vs. DAL,7.3,2026-10-03
10943,25299,Isaiah McGuire,DL,CLE,59,62.45,12.96,52,101,DT15,NA,13.6,vs. PIT,0.8,2026-10-03
4032,16371,Jonathan Allen,DL,CIN,60,64.45,22.24,19,108,DT16,NA,13.5,vs. JAC,3.8,2026-10-03
2227,12205,Aaron Donald,DL,LAR,61,66.91,19.75,42,112,DT17,NA,13.5,at PHI,19.7,2026-10-03
8343,23736,Boye Mafe,DL,CIN,62,58.8,10.75,41,75,DE33,NA,13.3,vs. JAC,9.7,2026-10-03
11668,26221,Byron Murphy,DL,SEA,63,69.73,15.52,56,107,DT18,NA,13.2,vs. LAC,5,2026-10-03
7695,22816,Osa Odighizuwa,DL,SF,64,69.1,6.46,60,85,DE34,NA,13.2,vs. DEN,1,2026-10-03
4969,17322,Vita Vea,DL,TB,67,75.8,14.36,64,115,DT20,NA,13.1,vs. GB,1.3,2026-10-03
8355,23484,Kayvon Thibodeaux,DL,NYG,68,67.33,27.51,30,118,DE36,NA,13.1,vs. ARI,8.9,2026-10-03
8269,22761,Jordan Davis,DL,PHI,70,81.6,16,65,116,DT21,NA,13.0,vs. LAR,5,2026-10-03
7679,22765,Alim McNeill,DL,DET,71,81,11.87,69,111,DT22,NA,13.0,at CAR,1,2026-10-03
11743,23782,Justin Eboigbe,DL,LAC,72,73.13,21.15,53,117,DT23,NA,12.9,at SEA,0.7,2026-10-03
11663,26105,Chop Robinson,DL,MIA,73,73.63,12.62,51,97,DE37,NA,12.9,at MIN,3.3,2026-10-03
6900,19276,Jonathan Greenard,DL,PHI,74,74.63,24.57,45,122,DE38,NA,12.8,vs. LAR,10.4,2026-10-03
4999,17363,Josh Sweat,DL,ARI,75,76.38,17.73,55,110,DE39,NA,12.8,at NYG,2.9,2026-10-03
8383,23737,Cameron Thomas,DL,ATL,77,70.71,16.61,51,105,DE41,NA,12.7,at NO,0.7,2026-10-03
7696,23209,Milton Williams,DL,NE,78,73.43,8.16,66,91,DT24,NA,12.6,at BUF,3.3,2026-10-03
11740,26184,Brandon Dorlus,DL,ATL,79,73.86,13.04,57,98,DT25,NA,12.5,at NO,0.6,2026-10-03
7693,23244,Chauncey Golston,DL,NYG,80,74,6.12,65,84,DT26,NA,12.5,vs. ARI,0.7,2026-10-03
10875,24709,Myles Murphy,DL,CIN,81,86.38,12.03,75,110,DE42,NA,12.5,vs. JAC,1.5,2026-10-03
5067,17279,Arden Key,DL,IND,82,81.86,15.11,64,104,DE43,NA,12.5,at WAS,0.8,2026-10-03
6800,19228,KLavon Chaisson,DL,WAS,83,84.43,11.21,68,99,DE44,NA,12.4,vs. IND,1.6,2026-10-03
3188,15596,Sheldon Rankins,DL,HOU,84,84.57,13.65,72,114,DT27,NA,12.3,vs. DAL,1.1,2026-10-03
10883,25254,Will McDonald,DL,NYJ,85,90.57,40.81,54,182,DE45,NA,12.2,at CHI,2.6,2026-10-03
7676,22773,Malcolm Koonce,DL,LV,86,90.29,37.32,35,139,DE46,NA,12.1,vs. KC,1.1,2026-10-03
10879,23865,Calijah Kancey,DL,TB,87,90.29,9.57,76,103,DT28,NA,12.1,vs. GB,5,2026-10-03
6921,19257,Josh Uche,DL,MIA,89,69.2,15.74,42,89,DE47,NA,12.0,at MIN,1.3,2026-10-03
8382,23487,Kingsley Enagbare,DL,NYJ,90,73.6,29.7,19,108,DE48,NA,11.9,at CHI,1.5,2026-10-03
6868,19355,DJ Wonnum,DL,DET,91,74,30.38,17,107,DE49,NA,11.9,at CAR,2,2026-10-03
4168,16580,Grover Stewart,DL,IND,93,76.2,4.62,72,85,DT30,NA,11.8,at WAS,2.2,2026-10-03
5330,17315,Dorance Armstrong,DL,WAS,96,79,10.95,66,97,DE51,NA,11.7,vs. IND,3.8,2026-10-03
4976,17281,DaRon Payne,DL,WAS,97,93.5,10.63,78,112,DT32,NA,11.7,vs. IND,1.4,2026-10-03
10911,24697,Derick Hall,DL,SEA,98,81.6,14.54,56,98,DE52,NA,11.6,vs. LAC,1.1,2026-10-03
11030,25434,Moro Ojomo,DL,PHI,99,86.6,15.74,77,118,DT33,NA,11.6,vs. LAR,0.7,2026-10-03
2592,14045,Grady Jarrett,DL,CHI,100,91.8,6.85,81,99,DT34,NA,11.5,vs. NYJ,1.2,2026-10-03
8347,23838,Eyioma Uwazurike,DL,DEN,101,96.4,19.1,78,129,DT35,NA,11.5,at SF,1,2026-10-03
6818,19272,Nnamdi Madubuike,DL,BAL,102,73.67,38.58,20,109,DT36,NA,11.5,vs. TEN,4,2026-10-03
10925,23786,Byron Young,DL,PHI,103,85.67,75.97,28,193,DT37,NA,11.5,vs. LAR,0.7,2026-10-03
7674,23254,Patrick Jones,DL,CAR,104,74.67,5.31,68,81,DE53,NA,11.5,vs. DET,0.9,2026-10-03
11015,22751,Dante Stills,DL,ARI,106,97.25,8.35,88,107,DT38,NA,11.4,at NYG,0.6,2026-10-03
5043,17512,Nathan Shepherd,DL,NO,108,97.75,8.5,90,112,DT39,NA,11.3,vs. ATL,0.8,2026-10-03
5466,17623,John Franklin-Myers,DL,TEN,111,112.6,8.06,103,127,DE55,NA,11.3,at BAL,1.2,2026-10-03
3218,15503,AShawn Robinson,DL,TB,112,112.8,36.2,44,144,DT42,NA,11.3,vs. GB,2.2,2026-10-03
5862,18223,Brian Burns,DL,NYG,113,49.5,3.5,46,53,DE56,NA,11.2,vs. ARI,39.5,2026-10-03
8270,23757,Devonte Wyatt,DL,GB,114,103.75,13.97,90,126,DT43,NA,11.2,at TB,1.6,2026-10-03
7018,19536,Malcolm Roach,DL,DEN,116,94,8.49,82,100,DT44,NA,11.2,at SF,1.5,2026-10-03
6972,19258,Davon Hamilton,DL,JAX,118,111.75,42.1,46,150,DT46,NA,11.1,at CIN,0.9,2026-10-03
7678,22696,Joseph Ossai,DL,NYJ,119,113.25,42.36,67,157,DE57,NA,11.1,at CHI,0.8,2026-10-03
7664,22691,Christian Barmore,DL,NE,124,107,42.5,74,167,DT51,NA,11.0,at BUF,0.7,2026-10-03
7799,22874,Roy Lopez,DL,ARI,125,105.33,14.29,88,123,DT52,NA,11.0,at NYG,0.6,2026-10-03
7649,22883,Dayo Odeyingbo,DL,CHI,126,121.25,2.77,119,126,DE58,NA,11.0,vs. NYJ,0.9,2026-10-03
10899,25246,Gervon Dexter,DL,ATL,127,109.33,16.05,87,124,DT53,NA,11.0,at NO,1,2026-10-03
10904,25281,Keion White,DL,SF,129,110.33,13.27,92,123,DE59,NA,10.9,vs. DEN,0.7,2026-10-03
7231,19919,LaCale London,DL,ATL,130,112.33,35.86,85,163,DT55,NA,10.9,at NO,0.6,2026-10-03
5049,17343,Harrison Phillips,DL,NYJ,131,112,4.97,108,119,DT56,NA,10.9,at CHI,0.8,2026-10-03
11677,26195,Braden Fiske,DL,LAR,132,114.33,36,72,160,DT57,NA,10.8,at PHI,0.7,2026-10-03
5934,18284,Charles Omenihu,DL,WAS,135,118.67,4.03,113,122,DE60,NA,10.6,vs. IND,0.7,2026-10-03
4259,16715,Al-Quadin Muhammad,DL,TB,136,120,33.26,73,145,DE61,NA,10.6,vs. GB,0.7,2026-10-03
8331,23900,Otito Ogbonnia,DL,DAL,137,103.5,7.5,96,111,DT59,NA,10.5,at HOU,0.7,2026-10-03
10872,25244,Felix Anudike-Uzomah,DL,KC,138,121.67,27.96,90,158,DE62,NA,10.5,at LV,0.7,2026-10-03
125,10585,Calais Campbell,DL,BAL,140,122.67,33.73,75,148,DE63,NA,10.4,vs. TEN,2,2026-10-03
6864,19326,Khalid Kareem,DL,SF,143,107,7,100,114,DE65,NA,10.3,vs. DEN,0.7,2026-10-03
8368,23746,Sam Williams,DL,CLE,147,129,28.28,109,169,DE66,NA,10.2,vs. PIT,0.7,2026-10-03
2322,13918,Arik Armstead,DL,JAX,148,126,9.27,113,134,DT61,NA,10.2,at CIN,0.9,2026-10-03
3236,15533,Maliek Collins,DL,CLE,155,116.5,11.5,105,128,DT64,NA,9.9,vs. PIT,1.6,2026-10-03
10901,25432,Keeanu Benton,DL,PIT,157,119,2,117,121,DT65,NA,9.9,at CLE,1,2026-10-03
3186,15535,Kenny Clark,DL,DAL,158,122,3,119,125,DT66,NA,9.8,at HOU,0.8,2026-10-03
10934,23485,Zach Harrison,DL,ATL,159,143,54,89,197,DE71,NA,9.8,at NO,1.2,2026-10-03
10889,25237,Tyree Wilson,DL,NO,162,159.5,64.5,95,224,DE72,NA,9.7,vs. ATL,1.5,2026-10-03
4278,16724,DJ Jones,DL,DEN,163,127.5,28.5,99,156,DT67,NA,9.7,at SF,0.8,2026-10-03
11796,26477,Khristian Boyd,DL,NO,167,158.5,53.5,105,212,DT69,NA,9.5,vs. ATL,1,2026-10-03
11819,26502,Levi Drake Rodriguez,DL,MIN,168,133.5,1.5,132,135,DT70,NA,9.4,vs. MIA,0.8,2026-10-03
11009,25250,Karl Brooks,DL,GB,169,134.5,1.5,133,136,DT71,NA,9.4,at TB,0.6,2026-10-03
11698,26132,Maason Smith,DL,ATL,170,152,40,112,192,DT72,NA,9.3,at NO,0.7,2026-10-03
11691,26206,TVondre Sweat,DL,NYJ,171,135.5,1.5,134,137,DT73,NA,9.2,at CHI,0.8,2026-10-03
8400,23799,Travis Jones,DL,BAL,174,136.5,1.5,135,138,DT75,NA,9.2,vs. TEN,1.2,2026-10-03
6792,19206,Javon Kinlaw,DL,WAS,175,138,17,121,155,DT76,NA,9.1,vs. IND,0.7,2026-10-03
4207,16513,Davon Godchaux,DL,NO,176,156.5,38.5,118,195,DT77,NA,9.1,vs. ATL,1,2026-10-03
4415,16796,Adam Butler,DL,LV,177,150,30,120,180,DT78,NA,9.1,vs. KC,1.5,2026-10-03
957,9886,Cameron Jordan,DL,NO,178,139.5,1.5,138,141,DE74,NA,9.1,vs. ATL,1.8,2026-10-03
7342,20024,Michael Hoecht,DL,BUF,180,157.5,33.5,124,191,DT80,NA,9.0,vs. NE,0.6,2026-10-03
3322,15758,DJ Reader,DL,NYG,182,144.5,1.5,143,146,DT81,NA,8.8,vs. ARI,0.7,2026-10-03
7443,19561,Teair Tart,DL,LAC,183,145.5,1.5,144,147,DT82,NA,8.8,at SEA,0.8,2026-10-03
3220,15540,Jarran Reed,DL,SEA,184,147.5,1.5,146,149,DT83,NA,8.7,vs. LAC,1,2026-10-03
4960,17311,Roquan Smith,LB,BAL,1,3.17,3.01,1,15,LB1,NA,19.9,vs. TEN,88.9,2026-10-03
5041,17526,Fred Warner,LB,SF,2,3.5,1.53,2,8,LB2,NA,19.4,vs. DEN,90.3,2026-10-03
6949,19292,Jordyn Brooks,LB,MIA,3,3.67,4.62,1,19,LB3,NA,19.3,at MIN,70.6,2026-10-03
6217,18421,Blake Cashman,LB,MIN,4,4.67,1.6,2,10,LB4,NA,18.9,vs. MIA,56.6,2026-10-03
12578,27236,Carson Schwesinger,LB,CLE,5,6.67,2.7,3,14,LB5,NA,18.7,vs. PIT,75.5,2026-10-03
13453,28195,Jacob Rodriguez,LB,MIA,6,6.83,4.26,1,18,LB6,NA,18.6,at MIN,20.5,2026-10-03
8267,23702,Nakobe Dean,LB,LV,7,7.79,2.74,2,13,LB7,NA,18.4,vs. KC,81.8,2026-10-03
7672,23245,Ernest Jones,LB,SEA,8,8.17,1.57,5,11,LB8,NA,18.4,vs. LAC,47.5,2026-10-03
7648,22689,Nick Bolton,LB,KC,9,9.29,1.34,8,14,LB9,NA,18.3,at LV,80.1,2026-10-03
13365,27954,Anthony Hill,LB,TEN,10,10.17,5.59,4,33,LB10,NA,18.2,at BAL,23.1,2026-10-03
10880,25435,Jack Campbell,LB,DET,11,11.04,2.94,4,19,LB11,NA,18.1,at CAR,85,2026-10-03
2617,14399,Alex Singleton,LB,DEN,12,13.46,3,10,22,LB12,NA,18.1,at SF,40.9,2026-10-03
11687,26137,Edgerrin Cooper,LB,GB,13,14.38,4.72,6,31,LB13,NA,18.0,at TB,36.7,2026-10-03
5332,17607,Foyesade Oluokun,LB,JAX,14,15.75,2.95,10,24,LB14,NA,17.9,at CIN,66.3,2026-10-03
8266,23729,Quay Walker,LB,LV,15,15.88,1.56,13,20,LB15,NA,17.9,vs. KC,37.9,2026-10-03
12566,27051,Jihaad Campbell,LB,PHI,16,17.79,2.34,12,23,LB16,NA,17.6,vs. LAR,19.2,2026-10-03
6302,18716,Kaden Elliss,LB,NO,17,21.21,4.39,14,31,LB17,NA,17.6,vs. ATL,16.2,2026-10-03
8659,24674,Nate Landman,LB,LAR,18,22.58,6.14,14,42,LB18,NA,17.6,at PHI,34.5,2026-10-03
4968,17342,Tremaine Edmunds,LB,NYG,19,22.67,4.2,19,41,LB19,NA,17.6,vs. ARI,18.3,2026-10-03
8311,23772,Terrel Bernard,LB,BUF,20,23.13,3.6,20,38,LB20,NA,17.4,vs. NE,23.8,2026-10-03
6815,19238,Zack Baun,LB,PHI,21,12.32,5.34,3,32,LB21,NA,17.4,vs. LAR,63.4,2026-10-03
4413,16691,Eric Wilson,LB,MIN,22,24.71,4.06,17,39,LB22,NA,17.2,vs. MIA,9,2026-10-03
5726,18103,Robert Spillane,LB,NE,23,25.79,6.77,17,49,LB23,NA,17.1,at BUF,25.1,2026-10-03
8329,23710,Devin Lloyd,LB,CAR,24,26.67,15.67,2,64,LB24,NA,17.0,vs. DET,57.5,2026-10-03
12646,26108,Barrett Carter,LB,CIN,25,27.08,4.15,22,41,LB25,NA,17.0,vs. JAC,11,2026-10-03
12617,27299,Demetrius Knight,LB,CIN,26,28.63,3.55,23,38,LB26,NA,16.9,vs. JAC,38.1,2026-10-03
7841,23194,Jamien Sherwood,LB,NYJ,27,29.42,6.19,17,47,LB27,NA,16.6,at CHI,30.8,2026-10-03
1052,11293,Demario Davis,LB,NYJ,28,29.58,4.6,18,36,LB28,NA,16.6,at CHI,12.9,2026-10-03
6860,19261,Akeem Davis-Gaither,LB,IND,29,29.67,5.1,22,45,LB29,NA,16.6,at WAS,11.1,2026-10-03
8680,24690,Jack Gibbens,LB,ARI,30,31,6.22,18,47,LB30,NA,16.5,at NYG,6.7,2026-10-03
13377,28053,Arvell Reese,LB,NYG,31,31.04,5.65,16,44,LB31,NA,16.3,vs. ARI,27.6,2026-10-03
11470,25905,Drake Thomas,LB,SEA,32,31.75,5.42,19,43,LB32,NA,16.2,vs. LAC,8.2,2026-10-03
11727,26183,Payton Wilson,LB,PIT,33,33.08,2.68,27,38,LB33,NA,16.1,at CLE,8.7,2026-10-03
6807,19421,Patrick Queen,LB,PIT,34,35.5,2.84,30,43,LB34,NA,15.9,at CLE,15,2026-10-03
6485,18361,Azeez Al-Shaair,LB,HOU,35,20.52,3.1,16,27,LB35,NA,15.9,vs. DAL,19.1,2026-10-03
13375,27216,Sonny Styles,LB,WAS,36,36.25,5.72,24,48,LB36,NA,15.9,vs. IND,48.9,2026-10-03
5346,17563,Zaire Franklin,LB,GB,37,37.33,4.84,27,50,LB37,NA,15.9,at TB,21.3,2026-10-03
6131,18251,Mack Wilson,LB,ARI,38,37.63,6.48,30,60,LB38,NA,15.8,at NYG,6.3,2026-10-03
10914,25436,Daiyan Henley,LB,LAC,39,38.79,4.99,25,54,LB39,NA,15.8,at SEA,24.3,2026-10-03
5843,18237,Devin Bush,LB,CHI,40,38.83,5.45,24,49,LB40,NA,15.7,vs. NYJ,27,2026-10-03
7726,23210,Derrick Barnes,LB,DET,41,40.25,9.51,13,55,LB41,NA,15.7,at CAR,16.1,2026-10-03
7921,23367,Christian Elliss,LB,NE,42,41.63,6.25,28,59,LB42,NA,15.6,at BUF,12.4,2026-10-03
5960,18281,TJ Edwards,LB,CHI,43,42.5,6.3,31,62,LB43,NA,15.6,vs. NYJ,10.7,2026-10-03
6141,18459,Drue Tranquill,LB,KC,44,44.21,3.08,37,52,LB44,NA,15.5,at LV,16.4,2026-10-03
5944,18678,Bobby Okereke,LB,CAR,45,46.42,11.14,17,77,LB45,NA,15.4,vs. DET,10.8,2026-10-03
4070,16469,TJ Watt,LB,PIT,46,46.5,4.04,38,59,LB46,NA,15.2,at CLE,67.1,2026-10-03
7677,23208,Divine Deablo,LB,ATL,47,48.83,5.14,42,66,LB47,NA,15.2,at NO,16.7,2026-10-03
6214,18679,Quincy Williams,LB,CLE,48,47.48,7.09,34,69,LB48,NA,14.6,vs. PIT,9.6,2026-10-03
6183,18573,Andrew Van Ginkel,LB,MIN,49,49.57,3.67,44,58,LB49,NA,14.4,vs. MIA,51.8,2026-10-03
6056,18310,Dre Greenlaw,LB,SF,50,52.65,7.76,46,79,LB50,NA,14.4,vs. DEN,4.2,2026-10-03
4118,16720,Alex Anzalone,LB,TB,51,53.53,6.94,43,72,LB51,NA,14.3,vs. GB,9.7,2026-10-03
10947,23477,Ventrell Miller,LB,JAX,52,51.27,7.95,41,74,LB52,NA,14.1,at CIN,15.9,2026-10-03
7113,19316,Alex Highsmith,LB,PIT,53,57.27,7.2,48,71,LB53,NA,14.1,at CLE,21.3,2026-10-03
10935,24716,Trenton Simpson,LB,BAL,54,59.29,16.34,33,105,LB54,NA,14.0,vs. TEN,1.2,2026-10-03
11017,25579,Dee Winters,LB,DAL,55,59.57,9.48,44,83,LB55,NA,13.9,at HOU,4.4,2026-10-03
10923,25453,Dorian Williams,LB,BUF,56,59,9.06,42,84,LB56,NA,13.8,vs. NE,2.4,2026-10-03
8349,24004,Jake Hansen,LB,HOU,57,54.92,8.93,38,78,LB57,NA,13.8,vs. DAL,1,2026-10-03
13379,28077,Josiah Trotter,LB,TB,58,38.6,14.26,13,56,LB58,NA,13.7,vs. GB,23.5,2026-10-03
7647,22809,Pete Werner,LB,NO,60,61,8.59,51,79,LB59,NA,13.5,vs. ATL,4.3,2026-10-03
13381,28200,Jaishawn Barham,LB,DAL,61,61.17,16.21,35,88,LB60,NA,13.5,at HOU,8.2,2026-10-03
6977,19520,Justin Strnad,LB,DEN,65,67.55,7.27,59,86,LB61,NA,13.2,at SF,1.8,2026-10-03
12140,26730,Omar Speights,LB,LAR,66,71.27,9.47,59,89,LB62,NA,13.1,at PHI,2.4,2026-10-03
11742,26168,Cedric Gray,LB,TEN,67,68.4,11.83,56,90,LB63,NA,13.1,at BAL,24.6,2026-10-03
6065,18542,Cody Barton,LB,TEN,70,75.3,9.9,63,94,LB64,NA,13.0,at BAL,2.5,2026-10-03
11777,26465,Jaylon Carlies,LB,IND,72,73.22,7.9,65,88,LB65,NA,12.9,at WAS,0.8,2026-10-03
6348,18858,DelShawn Phillips,LB,LAC,75,76.89,7.84,67,91,LB66,NA,12.8,at SEA,0.8,2026-10-03
4967,17277,Bradley Chubb,LB,BUF,77,74.5,6.6,66,84,LB67,NA,12.7,vs. NE,7.1,2026-10-03
10940,25464,Nick Herbig,LB,PIT,81,79.63,10.7,63,94,LB69,NA,12.5,at CLE,5.8,2026-10-03
2036,12169,Khalil Mack,LB,LAC,82,81.38,8.08,73,94,LB70,NA,12.5,at SEA,4.7,2026-10-03
5580,17963,Frankie Luvu,LB,WAS,83,77,19.18,57,116,LB71,NA,12.4,vs. IND,5.7,2026-10-03
5839,18209,Rashan Gary,LB,DAL,84,87.13,6.13,77,98,LB72,NA,12.3,at HOU,11.4,2026-10-03
10980,23990,SirVocea Dennis,LB,TB,86,91.38,29.39,74,168,LB73,NA,12.1,vs. GB,4.8,2026-10-03
13555,27021,Harold Perkins,LB,ATL,88,91.63,8.72,80,103,LB74,NA,12.0,at NO,1,2026-10-03
12640,27146,Teddye Buchanan,LB,BAL,90,94.13,22.94,76,153,LB75,NA,11.9,vs. TEN,2,2026-10-03
13481,28255,Bryce Boettcher,LB,IND,91,100.89,16.03,86,136,LB76,NA,11.9,at WAS,1.1,2026-10-03
10933,25314,DeMarvion Overshown,LB,DAL,93,71.8,10.42,60,89,LB77,NA,11.8,at HOU,7.7,2026-10-03
13388,27970,CJ Allen,LB,IND,94,103.25,26.37,80,171,LB78,NA,11.7,at WAS,10.9,2026-10-03
7346,19713,Christian Rozeboom,LB,TB,96,97,32.85,70,169,LB79,NA,11.7,vs. GB,1.8,2026-10-03
8334,23822,Malcolm Rodriguez,LB,DET,97,100.71,18.35,84,142,LB80,NA,11.7,at CAR,1.3,2026-10-03
12684,27533,Kain Medrano,LB,WAS,99,86,23.64,58,118,LB81,NA,11.6,vs. IND,0.7,2026-10-03
6941,19269,Troy Dye,LB,LAC,102,92.2,29.39,49,128,LB82,NA,11.5,at SEA,0.9,2026-10-03
7023,19480,Willie Gay,LB,MIA,103,94.6,16.13,69,115,LB83,NA,11.5,at MIN,1.7,2026-10-03
12650,27031,Danny Stutsman,LB,NO,104,95.6,39.09,46,143,LB84,NA,11.5,vs. ATL,0.7,2026-10-03
2427,14060,ZaDarius Smith,LB,ATL,107,108,15.21,87,127,LB85,NA,11.4,at NO,1.9,2026-10-03
13520,28473,Jaden Dugger,LB,SF,110,107.2,12.98,92,125,LB87,NA,11.3,vs. DEN,1,2026-10-03
11752,20632,Jeremiah Trotter,LB,PHI,112,61.5,20.5,41,82,LB89,NA,11.3,vs. LAR,0.8,2026-10-03
6315,18584,Tyrel Dodson,LB,CAR,115,117,30.7,96,170,LB90,NA,11.2,vs. DET,2.8,2026-10-03
13490,28323,Wade Woodaz,LB,HOU,119,87.5,31.5,56,119,LB92,NA,11.1,vs. DAL,1,2026-10-03
8367,23806,DMarco Jackson,LB,CHI,131,118.67,3.3,114,121,LB93,NA,10.9,vs. NYJ,0.8,2026-10-03
7821,23206,Garret Wallow,LB,SF,132,110,4,106,114,LB94,NA,10.7,vs. DEN,0.8,2026-10-03
11086,25452,Ivan Pace,LB,MIN,133,120.5,36.5,84,157,LB95,NA,10.3,vs. MIA,1.3,2026-10-03
7637,22698,Zaven Collins,LB,ARI,135,122,1,121,123,LB96,NA,10.1,at NYG,1.4,2026-10-03
5158,17906,Dennis Gardeck,LB,JAX,136,126.5,3.5,123,130,LB97,NA,10.0,at CIN,0.8,2026-10-03
5061,17448,Uchenna Nwosu,LB,SEA,137,127.5,3.5,124,131,LB98,NA,10.0,vs. LAC,1.7,2026-10-03
11348,25793,Trevor Nowaske,LB,DET,139,131,6,125,137,LB99,NA,9.9,at CAR,1,2026-10-03
5378,17629,Jacob Martin,LB,TEN,145,135,4,131,139,LB100,NA,9.8,at BAL,1.2,2026-10-03
4170,16734,Samson Ebukam,LB,ATL,146,136,4,132,140,LB101,NA,9.8,at NO,0.9,2026-10-03
2130,12171,Kyle Van Noy,LB,MIN,149,150.5,14.5,136,165,LB102,NA,9.7,vs. MIA,3.3,2026-10-03
8339,23494,Kyle Hamilton,DB,BAL,1,1.38,1.07,1,6,S1,NA,19.9,vs. TEN,75.2,2026-10-03
8330,24302,Quentin Lake,DB,LAR,2,2.33,0.9,1,4,S2,NA,19.4,at PHI,25.4,2026-10-03
4081,16733,Budda Baker,DB,ARI,3,3.58,2.06,2,11,S3,NA,19.3,at NYG,42.7,2026-10-03
4971,17310,Derwin James,DB,LAC,4,5.04,1.97,3,12,S4,NA,18.9,at SEA,46.1,2026-10-03
10927,23471,Jordan Battle,DB,CIN,6,7.17,3.01,5,15,S6,NA,18.6,vs. JAC,19.7,2026-10-03
7016,19429,Jeremy Chinn,DB,LV,7,7.38,2.06,3,11,S7,NA,18.4,vs. KC,27.3,2026-10-03
7811,22817,Talanoa Hufanga,DB,DEN,8,8.75,2.2,3,13,S8,NA,18.4,at SF,34.7,2026-10-03
11705,23751,Tykee Smith,DB,TB,9,9.63,2.66,5,17,S9,NA,18.3,vs. GB,34.6,2026-10-03
5908,18589,Amani Hooker,DB,TEN,10,10.96,3.85,6,22,S10,NA,18.2,at BAL,8.3,2026-10-03
6888,19266,Antoine Winfield,DB,TB,12,13.13,3.33,7,22,S12,NA,18.1,vs. GB,18.7,2026-10-03
11739,26131,Evan Williams,DB,GB,14,14.46,2.47,10,22,S14,NA,17.9,at TB,13.6,2026-10-03
5017,17544,Jessie Bates,DB,ATL,15,14.83,4.51,9,32,S15,NA,17.9,at NO,12,2026-10-03
7136,19459,Kam Curl,DB,LAR,16,18.04,5.46,7,38,S16,NA,17.6,at PHI,29.5,2026-10-03
8314,23721,Jalen Pitre,DB,HOU,17,18.83,5.73,13,38,S17,NA,17.6,vs. DAL,13.9,2026-10-03
11678,26103,Cooper DeJean,DB,PHI,18,18.88,3.94,10,34,CB1,NA,17.6,vs. LAR,36,2026-10-03
6911,19248,Brandon Jones,DB,DEN,20,21.46,3.63,12,28,S19,NA,17.4,at SF,6.8,2026-10-03
8323,23719,Jaquan Brisker,DB,PIT,21,21.58,2.36,18,30,S20,NA,17.4,at CLE,12.9,2026-10-03
7659,22699,Trevon Moehrig,DB,CAR,22,22.83,6.48,15,48,S21,NA,17.2,vs. DET,16.9,2026-10-03
6901,19580,Joshua Metellus,DB,MIN,23,23.63,1.49,21,28,S22,NA,17.1,vs. MIA,9.7,2026-10-03
10891,25243,Devon Witherspoon,DB,SEA,24,25.17,3.36,13,33,CB2,NA,17.0,vs. LAC,21.4,2026-10-03
6788,19216,Xavier McKinney,DB,GB,25,27.21,3.3,24,37,S23,NA,17.0,at TB,20,2026-10-03
11682,26229,Cole Bishop,DB,BUF,26,27.25,3.34,18,36,S24,NA,16.9,vs. NE,14.9,2026-10-03
11685,26118,Kamari Lassiter,DB,HOU,27,28.67,2.73,19,33,CB3,NA,16.6,vs. DAL,23.1,2026-10-03
3233,15635,Kevin Byard,DB,NE,28,29.42,3.59,21,40,S25,NA,16.6,at BUF,19,2026-10-03
6416,18576,Andrew Wingard,DB,ARI,30,31.29,4.35,16,37,S27,NA,16.5,at NYG,4.6,2026-10-03
6799,19203,Grant Delpit,DB,CLE,31,31.58,4.65,27,50,S28,NA,16.3,vs. PIT,5,2026-10-03
7715,22757,Cam Bynum,DB,IND,32,33.46,5.55,25,51,S29,NA,16.2,at WAS,5.9,2026-10-03
8333,23747,Alontae Taylor,DB,TEN,33,34.5,5.24,26,52,CB4,NA,16.1,at BAL,8.7,2026-10-03
4224,16558,Chuck Clark,DB,DET,34,35,5.56,17,46,S30,NA,15.9,at CAR,4.7,2026-10-03
5893,18649,CJ Gardner-Johnson,DB,BUF,35,35.54,5.02,27,55,S31,NA,15.9,vs. NE,2.6,2026-10-03
8286,24197,Daxton Hill,DB,CIN,36,35.67,3.6,28,44,S32,NA,15.9,vs. JAC,10.8,2026-10-03
10936,25258,JiAyir Brown,DB,SF,38,40.5,3.11,38,53,S34,NA,15.8,vs. DEN,1.4,2026-10-03
8406,22754,Reed Blankenship,DB,HOU,39,41.13,4.58,30,52,S35,NA,15.8,vs. DAL,5.1,2026-10-03
7666,22690,Jevon Holland,DB,NYG,40,41.58,7.42,15,52,S36,NA,15.7,vs. ARI,12.4,2026-10-03
3160,15491,Jalen Ramsey,DB,PIT,41,43.88,6,36,63,CB5,NA,15.7,at CLE,4.2,2026-10-03
10974,24719,Antonio Johnson,DB,JAX,42,45.04,3.63,42,57,S37,NA,15.6,at CIN,1.6,2026-10-03
5864,18220,Byron Murphy,DB,MIN,43,46.79,5.87,41,68,CB6,NA,15.6,vs. MIA,6.2,2026-10-03
7117,19671,LJarius Sneed,DB,KC,44,46.92,14.49,33,94,CB7,NA,15.5,at LV,1.7,2026-10-03
11728,26231,Jaden Hicks,DB,KC,46,51.54,25.33,34,152,S39,NA,15.2,at LV,1,2026-10-03
4071,16390,Marlon Humphrey,DB,BAL,48,49.13,3.52,43,59,CB8,NA,14.6,vs. TEN,5.8,2026-10-03
6333,18495,Keisean Nixon,DB,GB,49,51.3,4.63,43,64,CB9,NA,14.4,at TB,6.7,2026-10-03
7698,22715,Andre Cisco,DB,NYJ,50,57.83,22.99,39,147,S41,NA,14.4,at CHI,1,2026-10-03
8395,23914,Dane Belton,DB,NYJ,51,51.58,7.53,35,58,S42,NA,14.3,at CHI,13.7,2026-10-03
10930,25459,Riley Moss,DB,DEN,53,53.5,10.96,33,78,CB10,NA,14.1,at SF,3.3,2026-10-03
5036,17320,Justin Reid,DB,NO,55,56.08,10.27,47,87,S44,NA,13.9,vs. ATL,2,2026-10-03
11427,25867,Christian Izien,DB,DET,56,53.73,24.39,34,119,S45,NA,13.8,at CAR,1.1,2026-10-03
5792,17766,Jeremy Reaves,DB,WAS,57,56.2,7.81,35,64,S46,NA,13.8,vs. IND,3.5,2026-10-03
11674,26117,Tyler Nubin,DB,NYG,58,60.5,19.71,44,103,S47,NA,13.7,vs. ARI,2.8,2026-10-03
8364,23492,Trent McDuffie,DB,LAR,59,60.5,4.9,48,66,CB12,NA,13.6,at PHI,14.4,2026-10-03
11352,25796,Ronnie Hickman,DB,CLE,60,64.2,12.72,39,95,S48,NA,13.5,vs. PIT,2.3,2026-10-03
8476,24551,DaRon Bland,DB,DAL,63,67.9,8.19,50,77,CB14,NA,13.2,at HOU,7.9,2026-10-03
8399,24864,Markquese Bell,DB,DAL,64,59.11,9.15,50,82,S50,NA,13.2,at HOU,0.7,2026-10-03
8384,24498,Zyon McCollum,DB,TB,65,70.1,6.07,60,83,CB15,NA,13.2,vs. GB,3.5,2026-10-03
11700,26164,Andru Phillips,DB,NYG,66,71.3,27.14,51,145,CB16,NA,13.1,vs. ARI,1.1,2026-10-03
8294,23854,Bryan Cook,DB,CIN,68,79.22,11.94,59,107,S52,NA,13.1,vs. JAC,1.6,2026-10-03
4129,16632,Jourdan Lewis,DB,JAX,70,87.67,35.4,65,153,CB18,NA,13.0,at CIN,0.8,2026-10-03
8838,23939,Isaiah Pola-Mao,DB,LV,71,79.38,11.93,70,110,S53,NA,13.0,vs. KC,8.2,2026-10-03
6314,18724,Cam Lewis,DB,CHI,72,81.75,16.69,68,125,CB19,NA,12.9,vs. NYJ,2.5,2026-10-03
11676,26126,Mike Sainristil,DB,WAS,74,92.78,28.09,74,168,CB21,NA,12.8,vs. IND,2.8,2026-10-03
10903,25461,Jartavius Martin,DB,WAS,75,93.78,24.66,75,154,S54,NA,12.8,vs. IND,1.7,2026-10-03
10949,25509,Chamarri Conner,DB,KC,77,89.5,39.31,62,185,S56,NA,12.7,at LV,24.3,2026-10-03
5876,18243,Julian Love,DB,SEA,79,46.6,38.1,5,99,S57,NA,12.5,vs. LAC,23,2026-10-03
6896,19364,Amik Robertson,DB,WAS,82,57.5,24.72,31,98,CB24,NA,12.5,vs. IND,4.8,2026-10-03
5341,17431,Taron Johnson,DB,LV,84,69.25,15.8,51,94,CB26,NA,12.3,vs. KC,2.3,2026-10-03
10897,25263,Tyrique Stevenson,DB,CHI,85,91.2,27.94,76,147,CB27,NA,12.2,vs. NYJ,3.6,2026-10-03
5372,17375,DJ Reed,DB,DET,86,44,5.35,37,50,CB28,NA,12.1,at CAR,3.8,2026-10-03
6791,19218,CJ Henderson,DB,ATL,87,79,31.66,27,106,CB29,NA,12.1,at NO,1.5,2026-10-03
4180,16616,Rayshawn Jenkins,DB,PIT,88,79.75,29.45,46,126,S58,NA,12.0,at CLE,0.7,2026-10-03
6711,19108,Jalen Thompson,DB,DAL,89,51.67,15.41,31,68,S59,NA,12.0,at HOU,7,2026-10-03
7816,23289,Jason Pinnock,DB,NYG,91,101.8,41.21,78,184,S60,NA,11.9,vs. ARI,0.7,2026-10-03
11662,26106,Quinyon Mitchell,DB,PHI,93,85,26.78,42,112,CB32,NA,11.8,vs. LAR,1.7,2026-10-03
10881,25238,Christian Gonzalez,DB,NE,94,59,8.6,49,70,CB33,NA,11.7,at BUF,14.8,2026-10-03
11686,26121,Javon Bullard,DB,GB,95,89.25,38.7,34,128,S61,NA,11.7,at TB,1,2026-10-03
7069,19379,Alohi Gilman,DB,KC,96,65,18.38,52,91,S62,NA,11.7,at LV,4,2026-10-03
5946,18583,Jamel Dean,DB,PIT,100,75.33,3.68,71,80,CB36,NA,11.5,at CLE,1.9,2026-10-03
11693,25366,Max Melton,DB,ARI,102,77.67,48,32,144,CB37,NA,11.5,at NYG,0.6,2026-10-03
8275,22720,Josh Jobe,DB,SEA,104,78.33,3.77,73,81,CB38,NA,11.5,vs. LAC,1.6,2026-10-03
7044,19394,Julian Blackmon,DB,NO,105,80.67,24.69,58,115,S66,NA,11.4,vs. ATL,0.9,2026-10-03
11697,26451,Renardo Green,DB,SF,106,81.33,19.6,57,105,CB39,NA,11.4,vs. DEN,1.3,2026-10-03
11656,26100,Nate Wiggins,DB,BAL,107,81.33,7.85,71,90,CB40,NA,11.4,vs. TEN,7.2,2026-10-03
7058,19769,Jaylinn Hawkins,DB,BAL,108,83.67,16.86,60,98,S67,NA,11.3,vs. TEN,0.7,2026-10-03
3268,15653,Eric Murray,DB,JAX,109,85.67,9.39,74,97,CB41,NA,11.3,at CIN,1,2026-10-03
11710,26111,Calen Bullock,DB,HOU,110,87.67,46.45,23,130,S68,NA,11.3,vs. DAL,1.6,2026-10-03
8308,23498,Derek Stingley,DB,HOU,111,90.33,8.22,81,101,CB42,NA,11.3,vs. DAL,3.7,2026-10-03
8359,23890,Marcus Jones,DB,NE,112,91.33,18.01,67,110,CB43,NA,11.3,at BUF,23.1,2026-10-03
4964,17314,Denzel Ward,DB,CLE,113,93.67,14.52,78,113,CB44,NA,11.2,vs. PIT,1.1,2026-10-03
7641,23609,Patrick Surtain,DB,DEN,115,95.33,9.57,82,104,CB46,NA,11.2,at SF,8.7,2026-10-03
8290,23472,Ahmad Gardner,DB,IND,116,98,15.9,83,120,CB47,NA,11.2,at WAS,2.5,2026-10-03
8303,23713,Roger McCreary,DB,DET,117,67.5,20.5,47,88,CB48,NA,11.2,at CAR,1.5,2026-10-03
4982,17335,Mike Hughes,DB,ATL,119,69,10,59,79,CB50,NA,11.1,at NO,0.9,2026-10-03
8374,23881,Tariq Woolen,DB,PHI,121,104.67,13.27,87,119,CB52,NA,11.1,vs. LAR,1.1,2026-10-03
8487,24565,Christian Benford,DB,BUF,122,105.33,4.19,101,111,CB53,NA,11.1,vs. NE,1.2,2026-10-03
7133,19821,Isaiah Rodgers,DB,MIN,123,75,4,71,79,CB54,NA,11.1,vs. MIA,1.3,2026-10-03
11675,26098,Kool-Aid McKinstry,DB,NO,124,76,9,67,85,CB55,NA,11.0,vs. ATL,8.4,2026-10-03
7819,19282,Deommodore Lenoir,DB,SF,125,76,4,72,80,CB56,NA,11.0,vs. DEN,1.6,2026-10-03
8373,24291,Jaylen Watson,DB,LAR,126,77.5,0.5,77,78,CB57,NA,11.0,at PHI,1.5,2026-10-03
5054,17318,Carlton Davis,DB,NE,127,81,5,76,86,CB58,NA,11.0,at BUF,1.7,2026-10-03
11836,26347,Myles Harden,DB,CLE,128,125,31.46,83,161,CB59,NA,11.0,vs. PIT,0.7,2026-10-03
8752,24819,JaQuan McMillian,DB,DEN,130,112,26.19,75,132,CB61,NA,11.0,at SF,1,2026-10-03
11749,26233,Cam Hart,DB,LAC,131,113.67,12.39,100,130,CB62,NA,10.9,at SEA,0.8,2026-10-03
7685,14469,Brandon Stephens,DB,NYJ,133,91.5,17.5,74,109,CB64,NA,10.9,at CHI,1.2,2026-10-03
7667,22706,Tyson Campbell,DB,CLE,135,92.5,15.5,77,108,CB66,NA,10.8,vs. PIT,5.7,2026-10-03
7628,22708,Eric Stokes,DB,LV,136,119.33,11.47,106,134,CB67,NA,10.7,vs. KC,0.7,2026-10-03
7630,23238,Greg Newsome,DB,NYG,137,104,8,96,112,CB68,NA,10.6,vs. ARI,0.6,2026-10-03
11779,26467,Tarheeb Still,DB,LAC,138,105.5,2.5,103,108,CB69,NA,10.6,at SEA,1.3,2026-10-03
10894,25262,DJ Turner,DB,CIN,139,108.5,16.5,92,125,CB70,NA,10.5,vs. JAC,1,2026-10-03
6284,18575,Marcus Epps,DB,PHI,140,129,35.51,79,158,S69,NA,10.4,vs. LAR,2.9,2026-10-03
8310,24541,CorDale Flott,DB,TEN,141,110.5,8.5,102,119,CB71,NA,10.4,at BAL,1,2026-10-03
1213,11260,Harrison Smith,DB,MIN,142,131,54.49,54,172,S70,NA,10.4,vs. MIA,1,2026-10-03
8389,23744,Akayleb Evans,DB,CAR,143,111,26,85,137,CB72,NA,10.3,vs. DET,0.7,2026-10-03
8305,23932,Montaric Brown,DB,JAX,144,113,13,100,126,CB73,NA,10.3,at CIN,1.2,2026-10-03
5493,17763,Charvarius Ward,DB,IND,145,113,9,104,122,CB74,NA,10.3,at WAS,0.8,2026-10-03
7419,19659,James Pierre,DB,MIN,146,116,51,65,167,CB75,NA,10.3,vs. MIA,0.6,2026-10-03
6839,19254,Jaylon Johnson,DB,CHI,147,118.5,2.5,116,121,CB76,NA,10.3,vs. NYJ,1.8,2026-10-03
6128,18524,Rock Ya-Sin,DB,DET,149,121.5,34.5,87,156,CB78,NA,10.0,at CAR,0.9,2026-10-03
11766,26450,Jarvis Brownlee,DB,NYJ,150,124,19,105,143,CB79,NA,10.0,at CHI,0.6,2026-10-03
8104,23703,Dee Alford,DB,BUF,153,131.5,10.5,121,142,CB82,NA,10.0,vs. NE,1,2026-10-03
11725,26334,Jarrian Jones,DB,JAX,154,135.5,13.5,122,149,CB83,NA,9.9,at CIN,0.9,2026-10-03
4136,16640,Rasul Douglas,DB,WAS,156,140.5,5.5,135,146,CB85,NA,9.8,vs. IND,1.6,2026-10-03
7655,23240,Asante Samuel,DB,PIT,157,141,4,137,145,CB86,NA,9.8,at CLE,0.8,2026-10-03
4238,16637,Xavier Woods,DB,CHI,158,143,5,138,148,S71,NA,9.6,vs. NYJ,0.7,2026-10-03
10906,25285,Julius Brents,DB,MIA,159,145.5,9.5,136,155,CB87,NA,9.5,at MIN,0.7,2026-10-03
1686,11769,Tony Jefferson,DB,LAC,160,146.5,12.5,134,159,S72,NA,9.5,at SEA,0.7,2026-10-03
6301,18476,Nick Scott,DB,CAR,161,147,12,135,159,S73,NA,9.4,vs. DET,3.2,2026-10-03
8496,24001,Theo Jackson,DB,MIN,164,153.5,2.5,151,156,CB90,NA,9.2,vs. MIA,1.2,2026-10-03
10932,23855,Garrett Williams,DB,ARI,166,162.5,1.5,161,164,CB92,NA,9.0,at NYG,1,2026-10-03
5051,17507,Donte Jackson,DB,LAC,167,164,6,158,170,CB93,NA,8.9,at SEA,0.6,2026-10-03
